city,cityLabel,country,countryLabel,population
http://www.wikidata.org/entity/Q11725,  Chongqing ,http://www.wikidata.org/entity/Q148,People's Republic of China,32054159
http://www.wikidata.org/entity/Q11725,CHONGQING,http://www.wikidata.org/entity/Q148,People's Republic of China,32054159
http://www.wikidata.org/entity/Q1353,delhi,http://www.wikidata.org/entity/Q668,India,26495000
http://www.wikidata.org/entity/Q1353,Delhi,http://www.wikidata.org/entity/Q668,India,26495000
http://www.wikidata.org/entity/Q1353,Delhi,http://www.wikidata.org/entity/Q668,India,26495000
http://www.wikidata.org/entity/Q1353,Delhi,http://www.wikidata.org/entity/Q668,India,26495000
http://www.wikidata.org/entity/Q8686,  Shanghai ,http://www.wikidata.org/entity/Q148,People's Republic of China,24870895
http://www.wikidata.org/entity/Q8686,Shanghai,http://www.wikidata.org/entity/Q148,People's Republic of China,24870895
http://www.wikidata.org/entity/Q8686,Shanghai,http://www.wikidata.org/entity/Q148,People's Republic of China,24870895
http://www.wikidata.org/entity/Q8686,Shanghai,http://www.wikidata.org/entity/Q148,People's Republic of China,24870895
http://www.wikidata.org/entity/Q8686,Shanghai.,http://www.wikidata.org/entity/Q148,People's Republic of China,24870895
http://www.wikidata.org/entity/Q8686,Shanghai,http://www.wikidata.org/entity/Q148,People's Republic of China,24870895
http://www.wikidata.org/entity/Q8686,  Shanghai ,http://www.wikidata.org/entity/Q148,People's Republic of China,24870895
http://www.wikidata.org/entity/Q8686,SHANGHAI,http://www.wikidata.org/entity/Q148,People's Republic of China,24870895
http://www.wikidata.org/entity/Q665894,greater mexico city,http://www.wikidata.org/entity/Q96,Mexico,21905000
http://www.wikidata.org/entity/Q956,Beijing,http://www.wikidata.org/entity/Q148,People's Republic of China,21893095
http://www.wikidata.org/entity/Q956,Beijing,http://www.wikidata.org/entity/Q148,People's Republic of China,21893095
http://www.wikidata.org/entity/Q956,Beijing,http://www.wikidata.org/entity/Q148,People's Republic of China,21893095
http://www.wikidata.org/entity/Q956,  Beijing ,http://www.wikidata.org/entity/Q148,People's Republic of China,21893095
http://www.wikidata.org/entity/Q956,Beijing,http://www.wikidata.org/entity/Q148,People's Republic of China,21893095
http://www.wikidata.org/entity/Q956,Beijing,http://www.wikidata.org/entity/Q148,People's Republic of China,21893095
http://www.wikidata.org/entity/Q956,Beijing,http://www.wikidata.org/entity/Q148,People's Republic of China,21893095
http://www.wikidata.org/entity/Q956,Beijing.,http://www.wikidata.org/entity/Q148,People's Republic of China,21893095
http://www.wikidata.org/entity/Q30002,Chengdu,http://www.wikidata.org/entity/Q148,People's Republic of China,20937757
http://www.wikidata.org/entity/Q30002,  Chengdu ,http://www.wikidata.org/entity/Q148,P.R. China,20937757
http://www.wikidata.org/entity/Q30002,CHENGDU,http://www.wikidata.org/entity/Q148,People's Republic of China,20937757
http://www.wikidata.org/entity/Q30002,chengdu,http://www.wikidata.org/entity/Q148,People's Republic of China,20937757
http://www.wikidata.org/entity/Q30002,Chengdu,http://www.wikidata.org/entity/Q148,People's Republic of China,20937757
http://www.wikidata.org/entity/Q683705,New York metropolitan area,http://www.wikidata.org/entity/Q30,United States,19940274
http://www.wikidata.org/entity/Q16572,Guangzhou,http://www.wikidata.org/entity/Q148,People's Republic of China,18676605
http://www.wikidata.org/entity/Q16572,  Guangzhou ,http://www.wikidata.org/entity/Q148,People's Republic of China,18676605
http://www.wikidata.org/entity/Q16572,Guangzhou,http://www.wikidata.org/entity/Q148,People's Republic of China,18676605
http://www.wikidata.org/entity/Q16572,Guangzhou,http://www.wikidata.org/entity/Q148,People's Republic of China,
http://www.wikidata.org/entity/Q16572,Guangzhou,http://www.wikidata.org/entity/Q148,People's Republic of China,18676605
http://www.wikidata.org/entity/Q15174,Shenzhen.,http://www.wikidata.org/entity/Q148,People's Republic of China,17494398
http://www.wikidata.org/entity/Q15174,Shenzhen,http://www.wikidata.org/entity/Q148,People's Republic of China,17494398
http://www.wikidata.org/entity/Q15174,  Shenzhen ,http://www.wikidata.org/entity/Q148,People's Republic of China,17494398
http://www.wikidata.org/entity/Q15174,SHENZHEN,http://www.wikidata.org/entity/Q148,People's Republic of China,17494398
http://www.wikidata.org/entity/Q15174,shenzhen,http://www.wikidata.org/entity/Q148,People's Republic of China,17494398
http://www.wikidata.org/entity/Q15174,Shenzhen,http://www.wikidata.org/entity/Q148, People's Republic of China ,17494398
http://www.wikidata.org/entity/Q15174,Shenzhen,http://www.wikidata.org/entity/Q148,People's Republic of China,17494398
http://www.wikidata.org/entity/Q1354,Dhaka,http://www.wikidata.org/entity/Q902,Bangladesh,16800000
http://www.wikidata.org/entity/Q1354,  Dhaka ,http://www.wikidata.org/entity/Q902,Bangladesh,16800000
http://www.wikidata.org/entity/Q1354,Dhaka,http://www.wikidata.org/entity/Q902,Bangladesh,16800000
http://www.wikidata.org/entity/Q1354,Dhaka,http://www.wikidata.org/entity/Q902,Bangladesh,16800000
http://www.wikidata.org/entity/Q1354,Dhaka,http://www.wikidata.org/entity/Q902,Bangladesh,16800000
http://www.wikidata.org/entity/Q406,Istanbul.,http://www.wikidata.org/entity/Q43,Turkey,15655924 
http://www.wikidata.org/entity/Q406,Istanbul,http://www.wikidata.org/entity/Q43,Turkey,15655924
http://www.wikidata.org/entity/Q406,  Istanbul ,http://www.wikidata.org/entity/Q43,Turkey,15655924
http://www.wikidata.org/entity/Q406,ISTANBUL,http://www.wikidata.org/entity/Q43,Turkey,15655924
http://www.wikidata.org/entity/Q406,istanbul,http://www.wikidata.org/entity/Q43,Turkey,15655924
http://www.wikidata.org/entity/Q406,Istanbul,http://www.wikidata.org/entity/Q43,Turkey,15655924
http://www.wikidata.org/entity/Q1156,Mumbai,http://www.wikidata.org/entity/Q668,India,15414288
http://www.wikidata.org/entity/Q1156,Mumbai,http://www.wikidata.org/entity/Q668,India,15414288
http://www.wikidata.org/entity/Q1156,  Mumbai ,http://www.wikidata.org/entity/Q668,India,15414288
http://www.wikidata.org/entity/Q1156,Mumbai,http://www.wikidata.org/entity/Q668,India,15414288
http://www.wikidata.org/entity/Q8673,Lagos,http://www.wikidata.org/entity/Q1033,Nigeria,15070000
http://www.wikidata.org/entity/Q8673,Lagos,http://www.wikidata.org/entity/Q1033,Nigeria,15070000
http://www.wikidata.org/entity/Q8673,Lagos.,http://www.wikidata.org/entity/Q1033,Nigeria,15070000
http://www.wikidata.org/entity/Q8673,Lagos,http://www.wikidata.org/entity/Q1033,Nigeria,15070000
http://www.wikidata.org/entity/Q8660,  Karachi ,http://www.wikidata.org/entity/Q843,Pakistan,14910352
http://www.wikidata.org/entity/Q8660,KARACHI,http://www.wikidata.org/entity/Q843,Pakistan,14910352
http://www.wikidata.org/entity/Q8660,karachi,http://www.wikidata.org/entity/Q843,Pakistan,14910352
http://www.wikidata.org/entity/Q8660,Karachi,http://www.wikidata.org/entity/Q843,Pakistan,14910352
http://www.wikidata.org/entity/Q8660,Karachi,http://www.wikidata.org/entity/Q843,Pakistan,14910352
http://www.wikidata.org/entity/Q3838,Kinshasa,http://www.wikidata.org/entity/Q974,Democratic Republic of the Congo,
http://www.wikidata.org/entity/Q3838,  Kinshasa ,http://www.wikidata.org/entity/Q974,Democratic Republic of the Congo,14565700
http://www.wikidata.org/entity/Q3838,Kinshasa,http://www.wikidata.org/entity/Q974,Democratic Republic of the Congo,14565700
http://www.wikidata.org/entity/Q3838,Kinshasa,http://www.wikidata.org/entity/Q974,Democratic Republic of the Congo,14565700
http://www.wikidata.org/entity/Q3838,Kinshasa,http://www.wikidata.org/entity/Q974,Democratic Republic of the Congo,14565700
http://www.wikidata.org/entity/Q1490,Tokyo.,http://www.wikidata.org/entity/Q17,Japan,14264798
http://www.wikidata.org/entity/Q1490,Tokyo,http://www.wikidata.org/entity/Q17,Japan,14264798
http://www.wikidata.org/entity/Q1490,  Tokyo ,http://www.wikidata.org/entity/Q17,Japan,14264798
http://www.wikidata.org/entity/Q1490,TOKYO,http://www.wikidata.org/entity/Q17,Japan,14264798
http://www.wikidata.org/entity/Q1490,tokyo,http://www.wikidata.org/entity/Q17,Japan,14264798
http://www.wikidata.org/entity/Q1490,Tokyo,http://www.wikidata.org/entity/Q17,Japan,14264798
http://www.wikidata.org/entity/Q1490,Tokyo,http://www.wikidata.org/entity/Q17,Japan,14264798
http://www.wikidata.org/entity/Q1490,Tokyo,http://www.wikidata.org/entity/Q17,Japan,14264798
http://www.wikidata.org/entity/Q1854,  Ho Chi Minh City ,http://www.wikidata.org/entity/Q881,Vietnam,14002598
http://www.wikidata.org/entity/Q1854,Ho Chi Minh City,http://www.wikidata.org/entity/Q881, Vietnam ,14002598
http://www.wikidata.org/entity/Q1854,Ho Chi Minh City,http://www.wikidata.org/entity/Q881,Vietnam,14002598
http://www.wikidata.org/entity/Q1854,Ho  Chi  Minh  City,http://www.wikidata.org/entity/Q881,Vietnam,14002598
http://www.wikidata.org/entity/Q1854,Ho Chi Minh City.,http://www.wikidata.org/entity/Q881,Vietnam,14002598
http://www.wikidata.org/entity/Q13580,Metro Manila,http://www.wikidata.org/entity/Q928,Philippines,14001751
http://www.wikidata.org/entity/Q998798,  Greater Buenos Aires ,http://www.wikidata.org/entity/Q414,Argentina,13985794
http://www.wikidata.org/entity/Q11736,TIANJIN,http://www.wikidata.org/entity/Q148,People's Republic of China,13866009
http://www.wikidata.org/entity/Q11736,tianjin,http://www.wikidata.org/entity/Q148,People's Republic of China,13866009
http://www.wikidata.org/entity/Q11736,Tianjin,http://www.wikidata.org/entity/Q148,People's Republic of China,13866009
http://www.wikidata.org/entity/Q11736,Tianjin,http://www.wikidata.org/entity/Q148,People's Republic of China,13866009
http://www.wikidata.org/entity/Q11736,Tianjin,http://www.wikidata.org/entity/Q148,People's Republic of China,13866009
http://www.wikidata.org/entity/Q11736,  Tianjin ,http://www.wikidata.org/entity/Q148,People's Republic of China,"13,866,009"
http://www.wikidata.org/entity/Q649,Moscow,http://www.wikidata.org/entity/Q159,Russia,13274285
http://www.wikidata.org/entity/Q649,Moscow,http://www.wikidata.org/entity/Q159,Russia,13274285
http://www.wikidata.org/entity/Q649,Moscow,http://www.wikidata.org/entity/Q159,Russia,13274285 
http://www.wikidata.org/entity/Q649,Moscow.,http://www.wikidata.org/entity/Q159,Russia,13274285
http://www.wikidata.org/entity/Q5826,Xi'an,http://www.wikidata.org/entity/Q148,People's Republic of China,12952907
http://www.wikidata.org/entity/Q5826,  Xi'an ,http://www.wikidata.org/entity/Q148,People's Republic of China,12952907
http://www.wikidata.org/entity/Q5826,XI'AN,http://www.wikidata.org/entity/Q148,People's Republic of China,12952907
http://www.wikidata.org/entity/Q5826,xi'an,http://www.wikidata.org/entity/Q148,People's Republic of China,
http://www.wikidata.org/entity/Q5826,Xi'An,http://www.wikidata.org/entity/Q148,China,12952907
http://www.wikidata.org/entity/Q5826,Xian,http://www.wikidata.org/entity/Q148,People's Republic of China,12952907
http://www.wikidata.org/entity/Q42622,Suzhou,http://www.wikidata.org/entity/Q148,People's Republic of China,12748262
http://www.wikidata.org/entity/Q42622,  Suzhou ,http://www.wikidata.org/entity/Q148,People's Republic of China,12748262
http://www.wikidata.org/entity/Q30340,Zhengzhou,http://www.wikidata.org/entity/Q148,People's Republic of China,12600574
http://www.wikidata.org/entity/Q30340,Zhengzhou,http://www.wikidata.org/entity/Q148,People's Republic of China,12600574
http://www.wikidata.org/entity/Q1355,Bengaluru,http://www.wikidata.org/entity/Q668,India,12327000
http://www.wikidata.org/entity/Q1355,Bengaluru.,http://www.wikidata.org/entity/Q668,India,12327000
http://www.wikidata.org/entity/Q1355,Bengaluru,http://www.wikidata.org/entity/Q668,India,12327000
http://www.wikidata.org/entity/Q1355,  Bengaluru ,http://www.wikidata.org/entity/Q668,India,12327000
http://www.wikidata.org/entity/Q1355,BENGALURU,http://www.wikidata.org/entity/Q668,India,12327000
http://www.wikidata.org/entity/Q1355,bengaluru,http://www.wikidata.org/entity/Q668,India,12327000
http://www.wikidata.org/entity/Q11746,Wuhan,http://www.wikidata.org/entity/Q148,People's Republic of China,12326518
http://www.wikidata.org/entity/Q11746,Wuhan,http://www.wikidata.org/entity/Q148,People's Republic of China,12326518
http://www.wikidata.org/entity/Q11746,Wuhan,http://www.wikidata.org/entity/Q148,People's Republic of China,12326518
http://www.wikidata.org/entity/Q4970,  Hangzhou ,http://www.wikidata.org/entity/Q148,People's Republic of China,11936010
http://www.wikidata.org/entity/Q4970,Hangzhou,http://www.wikidata.org/entity/Q148,People's Republic of China,11936010
http://www.wikidata.org/entity/Q4970,Hangzhou,http://www.wikidata.org/entity/Q148,People's Republic of China,11936010
http://www.wikidata.org/entity/Q2720540,Greater  Rio  de  Janeiro,http://www.wikidata.org/entity/Q155,Brazil,11900000
http://www.wikidata.org/entity/Q58584,Baoding.,http://www.wikidata.org/entity/Q148,People's Republic of China,11544036
http://www.wikidata.org/entity/Q58584,Baoding,http://www.wikidata.org/entity/Q148, People's Republic of China ,11544036
http://www.wikidata.org/entity/Q174,  São Paulo ,http://www.wikidata.org/entity/Q155,Brazil,11451999
http://www.wikidata.org/entity/Q174,SÃO PAULO,http://www.wikidata.org/entity/Q155,Brazil,11451999
http://www.wikidata.org/entity/Q174,são paulo,http://www.wikidata.org/entity/Q155,Brazil,11451999
http://www.wikidata.org/entity/Q174,São Paulo,http://www.wikidata.org/entity/Q155,Brazil,11451999
http://www.wikidata.org/entity/Q3630,Jakarta,http://www.wikidata.org/entity/Q252,Indonesia,11135191
http://www.wikidata.org/entity/Q3630,Jakarta,http://www.wikidata.org/entity/Q252,Indonesia,11135191
http://www.wikidata.org/entity/Q3630,  Jakarta ,http://www.wikidata.org/entity/Q252,Indonesia,11135191
http://www.wikidata.org/entity/Q3630,Jakarta,http://www.wikidata.org/entity/Q252,Indonesia,11135191
http://www.wikidata.org/entity/Q3630,Jakarta,http://www.wikidata.org/entity/Q252,Indonesia,11135191
http://www.wikidata.org/entity/Q11739,Lahore,http://www.wikidata.org/entity/Q843,Pakistan,11126285
http://www.wikidata.org/entity/Q11739,Lahore.,http://www.wikidata.org/entity/Q843,Pakistan,11126285
http://www.wikidata.org/entity/Q11739,Lahore,http://www.wikidata.org/entity/Q843,Pakistan,
http://www.wikidata.org/entity/Q11739,  Lahore ,http://www.wikidata.org/entity/Q843,Pakistan,11126285
http://www.wikidata.org/entity/Q11739,LAHORE,http://www.wikidata.org/entity/Q843,Pakistan,11126285
http://www.wikidata.org/entity/Q373346,linyi,http://www.wikidata.org/entity/Q148,People's Republic of China,11018365
http://www.wikidata.org/entity/Q58401,Shijiazhuang,http://www.wikidata.org/entity/Q148,People's Republic of China,10640458
http://www.wikidata.org/entity/Q58401,Shijiazhuang,http://www.wikidata.org/entity/Q148,People's Republic of China,10640458
http://www.wikidata.org/entity/Q59218,Dongguan,http://www.wikidata.org/entity/Q148,People's Republic of China,10466625
http://www.wikidata.org/entity/Q59218,  Dongguan ,http://www.wikidata.org/entity/Q148,People's Republic of China,10466625
http://www.wikidata.org/entity/Q30340,Zhengzhou,http://www.wikidata.org/entity/Q148,People's Republic of China,10136000
http://www.wikidata.org/entity/Q30340,Zhengzhou,http://www.wikidata.org/entity/Q148,People's Republic of China,10136000 
http://www.wikidata.org/entity/Q170322,Qingdao,http://www.wikidata.org/entity/Q148,People's Republic of China,10071722
http://www.wikidata.org/entity/Q170322,Qingdao.,http://www.wikidata.org/entity/Q148,People's Republic of China,10071722
http://www.wikidata.org/entity/Q170322,Qingdao,http://www.wikidata.org/entity/Q148,People's Republic of China,10071722
http://www.wikidata.org/entity/Q170322,  Qingdao ,http://www.wikidata.org/entity/Q148,People's Republic of China,10071722
http://www.wikidata.org/entity/Q174091,CHANGSHA,http://www.wikidata.org/entity/Q148,People's Republic of China,10047914
http://www.wikidata.org/entity/Q174091,changsha,http://www.wikidata.org/entity/Q148,People's Republic of China,10047914
http://www.wikidata.org/entity/Q42956,Harbin,http://www.wikidata.org/entity/Q148,People's Republic of China,10009854
http://www.wikidata.org/entity/Q42956,Harbin,http://www.wikidata.org/entity/Q148,People's Republic of China,10009854
http://www.wikidata.org/entity/Q2868,Lima,http://www.wikidata.org/entity/Q419,Peru,9943800
http://www.wikidata.org/entity/Q2868,  Lima ,http://www.wikidata.org/entity/Q419,Peru,9943800
http://www.wikidata.org/entity/Q2868,Lima,http://www.wikidata.org/entity/Q419,Peru,9943800
http://www.wikidata.org/entity/Q2868,Lima,http://www.wikidata.org/entity/Q419,Peru,9943800
http://www.wikidata.org/entity/Q85,Cairo,http://www.wikidata.org/entity/Q79,Egypt,9801536
http://www.wikidata.org/entity/Q85,Cairo.,http://www.wikidata.org/entity/Q79,Egypt,9801536
http://www.wikidata.org/entity/Q85,Cairo,http://www.wikidata.org/entity/Q79,Egypt,9801536
http://www.wikidata.org/entity/Q85,  Cairo ,http://www.wikidata.org/entity/Q79,Egypt,9801536
http://www.wikidata.org/entity/Q85,CAIRO,http://www.wikidata.org/entity/Q79,Egypt,9801536
http://www.wikidata.org/entity/Q85,cairo,http://www.wikidata.org/entity/Q79,Egypt,9801536
http://www.wikidata.org/entity/Q404763,Nanyang,http://www.wikidata.org/entity/Q148, People's Republic of China ,9713112
http://www.wikidata.org/entity/Q404763,Nanyang,http://www.wikidata.org/entity/Q148,People's Republic of China,9713112
http://www.wikidata.org/entity/Q8684,Seoul,http://www.wikidata.org/entity/Q884,South Korea,9668465
http://www.wikidata.org/entity/Q8684,  Seoul ,http://www.wikidata.org/entity/Q884,South Korea,9668465
http://www.wikidata.org/entity/Q8684,Seoul,http://www.wikidata.org/entity/Q884,South Korea,9668465
http://www.wikidata.org/entity/Q8684,Seoul,http://www.wikidata.org/entity/Q884,South Korea,
http://www.wikidata.org/entity/Q8684,Seoul,http://www.wikidata.org/entity/Q884,South Korea,9668465
http://www.wikidata.org/entity/Q8684,Seoul.,http://www.wikidata.org/entity/Q884,South Korea,9668465
http://www.wikidata.org/entity/Q8684,Seoul,http://www.wikidata.org/entity/Q884,South Korea,9668465
http://www.wikidata.org/entity/Q7473516,  Tokyo ,http://www.wikidata.org/entity/Q17,Japan,9640742
http://www.wikidata.org/entity/Q7473516,TOKYO,http://www.wikidata.org/entity/Q17,Japan,9640742
http://www.wikidata.org/entity/Q42635,wenzhou,http://www.wikidata.org/entity/Q148,People's Republic of China,9572903
http://www.wikidata.org/entity/Q42635,Wenzhou,http://www.wikidata.org/entity/Q148,People's Republic of China,9572903
http://www.wikidata.org/entity/Q34412,Foshan,http://www.wikidata.org/entity/Q148,People's Republic of China,9498863
http://www.wikidata.org/entity/Q34412,Foshan,http://www.wikidata.org/entity/Q148,People's Republic of China,9498863
http://www.wikidata.org/entity/Q58570,  Handan ,http://www.wikidata.org/entity/Q148,China,9413990
http://www.wikidata.org/entity/Q58570,Handan,http://www.wikidata.org/entity/Q148,People's Republic of China,9413990
http://www.wikidata.org/entity/Q42780,Ningbo,http://www.wikidata.org/entity/Q148,People's Republic of China,9404283
http://www.wikidata.org/entity/Q42780,Ningbo,http://www.wikidata.org/entity/Q148,People's Republic of China,9404283
http://www.wikidata.org/entity/Q42780,Ningbo.,http://www.wikidata.org/entity/Q148,People's Republic of China,9404283
http://www.wikidata.org/entity/Q42780,Ningbo,http://www.wikidata.org/entity/Q148,People's Republic of China,9404283
http://www.wikidata.org/entity/Q42780,  Ningbo ,http://www.wikidata.org/entity/Q148,People's Republic of China,9404283
http://www.wikidata.org/entity/Q42780,NINGBO,http://www.wikidata.org/entity/Q148,People's Republic of China,"9,404,283"
http://www.wikidata.org/entity/Q217698,weifang,http://www.wikidata.org/entity/Q148,People's Republic of China,9386705
http://www.wikidata.org/entity/Q217698,Weifang,http://www.wikidata.org/entity/Q148,People's Republic of China,9386705
http://www.wikidata.org/entity/Q185684,Hefei,http://www.wikidata.org/entity/Q148,People's Republic of China,9369881
http://www.wikidata.org/entity/Q185684,Hefei,http://www.wikidata.org/entity/Q148,People's Republic of China,9369881
http://www.wikidata.org/entity/Q16666,  Nanjing ,http://www.wikidata.org/entity/Q148,People's Republic of China,9314685
http://www.wikidata.org/entity/Q16666,Nanjing,http://www.wikidata.org/entity/Q148,People's Republic of China,9314685 
http://www.wikidata.org/entity/Q16666,Nanjing,http://www.wikidata.org/entity/Q148,People's Republic of China,9314685
http://www.wikidata.org/entity/Q16666,Nanjing,http://www.wikidata.org/entity/Q148,People's Republic of China,9314685
http://www.wikidata.org/entity/Q16666,Nanjing.,http://www.wikidata.org/entity/Q148,People's Republic of China,9314685
http://www.wikidata.org/entity/Q16666,Nanjing,http://www.wikidata.org/entity/Q148,People's Republic of China,9314685
http://www.wikidata.org/entity/Q1361,  Hyderabad ,http://www.wikidata.org/entity/Q668,India,9305000
http://www.wikidata.org/entity/Q1361,HYDERABAD,http://www.wikidata.org/entity/Q668,India,9305000
http://www.wikidata.org/entity/Q1361,hyderabad,http://www.wikidata.org/entity/Q668,India,9305000
http://www.wikidata.org/entity/Q1489,Mexico City,http://www.wikidata.org/entity/Q96,Mexico,9209944
http://www.wikidata.org/entity/Q1489,Mexico City,http://www.wikidata.org/entity/Q96,Mexico,9209944
http://www.wikidata.org/entity/Q1489,Mexico City,http://www.wikidata.org/entity/Q96,Mexico,
http://www.wikidata.org/entity/Q1489,  Mexico City ,http://www.wikidata.org/entity/Q96,Mexico,9209944
http://www.wikidata.org/entity/Q1489,Ciudad de Mexico,http://www.wikidata.org/entity/Q96, Mexico ,9209944
http://www.wikidata.org/entity/Q1489,Ciudad de Mexico,http://www.wikidata.org/entity/Q96,Mexico,9209944
http://www.wikidata.org/entity/Q1489,Mexico  City,http://www.wikidata.org/entity/Q96,Mexico,9209944
http://www.wikidata.org/entity/Q170247,Jinan.,http://www.wikidata.org/entity/Q148,People's Republic of China,9202432
http://www.wikidata.org/entity/Q170247,Jinan,http://www.wikidata.org/entity/Q148,People's Republic of China,9202432
http://www.wikidata.org/entity/Q170247,  Jinan ,http://www.wikidata.org/entity/Q148,People's Republic of China,9202432
http://www.wikidata.org/entity/Q57719,XUZHOU,http://www.wikidata.org/entity/Q148,People's Republic of China,9083790
http://www.wikidata.org/entity/Q57719,xuzhou,http://www.wikidata.org/entity/Q148,People's Republic of China,9083790
http://www.wikidata.org/entity/Q11720,Shenyang,http://www.wikidata.org/entity/Q148,People's Republic of China,9070093
http://www.wikidata.org/entity/Q11720,Shenyang,http://www.wikidata.org/entity/Q148,People's Republic of China,9070093
http://www.wikidata.org/entity/Q11720,Shenyang,http://www.wikidata.org/entity/Q148,People's Republic of China,9070093
http://www.wikidata.org/entity/Q92161,  Changchun ,http://www.wikidata.org/entity/Q148,People's Republic of China,9066906
http://www.wikidata.org/entity/Q92161,Changchun,http://www.wikidata.org/entity/Q148,People's Republic of China,9066906
http://www.wikidata.org/entity/Q92161,Changchun,http://www.wikidata.org/entity/Q148,People's Republic of China,9066906
http://www.wikidata.org/entity/Q92161,Changchun,http://www.wikidata.org/entity/Q148,People's Republic of China,9066906
http://www.wikidata.org/entity/Q198061,Zhoukou.,http://www.wikidata.org/entity/Q148,People's Republic of China,9026015
http://www.wikidata.org/entity/Q1865,Kuala Lumpur,http://www.wikidata.org/entity/Q833,Malaysia,9000280
http://www.wikidata.org/entity/Q1865,  Kuala Lumpur ,http://www.wikidata.org/entity/Q833,Malaysia,9000280
http://www.wikidata.org/entity/Q1865,KUALA LUMPUR,http://www.wikidata.org/entity/Q833,Malaysia,9000280
http://www.wikidata.org/entity/Q1865,kuala lumpur,http://www.wikidata.org/entity/Q833,Malaysia,9000280
http://www.wikidata.org/entity/Q1865,Kuala Lumpur,http://www.wikidata.org/entity/Q833,Malaysia,9000280
http://www.wikidata.org/entity/Q363166,Ganzhou,http://www.wikidata.org/entity/Q148,People's Republic of China,8970014
http://www.wikidata.org/entity/Q363166,Ganzhou,http://www.wikidata.org/entity/Q148,People's Republic of China,8970014
http://www.wikidata.org/entity/Q60,  New York City ,http://www.wikidata.org/entity/Q30,United States,8804190
http://www.wikidata.org/entity/Q60,New-York City,http://www.wikidata.org/entity/Q30,United States,8804190
http://www.wikidata.org/entity/Q60,New-York City,http://www.wikidata.org/entity/Q30,United States,8804190
http://www.wikidata.org/entity/Q60,New  York  City,http://www.wikidata.org/entity/Q30,United States,8804190
http://www.wikidata.org/entity/Q60,New York City.,http://www.wikidata.org/entity/Q30,United States,8804190
http://www.wikidata.org/entity/Q60,New York City,http://www.wikidata.org/entity/Q30,United States,8804190
http://www.wikidata.org/entity/Q60,  New York City ,http://www.wikidata.org/entity/Q30,United States,8804190
http://www.wikidata.org/entity/Q60,NEW YORK CITY,http://www.wikidata.org/entity/Q30,United States,8804190
http://www.wikidata.org/entity/Q60,new york city,http://www.wikidata.org/entity/Q30,United States,
http://www.wikidata.org/entity/Q84,London,http://www.wikidata.org/entity/Q145,United Kingdom,8799728
http://www.wikidata.org/entity/Q84,London,http://www.wikidata.org/entity/Q145,United Kingdom,8799728
http://www.wikidata.org/entity/Q84,London,http://www.wikidata.org/entity/Q145,United Kingdom,8799728
http://www.wikidata.org/entity/Q84,  London ,http://www.wikidata.org/entity/Q145,United Kingdom,8799728 
http://www.wikidata.org/entity/Q84,London,http://www.wikidata.org/entity/Q145,United Kingdom,8799728
http://www.wikidata.org/entity/Q84,London,http://www.wikidata.org/entity/Q145,United Kingdom,8799728
http://www.wikidata.org/entity/Q84,London,http://www.wikidata.org/entity/Q145,United Kingdom,8799728
http://www.wikidata.org/entity/Q332753,Heze.,http://www.wikidata.org/entity/Q148,People's Republic of China,8795939
http://www.wikidata.org/entity/Q68695,Quanzhou,http://www.wikidata.org/entity/Q148, People's Republic of China ,8782285
http://www.wikidata.org/entity/Q68695,  Quanzhou ,http://www.wikidata.org/entity/Q148,People's Republic of China,8782285
http://www.wikidata.org/entity/Q179608,NANNING,http://www.wikidata.org/entity/Q148,People's Republic of China,8741584
http://www.wikidata.org/entity/Q179608,nanning,http://www.wikidata.org/entity/Q148,People's Republic of China,8741584
http://www.wikidata.org/entity/Q1858,Hanoi,http://www.wikidata.org/entity/Q881,Vietnam,8717600
http://www.wikidata.org/entity/Q1858,Hanoi,http://www.wikidata.org/entity/Q881,Vietnam,8717600
http://www.wikidata.org/entity/Q3616,Tehran,http://www.wikidata.org/entity/Q794,Iran,8693706
http://www.wikidata.org/entity/Q3616,  Tehran ,http://www.wikidata.org/entity/Q794,Iran,8693706
http://www.wikidata.org/entity/Q3616,Tehran,http://www.wikidata.org/entity/Q794,Iran,8693706
http://www.wikidata.org/entity/Q182852,Kunming,http://www.wikidata.org/entity/Q148,People's Republic of China,8460088
http://www.wikidata.org/entity/Q182852,Kunming,http://www.wikidata.org/entity/Q148,P.R. China,8460088
http://www.wikidata.org/entity/Q1858,Hanoi.,http://www.wikidata.org/entity/Q881,Vietnam,8435650
http://www.wikidata.org/entity/Q1858,Hanoi,http://www.wikidata.org/entity/Q881,Vietnam,8435650
http://www.wikidata.org/entity/Q372791,  Jining ,http://www.wikidata.org/entity/Q148,People's Republic of China,8357897
http://www.wikidata.org/entity/Q372791,JINING,http://www.wikidata.org/entity/Q148,People's Republic of China,8357897
http://www.wikidata.org/entity/Q1858,hanoi,http://www.wikidata.org/entity/Q881,Vietnam,8330800
http://www.wikidata.org/entity/Q1858,Hanoi,http://www.wikidata.org/entity/Q881,Vietnam,8330800
http://www.wikidata.org/entity/Q68481,Fuzhou,http://www.wikidata.org/entity/Q148,People's Republic of China,8291268
http://www.wikidata.org/entity/Q68481,Fuzhou,http://www.wikidata.org/entity/Q148,People's Republic of China,8291268
http://www.wikidata.org/entity/Q68481,  Fuzhou ,http://www.wikidata.org/entity/Q148,People's Republic of China,8291268
http://www.wikidata.org/entity/Q1858,Hanoi,http://www.wikidata.org/entity/Q881,Vietnam,8246600
http://www.wikidata.org/entity/Q1858,Hanoi,http://www.wikidata.org/entity/Q881,Vietnam,8246600
http://www.wikidata.org/entity/Q360584,Fuyang,http://www.wikidata.org/entity/Q148,People's Republic of China,8200264
http://www.wikidata.org/entity/Q360584,Fuyang.,http://www.wikidata.org/entity/Q148,People's Republic of China,8200264
http://www.wikidata.org/entity/Q1530,Baghdad,http://www.wikidata.org/entity/Q796,Iraq,
http://www.wikidata.org/entity/Q1530,  Baghdad ,http://www.wikidata.org/entity/Q796,Iraq,8126755
http://www.wikidata.org/entity/Q1530,BAGHDAD,http://www.wikidata.org/entity/Q796,Iraq,8126755
http://www.wikidata.org/entity/Q2841,bogotá,http://www.wikidata.org/entity/Q739,Colombia,8034649
http://www.wikidata.org/entity/Q2841,Bogotá,http://www.wikidata.org/entity/Q739,Colombia,8034649
http://www.wikidata.org/entity/Q2841,Bogotá,http://www.wikidata.org/entity/Q739,Colombia,8034649
http://www.wikidata.org/entity/Q404817,Shangqiu,http://www.wikidata.org/entity/Q148,People's Republic of China,7816831
http://www.wikidata.org/entity/Q404817,  Shangqiu ,http://www.wikidata.org/entity/Q1065073,Song,7816831
http://www.wikidata.org/entity/Q404817,Shangqiu,http://www.wikidata.org/entity/Q148,People's Republic of China,7816831
http://www.wikidata.org/entity/Q404817,Shangqiu,http://www.wikidata.org/entity/Q1065073,Song,"7,816,831"
http://www.wikidata.org/entity/Q1858,Hanoi,http://www.wikidata.org/entity/Q881,Vietnam,7785000
http://www.wikidata.org/entity/Q1858,Hanoi.,http://www.wikidata.org/entity/Q881,Vietnam,7785000
http://www.wikidata.org/entity/Q57947,Nantong,http://www.wikidata.org/entity/Q148,People's Republic of China,7726635
http://www.wikidata.org/entity/Q57947,  Nantong ,http://www.wikidata.org/entity/Q148,People's Republic of China,7726635
http://www.wikidata.org/entity/Q58422,TANGSHAN,http://www.wikidata.org/entity/Q148,People's Republic of China,7717983
http://www.wikidata.org/entity/Q58422,tangshan,http://www.wikidata.org/entity/Q148,People's Republic of China,7717983
http://www.wikidata.org/entity/Q1070,Ahmedabad,http://www.wikidata.org/entity/Q668, India ,7645000
http://www.wikidata.org/entity/Q1070,Ahmedabad,http://www.wikidata.org/entity/Q668,India,7645000
http://www.wikidata.org/entity/Q42780,Ningbo,http://www.wikidata.org/entity/Q148,People's Republic of China,7639000 
http://www.wikidata.org/entity/Q42780,  Ningbo ,http://www.wikidata.org/entity/Q148,People's Republic of China,7639000
http://www.wikidata.org/entity/Q42780,Ningbo,http://www.wikidata.org/entity/Q148,People's Republic of China,7639000
http://www.wikidata.org/entity/Q42780,Ningbo,http://www.wikidata.org/entity/Q148,People's Republic of China,7639000
http://www.wikidata.org/entity/Q42780,Ningbo,http://www.wikidata.org/entity/Q148,People's Republic of China,7639000
http://www.wikidata.org/entity/Q42780,Ningbo.,http://www.wikidata.org/entity/Q148,People's Republic of China,7639000
http://www.wikidata.org/entity/Q1858,Hanoi,http://www.wikidata.org/entity/Q881,Vietnam,7587800
http://www.wikidata.org/entity/Q1858,  Hanoi ,http://www.wikidata.org/entity/Q881,Vietnam,7587800
http://www.wikidata.org/entity/Q42651,WUXI,http://www.wikidata.org/entity/Q148,People's Republic of China,7462135
http://www.wikidata.org/entity/Q42651,wuxi,http://www.wikidata.org/entity/Q148,People's Republic of China,7462135
http://www.wikidata.org/entity/Q74881,Dalian,http://www.wikidata.org/entity/Q148,People's Republic of China,7450785
http://www.wikidata.org/entity/Q74881,Dalian,http://www.wikidata.org/entity/Q148,People's Republic of China,7450785
http://www.wikidata.org/entity/Q74881,Dalian,http://www.wikidata.org/entity/Q148,People's Republic of China,7450785
http://www.wikidata.org/entity/Q74881,  Dalian ,http://www.wikidata.org/entity/Q148,People's Republic of China,7450785
http://www.wikidata.org/entity/Q8646,Hong Kong,http://www.wikidata.org/entity/Q148,People's Republic of China,7413070
http://www.wikidata.org/entity/Q8646,Hong Kong,http://www.wikidata.org/entity/Q148,People's Republic of China,
http://www.wikidata.org/entity/Q8646,Hong  Kong,http://www.wikidata.org/entity/Q148,People's Republic of China,7413070
http://www.wikidata.org/entity/Q8646,Hong Kong.,http://www.wikidata.org/entity/Q148,People's Republic of China,7413070
http://www.wikidata.org/entity/Q8646,Hong Kong,http://www.wikidata.org/entity/Q148,PRC,7413070
http://www.wikidata.org/entity/Q58695,  Cangzhou ,http://www.wikidata.org/entity/Q148,People's Republic of China,7300783
http://www.wikidata.org/entity/Q58695,CANGZHOU,http://www.wikidata.org/entity/Q148,People's Republic of China,7300783
http://www.wikidata.org/entity/Q58576,xingtai,http://www.wikidata.org/entity/Q148,People's Republic of China,7111106
http://www.wikidata.org/entity/Q210493,Yantai,http://www.wikidata.org/entity/Q148,People's Republic of China,7102116
http://www.wikidata.org/entity/Q210493,Yantai,http://www.wikidata.org/entity/Q148,People's Republic of China,7102116
http://www.wikidata.org/entity/Q187136,Luoyang,http://www.wikidata.org/entity/Q148,People's Republic of China,7056699
http://www.wikidata.org/entity/Q187136,  Luoyang ,http://www.wikidata.org/entity/Q148,People's Republic of China,7056699
http://www.wikidata.org/entity/Q58210,Jinhua,http://www.wikidata.org/entity/Q148,People's Republic of China,7050683
http://www.wikidata.org/entity/Q58210,Jinhua,http://www.wikidata.org/entity/Q148,People's Republic of China,7050683
http://www.wikidata.org/entity/Q3692,Riyadh,http://www.wikidata.org/entity/Q851,Saudi Arabia,7009100
http://www.wikidata.org/entity/Q3692,Riyadh.,http://www.wikidata.org/entity/Q851,Saudi Arabia,7009100
http://www.wikidata.org/entity/Q3692,Riyadh,http://www.wikidata.org/entity/Q851,Saudi Arabia,7009100
http://www.wikidata.org/entity/Q198240,  Zhumadian ,http://www.wikidata.org/entity/Q148,People's Republic of China,7008427
http://www.wikidata.org/entity/Q59144,ZHANJIANG,http://www.wikidata.org/entity/Q148,People's Republic of China,6981236
http://www.wikidata.org/entity/Q59144,zhanjiang,http://www.wikidata.org/entity/Q148,People's Republic of China,6981236
http://www.wikidata.org/entity/Q486319,Bijie,http://www.wikidata.org/entity/Q148,People's Republic of China,6899636
http://www.wikidata.org/entity/Q486319,Bijie,http://www.wikidata.org/entity/Q148,People's Republic of China,6899636
http://www.wikidata.org/entity/Q37995,Yangon,http://www.wikidata.org/entity/Q836,Myanmar,6874000
http://www.wikidata.org/entity/Q37995,  Yangon ,http://www.wikidata.org/entity/Q836,Myanmar,6874000
http://www.wikidata.org/entity/Q37995,Yangon,http://www.wikidata.org/entity/Q836, Myanmar ,6874000
http://www.wikidata.org/entity/Q37995,Yangon,http://www.wikidata.org/entity/Q836,Myanmar,6874000
http://www.wikidata.org/entity/Q57866,Yancheng,http://www.wikidata.org/entity/Q148,People's Republic of China,6709629
http://www.wikidata.org/entity/Q57866,Yancheng.,http://www.wikidata.org/entity/Q148,People's Republic of China,6709629
http://www.wikidata.org/entity/Q144663,Hengyang,http://www.wikidata.org/entity/Q148,People's Republic of China,6645243
http://www.wikidata.org/entity/Q144663,  Hengyang ,http://www.wikidata.org/entity/Q8733,Qing dynasty,6645243
http://www.wikidata.org/entity/Q144663,HENGYANG,http://www.wikidata.org/entity/Q148,People's Republic of China,6645243
http://www.wikidata.org/entity/Q144663,hengyang,http://www.wikidata.org/entity/Q8733,Qing dynasty,6645243
http://www.wikidata.org/entity/Q58273,Taizhou,http://www.wikidata.org/entity/Q148,People's Republic of China,6622888
http://www.wikidata.org/entity/Q58273,Taizhou,http://www.wikidata.org/entity/Q148,People's Republic of China,6622888 
http://www.wikidata.org/entity/Q28994,Zunyi,http://www.wikidata.org/entity/Q148,People's Republic of China,
http://www.wikidata.org/entity/Q28994,  Zunyi ,http://www.wikidata.org/entity/Q148,People's Republic of China,6606675
http://www.wikidata.org/entity/Q1352,Chennai,http://www.wikidata.org/entity/Q668,India,6599000
http://www.wikidata.org/entity/Q1352,Chennai,http://www.wikidata.org/entity/Q668,India,6599000
http://www.wikidata.org/entity/Q1352,Chennai,http://www.wikidata.org/entity/Q668,India,6599000
http://www.wikidata.org/entity/Q194531,Shaoyang.,http://www.wikidata.org/entity/Q148,People's Republic of China,6563520
http://www.wikidata.org/entity/Q194531,Shaoyang,http://www.wikidata.org/entity/Q148,People's Republic of China,6563520
http://www.wikidata.org/entity/Q363479,  Shangrao ,http://www.wikidata.org/entity/Q148,People's Republic of China,6491088
http://www.wikidata.org/entity/Q71355,HUANGGANG,http://www.wikidata.org/entity/Q148,People's Republic of China,6333000
http://www.wikidata.org/entity/Q71355,huanggang,http://www.wikidata.org/entity/Q148,People's Republic of China,6333000
http://www.wikidata.org/entity/Q38927,Maoming,http://www.wikidata.org/entity/Q148,People's Republic of China,6313200
http://www.wikidata.org/entity/Q38927,Maoming,http://www.wikidata.org/entity/Q148,People's Republic of China,6313200
http://www.wikidata.org/entity/Q28994,Zunyi,http://www.wikidata.org/entity/Q148,People's Republic of China,6270700
http://www.wikidata.org/entity/Q28994,  Zunyi ,http://www.wikidata.org/entity/Q148,People's Republic of China,6270700
http://www.wikidata.org/entity/Q2887,Santiago,http://www.wikidata.org/entity/Q298,Chile,6257516
http://www.wikidata.org/entity/Q2887,Santiago,http://www.wikidata.org/entity/Q298,Chile,6257516
http://www.wikidata.org/entity/Q2887,Santiago,http://www.wikidata.org/entity/Q298,Chile,6257516
http://www.wikidata.org/entity/Q2887,Santiago.,http://www.wikidata.org/entity/Q298,Chile,6257516
http://www.wikidata.org/entity/Q171943,Nanchang,http://www.wikidata.org/entity/Q148,People's Republic of China,6255007
http://www.wikidata.org/entity/Q171943,  Nanchang ,http://www.wikidata.org/entity/Q148,People's Republic of China,6255007
http://www.wikidata.org/entity/Q404362,XINXIANG,http://www.wikidata.org/entity/Q148,China,6251929
http://www.wikidata.org/entity/Q404362,xinxiang,http://www.wikidata.org/entity/Q148,People's Republic of China,6251929
http://www.wikidata.org/entity/Q404873,Xinyang,http://www.wikidata.org/entity/Q148,People's Republic of China,6234401
http://www.wikidata.org/entity/Q404873,Xinyang,http://www.wikidata.org/entity/Q148,People's Republic of China,6234401
http://www.wikidata.org/entity/Q8678,Rio de Janeiro,http://www.wikidata.org/entity/Q155,Brazil,6211223
http://www.wikidata.org/entity/Q8678,  Rio de Janeiro ,http://www.wikidata.org/entity/Q155,Brazil,6211223
http://www.wikidata.org/entity/Q1538,Pune,http://www.wikidata.org/entity/Q668,India,6200000
http://www.wikidata.org/entity/Q1538,Pune,http://www.wikidata.org/entity/Q668,India,6200000
http://www.wikidata.org/entity/Q38927,Maoming,http://www.wikidata.org/entity/Q148,People's Republic of China,6174050
http://www.wikidata.org/entity/Q38927,Maoming.,http://www.wikidata.org/entity/Q148,People's Republic of China,6174050
http://www.wikidata.org/entity/Q59173,Huizhou,http://www.wikidata.org/entity/Q148, People's Republic of China ,6042852
http://www.wikidata.org/entity/Q59173,  Huizhou ,http://www.wikidata.org/entity/Q148,People's Republic of China,6042852
http://www.wikidata.org/entity/Q192271,GUIYANG,http://www.wikidata.org/entity/Q148,People's Republic of China,5987018
http://www.wikidata.org/entity/Q192271,guiyang,http://www.wikidata.org/entity/Q148,People's Republic of China,
http://www.wikidata.org/entity/Q58273,Taizhou,http://www.wikidata.org/entity/Q148,People's Republic of China,"5,968,838"
http://www.wikidata.org/entity/Q58273,Taizhou,http://www.wikidata.org/entity/Q148,People's Republic of China,5968838
http://www.wikidata.org/entity/Q162442,Prayagraj,http://www.wikidata.org/entity/Q668,India,5954391
http://www.wikidata.org/entity/Q162442,  Prayagraj ,http://www.wikidata.org/entity/Q668,India,5954391
http://www.wikidata.org/entity/Q373564,Liaocheng,http://www.wikidata.org/entity/Q148,People's Republic of China,5952128
http://www.wikidata.org/entity/Q373564,Liaocheng,http://www.wikidata.org/entity/Q148,People's Republic of China,5952128
http://www.wikidata.org/entity/Q4629,Surat,http://www.wikidata.org/entity/Q668,India,5935000
http://www.wikidata.org/entity/Q4629,Surat.,http://www.wikidata.org/entity/Q668,India,5935000
http://www.wikidata.org/entity/Q71355,Huanggang,http://www.wikidata.org/entity/Q148,People's Republic of China,5882719
http://www.wikidata.org/entity/Q71355,  Huanggang ,http://www.wikidata.org/entity/Q148,People's Republic of China,5882719
http://www.wikidata.org/entity/Q334,SINGAPORE,http://www.wikidata.org/entity/Q334,Singapore,5866139
http://www.wikidata.org/entity/Q334,singapore,http://www.wikidata.org/entity/Q334,Singapore,5866139
http://www.wikidata.org/entity/Q334,Singapore,http://www.wikidata.org/entity/Q334,Singapore,5866139 
http://www.wikidata.org/entity/Q334,Singapore,http://www.wikidata.org/entity/Q334,Singapore,5866139
http://www.wikidata.org/entity/Q334,Singapore,http://www.wikidata.org/entity/Q334,Singapore,5866139
http://www.wikidata.org/entity/Q334,  Singapore ,http://www.wikidata.org/entity/Q334,Singapore,5866139
http://www.wikidata.org/entity/Q334,Singapore,http://www.wikidata.org/entity/Q334,Singapore,5866139
http://www.wikidata.org/entity/Q571918,Yulin,http://www.wikidata.org/entity/Q148,People's Republic of China,5849700
http://www.wikidata.org/entity/Q571918,Yulin,http://www.wikidata.org/entity/Q148,People's Republic of China,5849700
http://www.wikidata.org/entity/Q416544,Changde.,http://www.wikidata.org/entity/Q148,People's Republic of China,5827200
http://www.wikidata.org/entity/Q416544,Changde,http://www.wikidata.org/entity/Q148,People's Republic of China,5827200
http://www.wikidata.org/entity/Q3640,  Ankara ,http://www.wikidata.org/entity/Q43,Turkey,5803482
http://www.wikidata.org/entity/Q3640,ANKARA,http://www.wikidata.org/entity/Q43,Turkey,5803482
http://www.wikidata.org/entity/Q151958,yueyang,http://www.wikidata.org/entity/Q148,People's Republic of China,5797100
http://www.wikidata.org/entity/Q151958,Yueyang,http://www.wikidata.org/entity/Q148,People's Republic of China,5797100
http://www.wikidata.org/entity/Q571918,Yulin,http://www.wikidata.org/entity/Q148,People's Republic of China,5796766
http://www.wikidata.org/entity/Q571918,Yulin,http://www.wikidata.org/entity/Q148,People's Republic of China,5796766
http://www.wikidata.org/entity/Q496405,  Qujing ,http://www.wikidata.org/entity/Q148,People's Republic of China,5765775
http://www.wikidata.org/entity/Q496405,Qujing,http://www.wikidata.org/entity/Q148,People's Republic of China,5765775
http://www.wikidata.org/entity/Q404362,Xinxiang,http://www.wikidata.org/entity/Q148,People's Republic of China,5708191
http://www.wikidata.org/entity/Q404362,Xinxiang,http://www.wikidata.org/entity/Q148,People's Republic of China,5708191
http://www.wikidata.org/entity/Q3624,Addis Ababa.,http://www.wikidata.org/entity/Q115,Ethiopia,5704000
http://www.wikidata.org/entity/Q3624,Addis Ababa,http://www.wikidata.org/entity/Q115,Ethiopia,
http://www.wikidata.org/entity/Q3624,  Addis Ababa ,http://www.wikidata.org/entity/Q115,Ethiopia,5704000
http://www.wikidata.org/entity/Q125378,PUDONG,http://www.wikidata.org/entity/Q148,People's Republic of China,5681512
http://www.wikidata.org/entity/Q71284,xiangyang,http://www.wikidata.org/entity/Q148,People's Republic of China,5680000
http://www.wikidata.org/entity/Q71284,Xiangyang,http://www.wikidata.org/entity/Q148, China ,5680000
http://www.wikidata.org/entity/Q1861,Bangkok,http://www.wikidata.org/entity/Q869,Thailand,5676648
http://www.wikidata.org/entity/Q1861,Bangkok,http://www.wikidata.org/entity/Q841364,Ayutthaya Kingdom,5676648
http://www.wikidata.org/entity/Q1861,  Bangkok ,http://www.wikidata.org/entity/Q1062422,Konbaung dynasty,5676648
http://www.wikidata.org/entity/Q1861,Bangkok,http://www.wikidata.org/entity/Q1115291,Thonburi Kingdom,5676648
http://www.wikidata.org/entity/Q1861,Bangkok,http://www.wikidata.org/entity/Q1155700,Rattanakosin Kingdom,5676648
http://www.wikidata.org/entity/Q1861,Bangkok,http://www.wikidata.org/entity/Q869,Thailand,5676648
http://www.wikidata.org/entity/Q1861,Bangkok.,http://www.wikidata.org/entity/Q841364,Ayutthaya Kingdom,5676648
http://www.wikidata.org/entity/Q1861,Bangkok,http://www.wikidata.org/entity/Q1062422,Konbaung dynasty,5676648
http://www.wikidata.org/entity/Q1861,  Bangkok ,http://www.wikidata.org/entity/Q1115291,Thonburi Kingdom,5676648
http://www.wikidata.org/entity/Q1861,BANGKOK,http://www.wikidata.org/entity/Q1155700,Rattanakosin Kingdom,5676648
http://www.wikidata.org/entity/Q1861,bangkok,http://www.wikidata.org/entity/Q869,Thailand,5676648
http://www.wikidata.org/entity/Q1861,Bangkok,http://www.wikidata.org/entity/Q841364,Ayutthaya Kingdom,5676648
http://www.wikidata.org/entity/Q1861,Bangkok,http://www.wikidata.org/entity/Q1062422,Konbaung dynasty,5676648
http://www.wikidata.org/entity/Q1861,Bangkok,http://www.wikidata.org/entity/Q1115291,Thonburi Kingdom,5676648
http://www.wikidata.org/entity/Q1861,  Bangkok ,http://www.wikidata.org/entity/Q1155700,Rattanakosin Kingdom,5676648
http://www.wikidata.org/entity/Q1861,Bangkok,http://www.wikidata.org/entity/Q869,Thailand,5676648
http://www.wikidata.org/entity/Q1861,Bangkok,http://www.wikidata.org/entity/Q841364,Ayutthaya Kingdom,5676648
http://www.wikidata.org/entity/Q1861,Bangkok,http://www.wikidata.org/entity/Q1062422,Konbaung dynasty,5676648
http://www.wikidata.org/entity/Q1861,Bangkok.,http://www.wikidata.org/entity/Q1115291,Thonburi Kingdom,5676648
http://www.wikidata.org/entity/Q1861,Bangkok,http://www.wikidata.org/entity/Q1155700,Rattanakosin Kingdom,5676648
http://www.wikidata.org/entity/Q1861,  Bangkok ,http://www.wikidata.org/entity/Q869,Thailand,5676648
http://www.wikidata.org/entity/Q1861,BANGKOK,http://www.wikidata.org/entity/Q841364,Ayutthaya Kingdom,5676648
http://www.wikidata.org/entity/Q1861,bangkok,http://www.wikidata.org/entity/Q1062422,Konbaung dynasty,5676648 
http://www.wikidata.org/entity/Q1861,Bangkok,http://www.wikidata.org/entity/Q1115291,Thonburi Kingdom,5676648
http://www.wikidata.org/entity/Q1861,Bangkok,http://www.wikidata.org/entity/Q1155700,Rattanakosin Kingdom,5676648
http://www.wikidata.org/entity/Q1861,Bangkok,http://www.wikidata.org/entity/Q869,Thailand,5676648
http://www.wikidata.org/entity/Q1861,  Bangkok ,http://www.wikidata.org/entity/Q841364,Ayutthaya Kingdom,5676648
http://www.wikidata.org/entity/Q1861,Bangkok,http://www.wikidata.org/entity/Q1062422,Konbaung dynasty,5676648
http://www.wikidata.org/entity/Q1861,Bangkok,http://www.wikidata.org/entity/Q1115291,Thonburi Kingdom,
http://www.wikidata.org/entity/Q1861,Bangkok,http://www.wikidata.org/entity/Q1155700,Rattanakosin Kingdom,5676648
http://www.wikidata.org/entity/Q656,Saint Petersburg.,http://www.wikidata.org/entity/Q159,Russia,5652922
http://www.wikidata.org/entity/Q656,Saint Petersburg,http://www.wikidata.org/entity/Q159,Russia,5652922
http://www.wikidata.org/entity/Q656,  Saint Petersburg ,http://www.wikidata.org/entity/Q159,Russia,5652922
http://www.wikidata.org/entity/Q656,SAINT PETERSBURG,http://www.wikidata.org/entity/Q159,Russia,5652922
http://www.wikidata.org/entity/Q656,saint petersburg,http://www.wikidata.org/entity/Q159,Russia,5652922
http://www.wikidata.org/entity/Q1515,Abidjan,http://www.wikidata.org/entity/Q1008,Ivory Coast,5616633
http://www.wikidata.org/entity/Q1515,Abidjan,http://www.wikidata.org/entity/Q1008,Ivory Coast,5616633
http://www.wikidata.org/entity/Q162880,Dezhou,http://www.wikidata.org/entity/Q148,People's Republic of China,5611194
http://www.wikidata.org/entity/Q162880,  Dezhou ,http://www.wikidata.org/entity/Q148,People's Republic of China,5611194
http://www.wikidata.org/entity/Q426996,Nanchong,http://www.wikidata.org/entity/Q148, People's Republic of China ,5607565
http://www.wikidata.org/entity/Q426996,Nanchong,http://www.wikidata.org/entity/Q148,People's Republic of China,5607565
http://www.wikidata.org/entity/Q26323,Jieyang,http://www.wikidata.org/entity/Q148,People's Republic of China,5577814
http://www.wikidata.org/entity/Q26323,Jieyang.,http://www.wikidata.org/entity/Q148,People's Republic of China,5577814
http://www.wikidata.org/entity/Q363326,Yichun,http://www.wikidata.org/entity/Q148,People's Republic of China,5573200
http://www.wikidata.org/entity/Q71247,  Jingzhou ,http://www.wikidata.org/entity/Q148,People's Republic of China,5570100
http://www.wikidata.org/entity/Q71247,JINGZHOU,http://www.wikidata.org/entity/Q148,People's Republic of China,5570100
http://www.wikidata.org/entity/Q3870,nairobi,http://www.wikidata.org/entity/Q114,Kenya,5545000
http://www.wikidata.org/entity/Q59100,Shantou,http://www.wikidata.org/entity/Q148,People's Republic of China,5502031
http://www.wikidata.org/entity/Q59100,Shantou,http://www.wikidata.org/entity/Q148,People's Republic of China,5502031
http://www.wikidata.org/entity/Q324293,Anyang,http://www.wikidata.org/entity/Q148,China,5477614
http://www.wikidata.org/entity/Q324293,  Anyang ,http://www.wikidata.org/entity/Q148,People's Republic of China,5477614
http://www.wikidata.org/entity/Q217681,Tai'an,http://www.wikidata.org/entity/Q148,People's Republic of China,5472217
http://www.wikidata.org/entity/Q217681,Tai'an,http://www.wikidata.org/entity/Q148,People's Republic of China,5472217
http://www.wikidata.org/entity/Q427488,Dazhou,http://www.wikidata.org/entity/Q148,People's Republic of China,5468097
http://www.wikidata.org/entity/Q427488,Dazhou.,http://www.wikidata.org/entity/Q148,People's Republic of China,"5,468,097"
http://www.wikidata.org/entity/Q58710,Langfang,http://www.wikidata.org/entity/Q148,People's Republic of China,5464087
http://www.wikidata.org/entity/Q58710,  Langfang ,http://www.wikidata.org/entity/Q148,People's Republic of China,5464087
http://www.wikidata.org/entity/Q3130,SYDNEY,http://www.wikidata.org/entity/Q408,Australia,5450496
http://www.wikidata.org/entity/Q3130,sydney,http://www.wikidata.org/entity/Q408,Australia,5450496
http://www.wikidata.org/entity/Q3130,Sydney,http://www.wikidata.org/entity/Q408,Australia,5450496
http://www.wikidata.org/entity/Q3130,Sydney,http://www.wikidata.org/entity/Q408,Australia,5450496
http://www.wikidata.org/entity/Q3130,Sydney,http://www.wikidata.org/entity/Q408,Australia,
http://www.wikidata.org/entity/Q3130,  Sydney ,http://www.wikidata.org/entity/Q408,Australia,5450496
http://www.wikidata.org/entity/Q3130,Sydney,http://www.wikidata.org/entity/Q408,Australia,5450496
http://www.wikidata.org/entity/Q349985,Suihua,http://www.wikidata.org/entity/Q148,People's Republic of China,5418153
http://www.wikidata.org/entity/Q349985,Suihua,http://www.wikidata.org/entity/Q148,People's Republic of China,5418153
http://www.wikidata.org/entity/Q58178,Jiaxing.,http://www.wikidata.org/entity/Q148,People's Republic of China,5400868
http://www.wikidata.org/entity/Q58178,Jiaxing,http://www.wikidata.org/entity/Q148,People's Republic of China,5400868
http://www.wikidata.org/entity/Q427488,  Dazhou ,http://www.wikidata.org/entity/Q148,People's Republic of China,5385422
http://www.wikidata.org/entity/Q427488,DAZHOU,http://www.wikidata.org/entity/Q148,People's Republic of China,5385422 
http://www.wikidata.org/entity/Q205922,qiqihar,http://www.wikidata.org/entity/Q148,People's Republic of China,5367003
http://www.wikidata.org/entity/Q205922,Qiqihar,http://www.wikidata.org/entity/Q148,People's Republic of China,5367003
http://www.wikidata.org/entity/Q87,Alexandria,http://www.wikidata.org/entity/Q79,Egypt,5362517
http://www.wikidata.org/entity/Q87,Alexandria,http://www.wikidata.org/entity/Q79,Egypt,5362517
http://www.wikidata.org/entity/Q87,  Alexandria ,http://www.wikidata.org/entity/Q79,Egypt,5362517
http://www.wikidata.org/entity/Q87,Alexandria,http://www.wikidata.org/entity/Q79,Egypt,5362517
http://www.wikidata.org/entity/Q58210,Jinhua,http://www.wikidata.org/entity/Q148,People's Republic of China,5361572
http://www.wikidata.org/entity/Q58210,Jinhua,http://www.wikidata.org/entity/Q148,People's Republic of China,5361572
http://www.wikidata.org/entity/Q3141,Melbourne.,http://www.wikidata.org/entity/Q408,Australia,5350705
http://www.wikidata.org/entity/Q3141,Melbourne,http://www.wikidata.org/entity/Q408, Australia ,5350705
http://www.wikidata.org/entity/Q3141,  Melbourne ,http://www.wikidata.org/entity/Q408,Australia,5350705
http://www.wikidata.org/entity/Q3141,MELBOURNE,http://www.wikidata.org/entity/Q408,Australia,5350705
http://www.wikidata.org/entity/Q3141,melbourne,http://www.wikidata.org/entity/Q408,Australia,5350705
http://www.wikidata.org/entity/Q1963,Khartoum,http://www.wikidata.org/entity/Q1049,Sudan,5345000
http://www.wikidata.org/entity/Q1963,Khartoum,http://www.wikidata.org/entity/Q1049,Sudan,5345000
http://www.wikidata.org/entity/Q1963,Khartoum,http://www.wikidata.org/entity/Q1049,Sudan,5345000
http://www.wikidata.org/entity/Q5838,  Kabul ,http://www.wikidata.org/entity/Q889,Afghanistan,5333284
http://www.wikidata.org/entity/Q360643,Suzhou,http://www.wikidata.org/entity/Q148,People's Republic of China,5324476
http://www.wikidata.org/entity/Q360643,Suzhou,http://www.wikidata.org/entity/Q148,People's Republic of China,5324476
http://www.wikidata.org/entity/Q72778,Taiyuan,http://www.wikidata.org/entity/Q148,People's Republic of China,5304061
http://www.wikidata.org/entity/Q72778,Taiyuan.,http://www.wikidata.org/entity/Q148,People's Republic of China,5304061
http://www.wikidata.org/entity/Q266014,Yongzhou,http://www.wikidata.org/entity/Q148,People's Republic of China,5289824
http://www.wikidata.org/entity/Q266014,  Yongzhou ,http://www.wikidata.org/entity/Q148,People's Republic of China,5289824
http://www.wikidata.org/entity/Q416544,CHANGDE,http://www.wikidata.org/entity/Q148,People's Republic of China,5279102
http://www.wikidata.org/entity/Q416544,changde,http://www.wikidata.org/entity/Q148,People's Republic of China,
http://www.wikidata.org/entity/Q57970,Changzhou,http://www.wikidata.org/entity/Q148,People's Republic of China,5278121
http://www.wikidata.org/entity/Q57970,Changzhou,http://www.wikidata.org/entity/Q148,People's Republic of China,5278121
http://www.wikidata.org/entity/Q42666,Shaoxing,http://www.wikidata.org/entity/Q148,People's Republic of China,5270977
http://www.wikidata.org/entity/Q42666,  Shaoxing ,http://www.wikidata.org/entity/Q148,People's Republic of China,5270977
http://www.wikidata.org/entity/Q71284,Xiangyang,http://www.wikidata.org/entity/Q148,P.R. China,5260951
http://www.wikidata.org/entity/Q71284,Xiangyang,http://www.wikidata.org/entity/Q148,People's Republic of China,5260951
http://www.wikidata.org/entity/Q71247,Jingzhou,http://www.wikidata.org/entity/Q148,People's Republic of China,5231180
http://www.wikidata.org/entity/Q71247,Jingzhou.,http://www.wikidata.org/entity/Q148,People's Republic of China,5231180
http://www.wikidata.org/entity/Q68744,Xiamen,http://www.wikidata.org/entity/Q148,People's Republic of China,5163970
http://www.wikidata.org/entity/Q68744,  Xiamen ,http://www.wikidata.org/entity/Q148,People's Republic of China,5163970
http://www.wikidata.org/entity/Q68744,XIAMEN,http://www.wikidata.org/entity/Q148,People's Republic of China,5163970
http://www.wikidata.org/entity/Q68744,xiamen,http://www.wikidata.org/entity/Q148,People's Republic of China,5163970
http://www.wikidata.org/entity/Q73073,Yuncheng,http://www.wikidata.org/entity/Q148,People's Republic of China,5134779
http://www.wikidata.org/entity/Q197519,Zhaotong,http://www.wikidata.org/entity/Q148,People's Republic of China,5092611
http://www.wikidata.org/entity/Q197519,Zhaotong,http://www.wikidata.org/entity/Q148,People's Republic of China,5092611
http://www.wikidata.org/entity/Q189633,  Guilin ,http://www.wikidata.org/entity/Q148,People's Republic of China,5085500
http://www.wikidata.org/entity/Q189633,Guilin,http://www.wikidata.org/entity/Q148,People's Republic of China,5085500
http://www.wikidata.org/entity/Q68814,Zhangzhou,http://www.wikidata.org/entity/Q148,People's Republic of China,5054328
http://www.wikidata.org/entity/Q68814,Zhangzhou,http://www.wikidata.org/entity/Q148,People's Republic of China,5054328
http://www.wikidata.org/entity/Q151958,Yueyang.,http://www.wikidata.org/entity/Q148,People's Republic of China,5051922
http://www.wikidata.org/entity/Q151958,Yueyang,http://www.wikidata.org/entity/Q148,People's Republic of China,5051922
http://www.wikidata.org/entity/Q171943,  Nanchang ,http://www.wikidata.org/entity/Q148,People's Republic of China,5042566 
http://www.wikidata.org/entity/Q171943,NANCHANG,http://www.wikidata.org/entity/Q148,People's Republic of China,5042566
http://www.wikidata.org/entity/Q363326,yichun,http://www.wikidata.org/entity/Q148,People's Republic of China,5007702
http://www.wikidata.org/entity/Q360769,Bozhou,http://www.wikidata.org/entity/Q148, People's Republic of China ,4996844
http://www.wikidata.org/entity/Q404116,Pingdingshan,http://www.wikidata.org/entity/Q148,People's Republic of China,4987137
http://www.wikidata.org/entity/Q404116,Pingdingshan,http://www.wikidata.org/entity/Q148,People's Republic of China,4987137
http://www.wikidata.org/entity/Q57787,  Suqian ,http://www.wikidata.org/entity/Q148,People's Republic of China,4986192
http://www.wikidata.org/entity/Q57787,Suqian,http://www.wikidata.org/entity/Q148,People's Republic of China,4986192
http://www.wikidata.org/entity/Q416922,Huaihua,http://www.wikidata.org/entity/Q148,China,4979600
http://www.wikidata.org/entity/Q416922,Huaihua,http://www.wikidata.org/entity/Q148,People's Republic of China,4979600
http://www.wikidata.org/entity/Q363262,Ji'an.,http://www.wikidata.org/entity/Q148,People's Republic of China,4956600
http://www.wikidata.org/entity/Q2346838,City of Johannesburg Metropolitan Municipality,http://www.wikidata.org/entity/Q258,South Africa,
http://www.wikidata.org/entity/Q189633,  Guilin ,http://www.wikidata.org/entity/Q148,People's Republic of China,4931137
http://www.wikidata.org/entity/Q189633,GUILIN,http://www.wikidata.org/entity/Q148,People's Republic of China,4931137
http://www.wikidata.org/entity/Q71339,xiaogan,http://www.wikidata.org/entity/Q148,People's Republic of China,4921000
http://www.wikidata.org/entity/Q71339,Xiaogan,http://www.wikidata.org/entity/Q148,People's Republic of China,4921000
http://www.wikidata.org/entity/Q404116,Pingdingshan,http://www.wikidata.org/entity/Q148,People's Republic of China,4904701
http://www.wikidata.org/entity/Q404116,Pingdingshan,http://www.wikidata.org/entity/Q148,People's Republic of China,4904701
http://www.wikidata.org/entity/Q216077,  Jiujiang ,http://www.wikidata.org/entity/Q148,People's Republic of China,4896800
http://www.wikidata.org/entity/Q216077,Jiujiang,http://www.wikidata.org/entity/Q148,People's Republic of China,4896800
http://www.wikidata.org/entity/Q427265,Yibin,http://www.wikidata.org/entity/Q148,People's Republic of China,4887242
http://www.wikidata.org/entity/Q427265,Yibin,http://www.wikidata.org/entity/Q148,People's Republic of China,4887242
http://www.wikidata.org/entity/Q192271,Guiyang.,http://www.wikidata.org/entity/Q148,People's Republic of China,4881900
http://www.wikidata.org/entity/Q192271,Guiyang,http://www.wikidata.org/entity/Q148,People's Republic of China,4881900
http://www.wikidata.org/entity/Q426130,  Mianyang ,http://www.wikidata.org/entity/Q148,People's Republic of China,4868243
http://www.wikidata.org/entity/Q426130,MIANYANG,http://www.wikidata.org/entity/Q148,People's Republic of China,4868243
http://www.wikidata.org/entity/Q59173,huizhou,http://www.wikidata.org/entity/Q148,People's Republic of China,4830000
http://www.wikidata.org/entity/Q59173,Huizhou,http://www.wikidata.org/entity/Q148,People's Republic of China,4830000
http://www.wikidata.org/entity/Q208471,Kaifeng,http://www.wikidata.org/entity/Q148,People's Republic of China,4824016
http://www.wikidata.org/entity/Q208471,Kaifeng,http://www.wikidata.org/entity/Q148,People's Republic of China,"4,824,016"
http://www.wikidata.org/entity/Q34647,  Johannesburg ,http://www.wikidata.org/entity/Q258,South Africa,4803262
http://www.wikidata.org/entity/Q34647,Johannesburg,http://www.wikidata.org/entity/Q258,South Africa,4803262
http://www.wikidata.org/entity/Q34647,Johannesburg,http://www.wikidata.org/entity/Q258,South Africa,4803262
http://www.wikidata.org/entity/Q34647,Johannesburg,http://www.wikidata.org/entity/Q258,South Africa,4803262
http://www.wikidata.org/entity/Q34647,Johannesburg.,http://www.wikidata.org/entity/Q258,South Africa,4803262
http://www.wikidata.org/entity/Q34647,Johannesburg,http://www.wikidata.org/entity/Q258,South Africa,4803262
http://www.wikidata.org/entity/Q59132,  Jiangmen ,http://www.wikidata.org/entity/Q148,People's Republic of China,4798090
http://www.wikidata.org/entity/Q59132,JIANGMEN,http://www.wikidata.org/entity/Q148,People's Republic of China,4798090
http://www.wikidata.org/entity/Q73073,yuncheng,http://www.wikidata.org/entity/Q148,People's Republic of China,4774508
http://www.wikidata.org/entity/Q416748,Chenzhou,http://www.wikidata.org/entity/Q148,People's Republic of China,4744500
http://www.wikidata.org/entity/Q416748,Chenzhou,http://www.wikidata.org/entity/Q148,People's Republic of China,4744500
http://www.wikidata.org/entity/Q57787,Suqian,http://www.wikidata.org/entity/Q148,People's Republic of China,4719178
http://www.wikidata.org/entity/Q57787,  Suqian ,http://www.wikidata.org/entity/Q148,People's Republic of China,4719178
http://www.wikidata.org/entity/Q1960,Dar es Salaam,http://www.wikidata.org/entity/Q924, Tanzania ,4715000
http://www.wikidata.org/entity/Q1960,Dar es Salaam,http://www.wikidata.org/entity/Q924,Tanzania,
http://www.wikidata.org/entity/Q1960,Dar  es  Salaam,http://www.wikidata.org/entity/Q924,Tanzania,4715000
http://www.wikidata.org/entity/Q1960,Dar es Salaam.,http://www.wikidata.org/entity/Q924,Tanzania,4715000
http://www.wikidata.org/entity/Q198370,Zibo,http://www.wikidata.org/entity/Q148,People's Republic of China,4704138 
http://www.wikidata.org/entity/Q198370,  Zibo ,http://www.wikidata.org/entity/Q148,People's Republic of China,4704138
http://www.wikidata.org/entity/Q374365,JEDDAH,http://www.wikidata.org/entity/Q851,Saudi Arabia,4697000
http://www.wikidata.org/entity/Q126995,weinan,http://www.wikidata.org/entity/Q148,People's Republic of China,4688744
http://www.wikidata.org/entity/Q126995,Weinan,http://www.wikidata.org/entity/Q148,People's Republic of China,4688744
http://www.wikidata.org/entity/Q416748,Chenzhou,http://www.wikidata.org/entity/Q148,People's Republic of China,4667134
http://www.wikidata.org/entity/Q416748,Chenzhou,http://www.wikidata.org/entity/Q148,People's Republic of China,4667134
http://www.wikidata.org/entity/Q59132,  Jiangmen ,http://www.wikidata.org/entity/Q148,People's Republic of China,4630300
http://www.wikidata.org/entity/Q59132,Jiangmen,http://www.wikidata.org/entity/Q148,People's Republic of China,4630300
http://www.wikidata.org/entity/Q57931,Taizhou,http://www.wikidata.org/entity/Q148,People's Republic of China,4618937
http://www.wikidata.org/entity/Q57931,Taizhou,http://www.wikidata.org/entity/Q148,People's Republic of China,4618937
http://www.wikidata.org/entity/Q426130,Mianyang.,http://www.wikidata.org/entity/Q148,P.R. China,4613862
http://www.wikidata.org/entity/Q426130,Mianyang,http://www.wikidata.org/entity/Q148,People's Republic of China,4613862
http://www.wikidata.org/entity/Q216077,  Jiujiang ,http://www.wikidata.org/entity/Q148,People's Republic of China,4600276
http://www.wikidata.org/entity/Q216077,JIUJIANG,http://www.wikidata.org/entity/Q148,People's Republic of China,4600276
http://www.wikidata.org/entity/Q57756,lianyungang,http://www.wikidata.org/entity/Q148,People's Republic of China,4599360
http://www.wikidata.org/entity/Q57756,Lianyungang,http://www.wikidata.org/entity/Q148,People's Republic of China,4599360
http://www.wikidata.org/entity/Q427265,Yibin,http://www.wikidata.org/entity/Q148,People's Republic of China,4588804
http://www.wikidata.org/entity/Q427265,Yibin,http://www.wikidata.org/entity/Q148,People's Republic of China,4588804
http://www.wikidata.org/entity/Q416922,  Huaihua ,http://www.wikidata.org/entity/Q148,People's Republic of China,4587594
http://www.wikidata.org/entity/Q416922,Huaihua,http://www.wikidata.org/entity/Q148,People's Republic of China,4587594
http://www.wikidata.org/entity/Q66568,Kanpur,http://www.wikidata.org/entity/Q668,India,4581268
http://www.wikidata.org/entity/Q66568,Kanpur,http://www.wikidata.org/entity/Q668,India,4581268
http://www.wikidata.org/entity/Q208471,Kaifeng.,http://www.wikidata.org/entity/Q148,People's Republic of China,4564900
http://www.wikidata.org/entity/Q208471,Kaifeng,http://www.wikidata.org/entity/Q148,People's Republic of China,4564900
http://www.wikidata.org/entity/Q57906,  Yangzhou ,http://www.wikidata.org/entity/Q148,People's Republic of China,4559797
http://www.wikidata.org/entity/Q57906,YANGZHOU,http://www.wikidata.org/entity/Q148,People's Republic of China,4559797
http://www.wikidata.org/entity/Q57818,huai'an,http://www.wikidata.org/entity/Q148,People's Republic of China,4556230
http://www.wikidata.org/entity/Q57818,Huai'An,http://www.wikidata.org/entity/Q148,People's Republic of China,4556230
http://www.wikidata.org/entity/Q57931,Taizhou,http://www.wikidata.org/entity/Q148,People's Republic of China,4512762
http://www.wikidata.org/entity/Q57931,Taizhou,http://www.wikidata.org/entity/Q148,People's Republic of China,
http://www.wikidata.org/entity/Q58178,  Jiaxing ,http://www.wikidata.org/entity/Q148,People's Republic of China,4501657
http://www.wikidata.org/entity/Q58178,Jiaxing,http://www.wikidata.org/entity/Q148,People's Republic of China,4501657
http://www.wikidata.org/entity/Q1348,Kolkata,http://www.wikidata.org/entity/Q668,India,4496694
http://www.wikidata.org/entity/Q1348,Kolkata,http://www.wikidata.org/entity/Q668,India,4496694
http://www.wikidata.org/entity/Q1348,Kolkata.,http://www.wikidata.org/entity/Q668,India,4496694
http://www.wikidata.org/entity/Q1348,Kolkata,http://www.wikidata.org/entity/Q668, India ,4496694
http://www.wikidata.org/entity/Q35997,  İzmir ,http://www.wikidata.org/entity/Q43,Turkey,4493242
http://www.wikidata.org/entity/Q35997,İZMIR,http://www.wikidata.org/entity/Q43,Turkey,4493242
http://www.wikidata.org/entity/Q58724,hengshui,http://www.wikidata.org/entity/Q148,People's Republic of China,4472000
http://www.wikidata.org/entity/Q58724,Hengshui,http://www.wikidata.org/entity/Q148,People's Republic of China,4472000
http://www.wikidata.org/entity/Q427265,Yibin,http://www.wikidata.org/entity/Q148,People's Republic of China,4471896
http://www.wikidata.org/entity/Q427265,Yibin,http://www.wikidata.org/entity/Q148,People's Republic of China,4471896
http://www.wikidata.org/entity/Q363262,  Ji'an ,http://www.wikidata.org/entity/Q148,People's Republic of China,4469176
http://www.wikidata.org/entity/Q57906,Yangzhou,http://www.wikidata.org/entity/Q148,People's Republic of China,4459760
http://www.wikidata.org/entity/Q57906,Yangzhou,http://www.wikidata.org/entity/Q148,People's Republic of China,4459760
http://www.wikidata.org/entity/Q81788,Giza,http://www.wikidata.org/entity/Q79,Egypt,4458135
http://www.wikidata.org/entity/Q2346838,City of Johannesburg Metropolitan Municipality.,http://www.wikidata.org/entity/Q258,South Africa,4434827 
http://www.wikidata.org/entity/Q59223,Zhongshan,http://www.wikidata.org/entity/Q148,People's Republic of China,4418060
http://www.wikidata.org/entity/Q59223,  Zhongshan ,http://www.wikidata.org/entity/Q148,People's Republic of China,4418060
http://www.wikidata.org/entity/Q416669,YIYANG,http://www.wikidata.org/entity/Q148,People's Republic of China,4413800
http://www.wikidata.org/entity/Q416669,yiyang,http://www.wikidata.org/entity/Q148,People's Republic of China,4413800
http://www.wikidata.org/entity/Q92277,Jilin City,http://www.wikidata.org/entity/Q148,People's Republic of China,4413157
http://www.wikidata.org/entity/Q92277,Jilin City,http://www.wikidata.org/entity/Q148,People's Republic of China,4413157
http://www.wikidata.org/entity/Q571808,Guigang,http://www.wikidata.org/entity/Q148,People's Republic of China,4409200
http://www.wikidata.org/entity/Q571808,  Guigang ,http://www.wikidata.org/entity/Q148,People's Republic of China,4409200
http://www.wikidata.org/entity/Q360702,Lu'an,http://www.wikidata.org/entity/Q148,People's Republic of China,4393699
http://www.wikidata.org/entity/Q360702,Lu'an,http://www.wikidata.org/entity/Q148,People's Republic of China,4393699
http://www.wikidata.org/entity/Q404529,Xuchang,http://www.wikidata.org/entity/Q148,People's Republic of China,4379998
http://www.wikidata.org/entity/Q404529,Xuchang.,http://www.wikidata.org/entity/Q148,People's Republic of China,4379998
http://www.wikidata.org/entity/Q59184,Meizhou,http://www.wikidata.org/entity/Q148,People's Republic of China,4378800
http://www.wikidata.org/entity/Q59184,  Meizhou ,http://www.wikidata.org/entity/Q148,P.R. China,4378800
http://www.wikidata.org/entity/Q183584,LANZHOU,http://www.wikidata.org/entity/Q148,People's Republic of China,4359446
http://www.wikidata.org/entity/Q183584,lanzhou,http://www.wikidata.org/entity/Q148,People's Republic of China,
http://www.wikidata.org/entity/Q183584,Lanzhou,http://www.wikidata.org/entity/Q148,People's Republic of China,4359446
http://www.wikidata.org/entity/Q183584,Lanzhou,http://www.wikidata.org/entity/Q148,People's Republic of China,4359446
http://www.wikidata.org/entity/Q58710,Langfang,http://www.wikidata.org/entity/Q148,People's Republic of China,4358839
http://www.wikidata.org/entity/Q58710,  Langfang ,http://www.wikidata.org/entity/Q148,People's Republic of China,4358839
http://www.wikidata.org/entity/Q182984,Kano,http://www.wikidata.org/entity/Q1033,Nigeria,4348000
http://www.wikidata.org/entity/Q182984,Kano,http://www.wikidata.org/entity/Q1033,Nigeria,4348000
http://www.wikidata.org/entity/Q58650,Zhangjiakou,http://www.wikidata.org/entity/Q148,People's Republic of China,4345485
http://www.wikidata.org/entity/Q58650,Zhangjiakou.,http://www.wikidata.org/entity/Q148,People's Republic of China,4345485
http://www.wikidata.org/entity/Q570829,Chifeng,http://www.wikidata.org/entity/Q148,People's Republic of China,4341245
http://www.wikidata.org/entity/Q570829,  Chifeng ,http://www.wikidata.org/entity/Q148,People's Republic of China,"4,341,245"
http://www.wikidata.org/entity/Q171943,NANCHANG,http://www.wikidata.org/entity/Q148,People's Republic of China,4331668
http://www.wikidata.org/entity/Q171943,nanchang,http://www.wikidata.org/entity/Q148,People's Republic of China,4331668
http://www.wikidata.org/entity/Q571808,Guigang,http://www.wikidata.org/entity/Q148, People's Republic of China ,4316262
http://www.wikidata.org/entity/Q571808,Guigang,http://www.wikidata.org/entity/Q148,People's Republic of China,4316262
http://www.wikidata.org/entity/Q404529,Xuchang,http://www.wikidata.org/entity/Q148,People's Republic of China,4307488
http://www.wikidata.org/entity/Q404529,  Xuchang ,http://www.wikidata.org/entity/Q148,People's Republic of China,4307488
http://www.wikidata.org/entity/Q72778,Taiyuan,http://www.wikidata.org/entity/Q148,People's Republic of China,4300000
http://www.wikidata.org/entity/Q72778,Taiyuan,http://www.wikidata.org/entity/Q148,People's Republic of China,4300000
http://www.wikidata.org/entity/Q71339,Xiaogan,http://www.wikidata.org/entity/Q148,People's Republic of China,4270371
http://www.wikidata.org/entity/Q71339,Xiaogan.,http://www.wikidata.org/entity/Q148,People's Republic of China,4270371
http://www.wikidata.org/entity/Q425492,Luzhou,http://www.wikidata.org/entity/Q148,People's Republic of China,4254149
http://www.wikidata.org/entity/Q3703,  Bamako ,http://www.wikidata.org/entity/Q912,Mali,4227569
http://www.wikidata.org/entity/Q425492,LUZHOU,http://www.wikidata.org/entity/Q148,P.R. China,4218427
http://www.wikidata.org/entity/Q58724,hengshui,http://www.wikidata.org/entity/Q148,People's Republic of China,4212933
http://www.wikidata.org/entity/Q58724,Hengshui,http://www.wikidata.org/entity/Q148,People's Republic of China,4212933
http://www.wikidata.org/entity/Q72778,Taiyuan,http://www.wikidata.org/entity/Q148,People's Republic of China,4201592
http://www.wikidata.org/entity/Q72778,Taiyuan,http://www.wikidata.org/entity/Q148,People's Republic of China,4201592
http://www.wikidata.org/entity/Q360374,  Anqing ,http://www.wikidata.org/entity/Q148,People's Republic of China,4165284
http://www.wikidata.org/entity/Q360374,Anqing,http://www.wikidata.org/entity/Q148,People's Republic of China,4165284
http://www.wikidata.org/entity/Q38968,Liuzhou,http://www.wikidata.org/entity/Q148,People's Republic of China,4157934
http://www.wikidata.org/entity/Q38968,Liuzhou,http://www.wikidata.org/entity/Q148,People's Republic of China,4157934 
http://www.wikidata.org/entity/Q59164,Zhaoqing.,http://www.wikidata.org/entity/Q148,People's Republic of China,4151700
http://www.wikidata.org/entity/Q59164,Zhaoqing,http://www.wikidata.org/entity/Q148,People's Republic of China,
http://www.wikidata.org/entity/Q427367,  Guang'an ,http://www.wikidata.org/entity/Q148,People's Republic of China,4124100
http://www.wikidata.org/entity/Q427367,GUANG'AN,http://www.wikidata.org/entity/Q148,People's Republic of China,4124100
http://www.wikidata.org/entity/Q58650,zhangjiakou,http://www.wikidata.org/entity/Q148,People's Republic of China,4118908
http://www.wikidata.org/entity/Q58650,Zhangjiakou,http://www.wikidata.org/entity/Q148,People's Republic of China,4118908
http://www.wikidata.org/entity/Q59164,Zhaoqing,http://www.wikidata.org/entity/Q148,People's Republic of China,4113594
http://www.wikidata.org/entity/Q59164,Zhaoqing,http://www.wikidata.org/entity/Q148,People's Republic of China,4113594
http://www.wikidata.org/entity/Q205922,  Qiqihar ,http://www.wikidata.org/entity/Q148,People's Republic of China,4067489
http://www.wikidata.org/entity/Q205922,Qiqihar,http://www.wikidata.org/entity/Q148,People's Republic of China,4067489
http://www.wikidata.org/entity/Q16959,Ürümqi,http://www.wikidata.org/entity/Q148,People's Republic of China,4054369
http://www.wikidata.org/entity/Q16959,Ürümqi,http://www.wikidata.org/entity/Q148,People's Republic of China,4054369
http://www.wikidata.org/entity/Q363391,Fuzhou.,http://www.wikidata.org/entity/Q148,People's Republic of China,4047200
http://www.wikidata.org/entity/Q244898,New Taipei,http://www.wikidata.org/entity/Q865,Taiwan,4046037
http://www.wikidata.org/entity/Q244898,  New Taipei ,http://www.wikidata.org/entity/Q865,Taiwan,4046037
http://www.wikidata.org/entity/Q244898,NEW TAIPEI,http://www.wikidata.org/entity/Q865,Taiwan,4046037
http://www.wikidata.org/entity/Q570829,chifeng,http://www.wikidata.org/entity/Q148,China,4035967
http://www.wikidata.org/entity/Q570829,Chifeng,http://www.wikidata.org/entity/Q148,People's Republic of China,4035967
http://www.wikidata.org/entity/Q198266,Zhuzhou,http://www.wikidata.org/entity/Q148,People's Republic of China,4020800
http://www.wikidata.org/entity/Q198266,Zhuzhou,http://www.wikidata.org/entity/Q148,People's Republic of China,4020800
http://www.wikidata.org/entity/Q71266,  Yichang ,http://www.wikidata.org/entity/Q148,People's Republic of China,4017607
http://www.wikidata.org/entity/Q71266,Yichang,http://www.wikidata.org/entity/Q148, People's Republic of China ,4017607
http://www.wikidata.org/entity/Q3805,Amman,http://www.wikidata.org/entity/Q810,Jordan,4007526
http://www.wikidata.org/entity/Q3805,Amman,http://www.wikidata.org/entity/Q810,Jordan,4007526
http://www.wikidata.org/entity/Q182984,Kano.,http://www.wikidata.org/entity/Q1033,Nigeria,3999000
http://www.wikidata.org/entity/Q182984,Kano,http://www.wikidata.org/entity/Q1033,Nigeria,3999000
http://www.wikidata.org/entity/Q114045,  Chuzhou ,http://www.wikidata.org/entity/Q148,People's Republic of China,3987054
http://www.wikidata.org/entity/Q114045,CHUZHOU,http://www.wikidata.org/entity/Q148,People's Republic of China,3987054
http://www.wikidata.org/entity/Q73156,linfen,http://www.wikidata.org/entity/Q148,People's Republic of China,3976481
http://www.wikidata.org/entity/Q59213,Qingyuan,http://www.wikidata.org/entity/Q148,People's Republic of China,3969473
http://www.wikidata.org/entity/Q59213,Qingyuan,http://www.wikidata.org/entity/Q148,People's Republic of China,3969473
http://www.wikidata.org/entity/Q497341,Xianyang,http://www.wikidata.org/entity/Q148,People's Republic of China,3959842
http://www.wikidata.org/entity/Q497341,  Xianyang ,http://www.wikidata.org/entity/Q148,People's Republic of China,3959842
http://www.wikidata.org/entity/Q612,Dubai,http://www.wikidata.org/entity/Q878,United Arab Emirates,3944751
http://www.wikidata.org/entity/Q612,Dubai,http://www.wikidata.org/entity/Q878,United Arab Emirates,
http://www.wikidata.org/entity/Q612,Dubai,http://www.wikidata.org/entity/Q878,United Arab Emirates,3944751
http://www.wikidata.org/entity/Q612,Dubai.,http://www.wikidata.org/entity/Q878,United Arab Emirates,3944751
http://www.wikidata.org/entity/Q612,Dubai,http://www.wikidata.org/entity/Q878,United Arab Emirates,3944751
http://www.wikidata.org/entity/Q114045,  Chuzhou ,http://www.wikidata.org/entity/Q148,People's Republic of China,3937868
http://www.wikidata.org/entity/Q114045,CHUZHOU,http://www.wikidata.org/entity/Q148,People's Republic of China,3937868
http://www.wikidata.org/entity/Q416988,loudi,http://www.wikidata.org/entity/Q148,People's Republic of China,3931800
http://www.wikidata.org/entity/Q416988,Loudi,http://www.wikidata.org/entity/Q148,P.R. China,3931800
http://www.wikidata.org/entity/Q373687,Binzhou,http://www.wikidata.org/entity/Q148,People's Republic of China,3928568
http://www.wikidata.org/entity/Q182059,Kumasi,http://www.wikidata.org/entity/Q117,Ghana,3903480
http://www.wikidata.org/entity/Q182059,  Kumasi ,http://www.wikidata.org/entity/Q117,Ghana,3903480
http://www.wikidata.org/entity/Q198266,Zhuzhou,http://www.wikidata.org/entity/Q148,People's Republic of China,3902738
http://www.wikidata.org/entity/Q198266,Zhuzhou,http://www.wikidata.org/entity/Q148,People's Republic of China,3902738 
http://www.wikidata.org/entity/Q65,Los  Angeles,http://www.wikidata.org/entity/Q30,United States,3898747
http://www.wikidata.org/entity/Q65,Los Angeles.,http://www.wikidata.org/entity/Q30,United States,3898747
http://www.wikidata.org/entity/Q65,Los Angeles,http://www.wikidata.org/entity/Q30,United States,3898747
http://www.wikidata.org/entity/Q65,  Los Angeles ,http://www.wikidata.org/entity/Q30,United States,3898747
http://www.wikidata.org/entity/Q65,LOS ANGELES,http://www.wikidata.org/entity/Q30,United States,3898747
http://www.wikidata.org/entity/Q425996,deyang,http://www.wikidata.org/entity/Q148,People's Republic of China,3877000
http://www.wikidata.org/entity/Q425996,Deyang,http://www.wikidata.org/entity/Q148,People's Republic of China,3877000
http://www.wikidata.org/entity/Q59213,Qingyuan,http://www.wikidata.org/entity/Q148,People's Republic of China,3874000
http://www.wikidata.org/entity/Q59213,Qingyuan,http://www.wikidata.org/entity/Q148,People's Republic of China,3874000
http://www.wikidata.org/entity/Q59184,  Meizhou ,http://www.wikidata.org/entity/Q148,People's Republic of China,3873239
http://www.wikidata.org/entity/Q59184,Meizhou,http://www.wikidata.org/entity/Q148,People's Republic of China,3873239
http://www.wikidata.org/entity/Q147187,Zaozhuang,http://www.wikidata.org/entity/Q148,People's Republic of China,3855601
http://www.wikidata.org/entity/Q147187,Zaozhuang,http://www.wikidata.org/entity/Q148,People's Republic of China,3855601
http://www.wikidata.org/entity/Q416669,Yiyang.,http://www.wikidata.org/entity/Q148,People's Republic of China,3851564
http://www.wikidata.org/entity/Q416669,Yiyang,http://www.wikidata.org/entity/Q148, People's Republic of China ,3851564
http://www.wikidata.org/entity/Q182984,  Kano ,http://www.wikidata.org/entity/Q1033,Nigeria,3848885
http://www.wikidata.org/entity/Q182984,KANO,http://www.wikidata.org/entity/Q1033,Nigeria,3848885
http://www.wikidata.org/entity/Q416988,loudi,http://www.wikidata.org/entity/Q148,People's Republic of China,3826996
http://www.wikidata.org/entity/Q416988,Loudi,http://www.wikidata.org/entity/Q148,People's Republic of China,3826996
http://www.wikidata.org/entity/Q64,Berlin,http://www.wikidata.org/entity/Q183,Germany,3782202
http://www.wikidata.org/entity/Q64,Berlin,http://www.wikidata.org/entity/Q183,Germany,
http://www.wikidata.org/entity/Q64,  Berlin ,http://www.wikidata.org/entity/Q183,Germany,3782202
http://www.wikidata.org/entity/Q64,Berlin,http://www.wikidata.org/entity/Q183,Germany,"3,782,202"
http://www.wikidata.org/entity/Q64,Berlin,http://www.wikidata.org/entity/Q183,Germany,3782202
http://www.wikidata.org/entity/Q64,Berlin,http://www.wikidata.org/entity/Q183,Germany,3782202
http://www.wikidata.org/entity/Q64,Berlin.,http://www.wikidata.org/entity/Q183,Germany,3782202
http://www.wikidata.org/entity/Q64,Berlin,http://www.wikidata.org/entity/Q183,Germany,3782202
http://www.wikidata.org/entity/Q64,  Berlin ,http://www.wikidata.org/entity/Q183,Germany,3782202
http://www.wikidata.org/entity/Q5465,CAPE TOWN,http://www.wikidata.org/entity/Q258,South Africa,3776313
http://www.wikidata.org/entity/Q5465,cape town,http://www.wikidata.org/entity/Q258,South Africa,3776313
http://www.wikidata.org/entity/Q5465,Cape Town,http://www.wikidata.org/entity/Q258,South Africa,3776313
http://www.wikidata.org/entity/Q5465,Cape Town,http://www.wikidata.org/entity/Q258,South Africa,3776313
http://www.wikidata.org/entity/Q404484,Puyang,http://www.wikidata.org/entity/Q148,People's Republic of China,3772088
http://www.wikidata.org/entity/Q404484,  Puyang ,http://www.wikidata.org/entity/Q148,People's Republic of China,3772088
http://www.wikidata.org/entity/Q38283,Yokohama,http://www.wikidata.org/entity/Q17,Japan,3757630
http://www.wikidata.org/entity/Q38283,Yokohama,http://www.wikidata.org/entity/Q17,Japan,3757630
http://www.wikidata.org/entity/Q38283,Yokohama,http://www.wikidata.org/entity/Q17,Japan,3757630
http://www.wikidata.org/entity/Q38283,Yokohama.,http://www.wikidata.org/entity/Q17,Japan,3757630
http://www.wikidata.org/entity/Q349985,Suihua,http://www.wikidata.org/entity/Q148,People's Republic of China,3756167
http://www.wikidata.org/entity/Q349985,  Suihua ,http://www.wikidata.org/entity/Q148,People's Republic of China,3756167
http://www.wikidata.org/entity/Q1185115,CITY OF CAPE TOWN,http://www.wikidata.org/entity/Q258,South Africa,3740026
http://www.wikidata.org/entity/Q73186,lüliang,http://www.wikidata.org/entity/Q148,People's Republic of China,3727068
http://www.wikidata.org/entity/Q426756,Neijiang,http://www.wikidata.org/entity/Q148,People's Republic of China,3702847
http://www.wikidata.org/entity/Q426756,Neijiang,http://www.wikidata.org/entity/Q148,People's Republic of China,3702847
http://www.wikidata.org/entity/Q311544,eThekwini Metropolitan Municipality,http://www.wikidata.org/entity/Q258,South Africa,3702231
http://www.wikidata.org/entity/Q571949,  Baise ,http://www.wikidata.org/entity/Q148,People's Republic of China,3669400
http://www.wikidata.org/entity/Q359990,Wuhu,http://www.wikidata.org/entity/Q148,People's Republic of China,3644420 
http://www.wikidata.org/entity/Q359990,Wuhu,http://www.wikidata.org/entity/Q148,People's Republic of China,3644420
http://www.wikidata.org/entity/Q515712,Yulin,http://www.wikidata.org/entity/Q148,People's Republic of China,3624750
http://www.wikidata.org/entity/Q515712,Yulin.,http://www.wikidata.org/entity/Q148,People's Republic of China,3624750
http://www.wikidata.org/entity/Q92277,Jilin City,http://www.wikidata.org/entity/Q148,People's Republic of China,3623713
http://www.wikidata.org/entity/Q92277,  Jilin City ,http://www.wikidata.org/entity/Q148,People's Republic of China,3623713
http://www.wikidata.org/entity/Q183584,LANZHOU,http://www.wikidata.org/entity/Q148,People's Republic of China,3616163
http://www.wikidata.org/entity/Q183584,lanzhou,http://www.wikidata.org/entity/Q148,People's Republic of China,
http://www.wikidata.org/entity/Q183584,Lanzhou,http://www.wikidata.org/entity/Q148, People's Republic of China ,3616163
http://www.wikidata.org/entity/Q183584,Lanzhou,http://www.wikidata.org/entity/Q148,People's Republic of China,3616163
http://www.wikidata.org/entity/Q363391,Fuzhou,http://www.wikidata.org/entity/Q148,People's Republic of China,3614866
http://www.wikidata.org/entity/Q404484,  Puyang ,http://www.wikidata.org/entity/Q148,People's Republic of China,3598740
http://www.wikidata.org/entity/Q404484,Puyang,http://www.wikidata.org/entity/Q148,People's Republic of China,3598740
http://www.wikidata.org/entity/Q404429,Jiaozuo,http://www.wikidata.org/entity/Q148,People's Republic of China,3590700
http://www.wikidata.org/entity/Q404429,Jiaozuo,http://www.wikidata.org/entity/Q148,People's Republic of China,3590700
http://www.wikidata.org/entity/Q571949,Baise.,http://www.wikidata.org/entity/Q148,People's Republic of China,3571505
http://www.wikidata.org/entity/Q572089,Hechi,http://www.wikidata.org/entity/Q148,People's Republic of China,3545700
http://www.wikidata.org/entity/Q404429,  Jiaozuo ,http://www.wikidata.org/entity/Q148,People's Republic of China,3521078
http://www.wikidata.org/entity/Q404429,JIAOZUO,http://www.wikidata.org/entity/Q148,People's Republic of China,3521078
http://www.wikidata.org/entity/Q2807,madrid,http://www.wikidata.org/entity/Q29,Spain,3506730
http://www.wikidata.org/entity/Q217432,Port Harcourt,http://www.wikidata.org/entity/Q1033,Nigeria,3480000
http://www.wikidata.org/entity/Q217432,Port Harcourt,http://www.wikidata.org/entity/Q1033,Nigeria,3480000
http://www.wikidata.org/entity/Q58675,Chengde,http://www.wikidata.org/entity/Q148,People's Republic of China,3473201
http://www.wikidata.org/entity/Q58675,  Chengde ,http://www.wikidata.org/entity/Q148,PRC,3473201
http://www.wikidata.org/entity/Q425996,Deyang,http://www.wikidata.org/entity/Q148,People's Republic of China,3456161
http://www.wikidata.org/entity/Q425996,Deyang,http://www.wikidata.org/entity/Q148,People's Republic of China,3456161
http://www.wikidata.org/entity/Q16520,Busan,http://www.wikidata.org/entity/Q884,South Korea,3453198
http://www.wikidata.org/entity/Q16520,Busan.,http://www.wikidata.org/entity/Q884,South Korea,3453198
http://www.wikidata.org/entity/Q16520,Busan,http://www.wikidata.org/entity/Q884,South Korea,3453198
http://www.wikidata.org/entity/Q16520,  Busan ,http://www.wikidata.org/entity/Q884,South Korea,3453198
http://www.wikidata.org/entity/Q535534,HOHHOT,http://www.wikidata.org/entity/Q148,People's Republic of China,3446100
http://www.wikidata.org/entity/Q535534,hohhot,http://www.wikidata.org/entity/Q148,People's Republic of China,3446100
http://www.wikidata.org/entity/Q572089,Hechi,http://www.wikidata.org/entity/Q148,People's Republic of China,3417945
http://www.wikidata.org/entity/Q73186,Lüliang,http://www.wikidata.org/entity/Q148,People's Republic of China,3398431
http://www.wikidata.org/entity/Q71227,Shiyan,http://www.wikidata.org/entity/Q148,People's Republic of China,3398000
http://www.wikidata.org/entity/Q71227,  Shiyan ,http://www.wikidata.org/entity/Q148,People's Republic of China,3398000
http://www.wikidata.org/entity/Q92297,Siping,http://www.wikidata.org/entity/Q148,People's Republic of China,3385156
http://www.wikidata.org/entity/Q92297,Siping,http://www.wikidata.org/entity/Q148,People's Republic of China,3385156
http://www.wikidata.org/entity/Q47916,Lucknow,http://www.wikidata.org/entity/Q668,India,3382000
http://www.wikidata.org/entity/Q47916,Lucknow.,http://www.wikidata.org/entity/Q668,India,3382000
http://www.wikidata.org/entity/Q47916,Lucknow,http://www.wikidata.org/entity/Q668,India,
http://www.wikidata.org/entity/Q73045,  Jinzhong ,http://www.wikidata.org/entity/Q148,People's Republic of China,3379498
http://www.wikidata.org/entity/Q73045,JINZHONG,http://www.wikidata.org/entity/Q148,People's Republic of China,3379498
http://www.wikidata.org/entity/Q326891,city of ekurhuleni metropolitan municipality,http://www.wikidata.org/entity/Q258,South Africa,3379104
http://www.wikidata.org/entity/Q42664,Huzhou,http://www.wikidata.org/entity/Q148,People's Republic of China,3367579
http://www.wikidata.org/entity/Q42664,Huzhou,http://www.wikidata.org/entity/Q148,People's Republic of China,3367579
http://www.wikidata.org/entity/Q58675,Chengde,http://www.wikidata.org/entity/Q148,People's Republic of China,3354444
http://www.wikidata.org/entity/Q58675,  Chengde ,http://www.wikidata.org/entity/Q148,People's Republic of China,3354444 
http://www.wikidata.org/entity/Q72945,Changzhi,http://www.wikidata.org/entity/Q148, China ,3334565
http://www.wikidata.org/entity/Q72945,Changzhi,http://www.wikidata.org/entity/Q148,People's Republic of China,3334565
http://www.wikidata.org/entity/Q116170766,Madrid  city,http://www.wikidata.org/entity/Q29,Spain,3332035
http://www.wikidata.org/entity/Q116170766,Madrid city.,http://www.wikidata.org/entity/Q29,Spain,3332035
http://www.wikidata.org/entity/Q116170766,Madrid city,http://www.wikidata.org/entity/Q29,Spain,3332035
http://www.wikidata.org/entity/Q116170766,  Madrid city ,http://www.wikidata.org/entity/Q29,Spain,3332035
http://www.wikidata.org/entity/Q116170766,MADRID CITY,http://www.wikidata.org/entity/Q29,Spain,3332035
http://www.wikidata.org/entity/Q74957,anshan,http://www.wikidata.org/entity/Q148,People's Republic of China,3325372
http://www.wikidata.org/entity/Q74957,Anshan,http://www.wikidata.org/entity/Q148,People's Republic of China,3325372
http://www.wikidata.org/entity/Q217432,Port Harcourt,http://www.wikidata.org/entity/Q1033,Nigeria,3325000
http://www.wikidata.org/entity/Q217432,Port Harcourt,http://www.wikidata.org/entity/Q1033,Nigeria,3325000
http://www.wikidata.org/entity/Q514796,  Baoji ,http://www.wikidata.org/entity/Q148,People's Republic of China,3321853
http://www.wikidata.org/entity/Q514796,Baoji,http://www.wikidata.org/entity/Q148,People's Republic of China,3321853
http://www.wikidata.org/entity/Q72877,Datong,http://www.wikidata.org/entity/Q148,People's Republic of China,3318054
http://www.wikidata.org/entity/Q72877,Datong,http://www.wikidata.org/entity/Q148,People's Republic of China,3318054
http://www.wikidata.org/entity/Q571766,Qinzhou.,http://www.wikidata.org/entity/Q148,People's Republic of China,3304400
http://www.wikidata.org/entity/Q571766,Qinzhou,http://www.wikidata.org/entity/Q148,People's Republic of China,3304400
http://www.wikidata.org/entity/Q571766,  Qinzhou ,http://www.wikidata.org/entity/Q148,People's Republic of China,3302238
http://www.wikidata.org/entity/Q571766,QINZHOU,http://www.wikidata.org/entity/Q148,People's Republic of China,3302238
http://www.wikidata.org/entity/Q486235,tongren,http://www.wikidata.org/entity/Q148,People's Republic of China,"3,298,468"
http://www.wikidata.org/entity/Q486235,Tongren,http://www.wikidata.org/entity/Q148,People's Republic of China,3298468
http://www.wikidata.org/entity/Q360069,Bengbu,http://www.wikidata.org/entity/Q148,People's Republic of China,3296408
http://www.wikidata.org/entity/Q360069,Bengbu,http://www.wikidata.org/entity/Q148,People's Republic of China,3296408
http://www.wikidata.org/entity/Q178945,  Bazhong ,http://www.wikidata.org/entity/Q148,People's Republic of China,3283148
http://www.wikidata.org/entity/Q178945,Bazhong,http://www.wikidata.org/entity/Q148,People's Republic of China,3283148
http://www.wikidata.org/entity/Q1094207,City of Tshwane Metropolitan Municipality,http://www.wikidata.org/entity/Q258,South Africa,
http://www.wikidata.org/entity/Q59223,Zhongshan,http://www.wikidata.org/entity/Q148,People's Republic of China,3260000
http://www.wikidata.org/entity/Q59223,Zhongshan.,http://www.wikidata.org/entity/Q148,People's Republic of China,3260000
http://www.wikidata.org/entity/Q427367,Guang'an,http://www.wikidata.org/entity/Q148,People's Republic of China,3254883
http://www.wikidata.org/entity/Q427367,  Guang'an ,http://www.wikidata.org/entity/Q148,People's Republic of China,3254883
http://www.wikidata.org/entity/Q426644,SUINING,http://www.wikidata.org/entity/Q148,People's Republic of China,3252619
http://www.wikidata.org/entity/Q426644,suining,http://www.wikidata.org/entity/Q148,People's Republic of China,3252619
http://www.wikidata.org/entity/Q73045,Jinzhong,http://www.wikidata.org/entity/Q148,People's Republic of China,3249425
http://www.wikidata.org/entity/Q73045,Jinzhong,http://www.wikidata.org/entity/Q148,People's Republic of China,3249425
http://www.wikidata.org/entity/Q426868,Leshan,http://www.wikidata.org/entity/Q148,People's Republic of China,3235759
http://www.wikidata.org/entity/Q426868,  Leshan ,http://www.wikidata.org/entity/Q148,People's Republic of China,3235759
http://www.wikidata.org/entity/Q7903,Casablanca,http://www.wikidata.org/entity/Q1028,Morocco,3215935
http://www.wikidata.org/entity/Q515573,Hanzhong,http://www.wikidata.org/entity/Q148,People's Republic of China,3211462
http://www.wikidata.org/entity/Q515573,Hanzhong,http://www.wikidata.org/entity/Q148,People's Republic of China,3211462
http://www.wikidata.org/entity/Q68579,Putian.,http://www.wikidata.org/entity/Q148,People's Republic of China,3210714
http://www.wikidata.org/entity/Q68579,Putian,http://www.wikidata.org/entity/Q148, People's Republic of China ,3210714
http://www.wikidata.org/entity/Q57958,  Zhenjiang ,http://www.wikidata.org/entity/Q148,People's Republic of China,3210418
http://www.wikidata.org/entity/Q57958,ZHENJIANG,http://www.wikidata.org/entity/Q148,People's Republic of China,3210418
http://www.wikidata.org/entity/Q71227,shiyan,http://www.wikidata.org/entity/Q148,People's Republic of China,3209004
http://www.wikidata.org/entity/Q71227,Shiyan,http://www.wikidata.org/entity/Q148,People's Republic of China,3209004
http://www.wikidata.org/entity/Q216075,Cần Thơ,http://www.wikidata.org/entity/Q881,Vietnam,3207000
http://www.wikidata.org/entity/Q216075,Cần Thơ,http://www.wikidata.org/entity/Q881,Vietnam,3207000 
http://www.wikidata.org/entity/Q216075,  Cần Thơ ,http://www.wikidata.org/entity/Q881,Vietnam,3207000
http://www.wikidata.org/entity/Q427367,Guang'an,http://www.wikidata.org/entity/Q148,People's Republic of China,3205476
http://www.wikidata.org/entity/Q427367,Guang'an,http://www.wikidata.org/entity/Q148,People's Republic of China,3205476
http://www.wikidata.org/entity/Q173985,Faisalabad,http://www.wikidata.org/entity/Q843,Pakistan,3203846
http://www.wikidata.org/entity/Q72945,Changzhi.,http://www.wikidata.org/entity/Q148,People's Republic of China,3180884
http://www.wikidata.org/entity/Q72945,Changzhi,http://www.wikidata.org/entity/Q148,People's Republic of China,3180884
http://www.wikidata.org/entity/Q326891,  City of Ekurhuleni Metropolitan Municipality ,http://www.wikidata.org/entity/Q258,South Africa,3178470
http://www.wikidata.org/entity/Q486235,TONGREN,http://www.wikidata.org/entity/Q148,People's Republic of China,3168800
http://www.wikidata.org/entity/Q486235,tongren,http://www.wikidata.org/entity/Q148,People's Republic of China,3168800
http://www.wikidata.org/entity/Q426868,Leshan,http://www.wikidata.org/entity/Q148,People's Republic of China,3160168
http://www.wikidata.org/entity/Q426868,Leshan,http://www.wikidata.org/entity/Q148,People's Republic of China,3160168
http://www.wikidata.org/entity/Q170688,Santa Cruz de la Sierra,http://www.wikidata.org/entity/Q750,Bolivia,
http://www.wikidata.org/entity/Q170688,  Santa Cruz de la Sierra ,http://www.wikidata.org/entity/Q750,Bolivia,3151676
http://www.wikidata.org/entity/Q170688,Santa Cruz de la Sierra,http://www.wikidata.org/entity/Q750,Bolivia,3151676
http://www.wikidata.org/entity/Q170688,Santa Cruz de la Sierra,http://www.wikidata.org/entity/Q750,Bolivia,3151676
http://www.wikidata.org/entity/Q68919,Ningde,http://www.wikidata.org/entity/Q148,People's Republic of China,3146789
http://www.wikidata.org/entity/Q68919,Ningde.,http://www.wikidata.org/entity/Q148,People's Republic of China,3146789
http://www.wikidata.org/entity/Q426756,Neijiang,http://www.wikidata.org/entity/Q148,People's Republic of China,3140678
http://www.wikidata.org/entity/Q426756,  Neijiang ,http://www.wikidata.org/entity/Q148,People's Republic of China,3140678
http://www.wikidata.org/entity/Q570884,TONGLIAO,http://www.wikidata.org/entity/Q148,People's Republic of China,3139153
http://www.wikidata.org/entity/Q570884,tongliao,http://www.wikidata.org/entity/Q148,People's Republic of China,3139153
http://www.wikidata.org/entity/Q58560,Qinhuangdao,http://www.wikidata.org/entity/Q148,People's Republic of China,3136879
http://www.wikidata.org/entity/Q58560,Qinhuangdao,http://www.wikidata.org/entity/Q148,People's Republic of China,3136879
http://www.wikidata.org/entity/Q28996,Jinzhou,http://www.wikidata.org/entity/Q148,People's Republic of China,3126463
http://www.wikidata.org/entity/Q28996,  Jinzhou ,http://www.wikidata.org/entity/Q148,People's Republic of China,3126463
http://www.wikidata.org/entity/Q1486,Buenos Aires,http://www.wikidata.org/entity/Q414,Argentina,3121707
http://www.wikidata.org/entity/Q1486,Buenos Aires,http://www.wikidata.org/entity/Q414,Argentina,3121707
http://www.wikidata.org/entity/Q1486,Buenos  Aires,http://www.wikidata.org/entity/Q414,Argentina,3121707
http://www.wikidata.org/entity/Q1486,Buenos Aires.,http://www.wikidata.org/entity/Q414,Argentina,3121707
http://www.wikidata.org/entity/Q1486,Buenos Aires,http://www.wikidata.org/entity/Q414,Argentina,3121707
http://www.wikidata.org/entity/Q1486,  Buenos Aires ,http://www.wikidata.org/entity/Q414,Argentina,3121707
http://www.wikidata.org/entity/Q1486,BUENOS AIRES,http://www.wikidata.org/entity/Q414,Argentina,3121707
http://www.wikidata.org/entity/Q57958,zhenjiang,http://www.wikidata.org/entity/Q148,People's Republic of China,3113384
http://www.wikidata.org/entity/Q57958,Zhenjiang,http://www.wikidata.org/entity/Q148, People's Republic of China ,3113384
http://www.wikidata.org/entity/Q58560,Qinhuangdao,http://www.wikidata.org/entity/Q148,People's Republic of China,3107400
http://www.wikidata.org/entity/Q58560,Qinhuangdao,http://www.wikidata.org/entity/Q148,People's Republic of China,3107400
http://www.wikidata.org/entity/Q72877,  Datong ,http://www.wikidata.org/entity/Q148,People's Republic of China,3105591
http://www.wikidata.org/entity/Q72877,Datong,http://www.wikidata.org/entity/Q148,People's Republic of China,3105591
http://www.wikidata.org/entity/Q59205,Heyuan,http://www.wikidata.org/entity/Q148,People's Republic of China,3093900
http://www.wikidata.org/entity/Q59205,Heyuan,http://www.wikidata.org/entity/Q148,People's Republic of China,3093900
http://www.wikidata.org/entity/Q1475,Quezon City.,http://www.wikidata.org/entity/Q928,Philippines,3084270
http://www.wikidata.org/entity/Q1475,Quezon City,http://www.wikidata.org/entity/Q928,Philippines,3084270
http://www.wikidata.org/entity/Q66485,  Jaipur ,http://www.wikidata.org/entity/Q668,India,3073350
http://www.wikidata.org/entity/Q66485,JAIPUR,http://www.wikidata.org/entity/Q668,India,3073350
http://www.wikidata.org/entity/Q73119,xinzhou,http://www.wikidata.org/entity/Q148,People's Republic of China,
http://www.wikidata.org/entity/Q571652,Wuzhou,http://www.wikidata.org/entity/Q148,People's Republic of China,3061100
http://www.wikidata.org/entity/Q571652,Wuzhou,http://www.wikidata.org/entity/Q148,People's Republic of China,3061100 
http://www.wikidata.org/entity/Q20934,Incheon,http://www.wikidata.org/entity/Q884,South Korea,3049315
http://www.wikidata.org/entity/Q75336,  Chaoyang ,http://www.wikidata.org/entity/Q148,People's Republic of China,3044641
http://www.wikidata.org/entity/Q75336,Chaoyang,http://www.wikidata.org/entity/Q148,People's Republic of China,3044641
http://www.wikidata.org/entity/Q245023,Taichung,http://www.wikidata.org/entity/Q865,Taiwan,3033885
http://www.wikidata.org/entity/Q245023,Taichung,http://www.wikidata.org/entity/Q865,Taiwan,3033885
http://www.wikidata.org/entity/Q360178,Huainan.,http://www.wikidata.org/entity/Q148,People's Republic of China,3033528
http://www.wikidata.org/entity/Q360178,Huainan,http://www.wikidata.org/entity/Q148,China,3033528
http://www.wikidata.org/entity/Q485918,  Liupanshui ,http://www.wikidata.org/entity/Q148,People's Republic of China,3031602
http://www.wikidata.org/entity/Q485918,LIUPANSHUI,http://www.wikidata.org/entity/Q148,People's Republic of China,3031602
http://www.wikidata.org/entity/Q11462,surabaya,http://www.wikidata.org/entity/Q252,Indonesia,3009286
http://www.wikidata.org/entity/Q59107,Shaoguan,http://www.wikidata.org/entity/Q148,People's Republic of China,2997600
http://www.wikidata.org/entity/Q59107,Shaoguan,http://www.wikidata.org/entity/Q148,People's Republic of China,2997600
http://www.wikidata.org/entity/Q2844,Brasília,http://www.wikidata.org/entity/Q155,Brazil,2996899
http://www.wikidata.org/entity/Q2844,  Brasília ,http://www.wikidata.org/entity/Q155,Brazil,2996899
http://www.wikidata.org/entity/Q2844,Brasília,http://www.wikidata.org/entity/Q155,Brazil,2996899
http://www.wikidata.org/entity/Q2844,Brasília,http://www.wikidata.org/entity/Q155,Brazil,2996899
http://www.wikidata.org/entity/Q2844,Brasília,http://www.wikidata.org/entity/Q155,Brazil,"2,996,899"
http://www.wikidata.org/entity/Q35178,Kuwait City.,http://www.wikidata.org/entity/Q817,Kuwait,2989000
http://www.wikidata.org/entity/Q35178,Kuwait City,http://www.wikidata.org/entity/Q817,Kuwait,2989000
http://www.wikidata.org/entity/Q533157,  Tianshui ,http://www.wikidata.org/entity/Q148,People's Republic of China,2984659
http://www.wikidata.org/entity/Q533157,TIANSHUI,http://www.wikidata.org/entity/Q148,People's Republic of China,2984659
http://www.wikidata.org/entity/Q373101,rizhao,http://www.wikidata.org/entity/Q148,People's Republic of China,2968365
http://www.wikidata.org/entity/Q373101,Rizhao,http://www.wikidata.org/entity/Q148,People's Republic of China,2968365
http://www.wikidata.org/entity/Q2471,Sanaa,http://www.wikidata.org/entity/Q805,Yemen,2957000
http://www.wikidata.org/entity/Q2471,Sanaa,http://www.wikidata.org/entity/Q805,Yemen,2957000
http://www.wikidata.org/entity/Q2471,  Sanaa ,http://www.wikidata.org/entity/Q805,Yemen,2957000
http://www.wikidata.org/entity/Q269,Tashkent,http://www.wikidata.org/entity/Q265, Uzbekistan ,2956384
http://www.wikidata.org/entity/Q269,Tashkent,http://www.wikidata.org/entity/Q265,Uzbekistan,2956384
http://www.wikidata.org/entity/Q427097,Meishan,http://www.wikidata.org/entity/Q148,People's Republic of China,2955219
http://www.wikidata.org/entity/Q1899,Kyiv.,http://www.wikidata.org/entity/Q212,Ukraine,2952301
http://www.wikidata.org/entity/Q1899,Kyiv,http://www.wikidata.org/entity/Q212,Ukraine,
http://www.wikidata.org/entity/Q427097,  Meishan ,http://www.wikidata.org/entity/Q148,China,2950545
http://www.wikidata.org/entity/Q485918,LIUPANSHUI,http://www.wikidata.org/entity/Q148,People's Republic of China,2950500
http://www.wikidata.org/entity/Q485918,liupanshui,http://www.wikidata.org/entity/Q148,People's Republic of China,2950500
http://www.wikidata.org/entity/Q1094207,City Of Tshwane Metropolitan Municipality,http://www.wikidata.org/entity/Q258,South Africa,2921488
http://www.wikidata.org/entity/Q373023,Weihai,http://www.wikidata.org/entity/Q148,People's Republic of China,2906548
http://www.wikidata.org/entity/Q373023,Weihai,http://www.wikidata.org/entity/Q148,People's Republic of China,2906548
http://www.wikidata.org/entity/Q304848,  Daqing ,http://www.wikidata.org/entity/Q148,People's Republic of China,2904532
http://www.wikidata.org/entity/Q304848,Daqing,http://www.wikidata.org/entity/Q148,People's Republic of China,2904532
http://www.wikidata.org/entity/Q40738,Bursa,http://www.wikidata.org/entity/Q43,Turkey,2901396
http://www.wikidata.org/entity/Q40738,Bursa,http://www.wikidata.org/entity/Q43,Turkey,2901396
http://www.wikidata.org/entity/Q40738,Bursa.,http://www.wikidata.org/entity/Q43,Turkey,2901396
http://www.wikidata.org/entity/Q40738,Bursa,http://www.wikidata.org/entity/Q43,Turkey,2901396
http://www.wikidata.org/entity/Q71323,  Jingmen ,http://www.wikidata.org/entity/Q148,People's Republic of China,2897500
http://www.wikidata.org/entity/Q71323,JINGMEN,http://www.wikidata.org/entity/Q148,People's Republic of China,2897500
http://www.wikidata.org/entity/Q42664,huzhou,http://www.wikidata.org/entity/Q148,People's Republic of China,2893542
http://www.wikidata.org/entity/Q42664,Huzhou,http://www.wikidata.org/entity/Q148,People's Republic of China,2893542 
http://www.wikidata.org/entity/Q319660,Mbuji-Mayi,http://www.wikidata.org/entity/Q974,Democratic Republic of the Congo,2892000
http://www.wikidata.org/entity/Q10389,Bandung,http://www.wikidata.org/entity/Q252,Indonesia,2875673
http://www.wikidata.org/entity/Q189823,  Haikou ,http://www.wikidata.org/entity/Q148,People's Republic of China,2873358
http://www.wikidata.org/entity/Q189823,Haikou,http://www.wikidata.org/entity/Q148,People's Republic of China,2873358
http://www.wikidata.org/entity/Q570884,Tongliao,http://www.wikidata.org/entity/Q148,People's Republic of China,2873168
http://www.wikidata.org/entity/Q570884,Tongliao,http://www.wikidata.org/entity/Q148,People's Republic of China,2873168
http://www.wikidata.org/entity/Q75336,Chaoyang.,http://www.wikidata.org/entity/Q148,People's Republic of China,2872857
http://www.wikidata.org/entity/Q75336,Chaoyang,http://www.wikidata.org/entity/Q148,People's Republic of China,2872857
http://www.wikidata.org/entity/Q245023,  Taichung ,http://www.wikidata.org/entity/Q865,Taiwan,2867537
http://www.wikidata.org/entity/Q245023,TAICHUNG,http://www.wikidata.org/entity/Q865,Taiwan,2867537
http://www.wikidata.org/entity/Q535534,hohhot,http://www.wikidata.org/entity/Q148,People's Republic of China,2866615
http://www.wikidata.org/entity/Q535534,Hohhot,http://www.wikidata.org/entity/Q148,People's Republic of China,2866615
http://www.wikidata.org/entity/Q215755,Xiangtan,http://www.wikidata.org/entity/Q148,People's Republic of China,2864800
http://www.wikidata.org/entity/Q215755,Xiangtan,http://www.wikidata.org/entity/Q148,People's Republic of China,2864800
http://www.wikidata.org/entity/Q18808,  Pyongyang ,http://www.wikidata.org/entity/Q423,North Korea,2863000
http://www.wikidata.org/entity/Q18808,Pyongyang,http://www.wikidata.org/entity/Q423,North Korea,2863000
http://www.wikidata.org/entity/Q18808,Pyongyang,http://www.wikidata.org/entity/Q423,North Korea,
http://www.wikidata.org/entity/Q18808,Pyongyang,http://www.wikidata.org/entity/Q423,North Korea,2863000
http://www.wikidata.org/entity/Q211243,Yinchuan.,http://www.wikidata.org/entity/Q148,People's Republic of China,2859074
http://www.wikidata.org/entity/Q211243,Yinchuan,http://www.wikidata.org/entity/Q148, People's Republic of China ,2859074
http://www.wikidata.org/entity/Q59107,  Shaoguan ,http://www.wikidata.org/entity/Q148,People's Republic of China,2855131
http://www.wikidata.org/entity/Q59107,SHAOGUAN,http://www.wikidata.org/entity/Q148,People's Republic of China,2855131
http://www.wikidata.org/entity/Q59205,heyuan,http://www.wikidata.org/entity/Q148,People's Republic of China,2837686
http://www.wikidata.org/entity/Q59205,Heyuan,http://www.wikidata.org/entity/Q148,People's Republic of China,2837686
http://www.wikidata.org/entity/Q571652,Wuzhou,http://www.wikidata.org/entity/Q148,People's Republic of China,2820977
http://www.wikidata.org/entity/Q571652,Wuzhou,http://www.wikidata.org/entity/Q148,People's Republic of China,2820977
http://www.wikidata.org/entity/Q25282,  Da Nang ,http://www.wikidata.org/entity/Q881,Vietnam,2819900
http://www.wikidata.org/entity/Q25282,Da Nang,http://www.wikidata.org/entity/Q881,Vietnam,2819900
http://www.wikidata.org/entity/Q25282,Da Nang,http://www.wikidata.org/entity/Q881,Vietnam,2819900
http://www.wikidata.org/entity/Q426644,Suining,http://www.wikidata.org/entity/Q148,People's Republic of China,2814196
http://www.wikidata.org/entity/Q426644,Suining.,http://www.wikidata.org/entity/Q148,People's Republic of China,2814196
http://www.wikidata.org/entity/Q180921,Omdurman,http://www.wikidata.org/entity/Q1049,Sudan,2805396
http://www.wikidata.org/entity/Q180921,  Omdurman ,http://www.wikidata.org/entity/Q1049,Sudan,2805396
http://www.wikidata.org/entity/Q217646,MUDANJIANG,http://www.wikidata.org/entity/Q148,People's Republic of China,2798723
http://www.wikidata.org/entity/Q217646,mudanjiang,http://www.wikidata.org/entity/Q148,China,2798723
http://www.wikidata.org/entity/Q172,Toronto,http://www.wikidata.org/entity/Q16,Canada,2794356
http://www.wikidata.org/entity/Q172,Toronto,http://www.wikidata.org/entity/Q16,Canada,2794356
http://www.wikidata.org/entity/Q172,Toronto,http://www.wikidata.org/entity/Q16,Canada,2794356
http://www.wikidata.org/entity/Q172,  Toronto ,http://www.wikidata.org/entity/Q16,Canada,2794356
http://www.wikidata.org/entity/Q172,Toronto,http://www.wikidata.org/entity/Q16,Canada,2794356
http://www.wikidata.org/entity/Q304848,Daqing,http://www.wikidata.org/entity/Q148,People's Republic of China,2781562
http://www.wikidata.org/entity/Q304848,Daqing,http://www.wikidata.org/entity/Q148,People's Republic of China,2781562
http://www.wikidata.org/entity/Q132830,Douala.,http://www.wikidata.org/entity/Q1009,Cameroon,2768436
http://www.wikidata.org/entity/Q132830,Douala,http://www.wikidata.org/entity/Q1009,Cameroon,2768436
http://www.wikidata.org/entity/Q35765,  Osaka ,http://www.wikidata.org/entity/Q17,Japan,2751862
http://www.wikidata.org/entity/Q35765,OSAKA,http://www.wikidata.org/entity/Q17,Japan,2751862
http://www.wikidata.org/entity/Q35765,osaka,http://www.wikidata.org/entity/Q17,Japan,2751862 
http://www.wikidata.org/entity/Q35765,Osaka,http://www.wikidata.org/entity/Q17,Japan,2751862
http://www.wikidata.org/entity/Q35765,Osaka,http://www.wikidata.org/entity/Q17,Japan,2751862
http://www.wikidata.org/entity/Q92364,Songyuan,http://www.wikidata.org/entity/Q148,People's Republic of China,
http://www.wikidata.org/entity/Q220,  Rome ,http://www.wikidata.org/entity/Q38,Italy,2748109
http://www.wikidata.org/entity/Q220,Rome,http://www.wikidata.org/entity/Q38,Italy,2748109
http://www.wikidata.org/entity/Q220,Rome,http://www.wikidata.org/entity/Q38,Italy,2748109
http://www.wikidata.org/entity/Q220,Rome,http://www.wikidata.org/entity/Q38,Italy,2748109
http://www.wikidata.org/entity/Q220,Rome.,http://www.wikidata.org/entity/Q38,Italy,2748109
http://www.wikidata.org/entity/Q220,Rome,http://www.wikidata.org/entity/Q38,Italy,2748109
http://www.wikidata.org/entity/Q1297,  Chicago ,http://www.wikidata.org/entity/Q30,United States,2746388
http://www.wikidata.org/entity/Q1297,CHICAGO,http://www.wikidata.org/entity/Q30,United States,2746388
http://www.wikidata.org/entity/Q1297,chicago,http://www.wikidata.org/entity/Q30,United States,2746388
http://www.wikidata.org/entity/Q59189,Shanwei,http://www.wikidata.org/entity/Q148, China ,2738482
http://www.wikidata.org/entity/Q59189,Shanwei,http://www.wikidata.org/entity/Q148,People's Republic of China,"2,738,482"
http://www.wikidata.org/entity/Q181557,Kaohsiung,http://www.wikidata.org/entity/Q865,Taiwan,2733964
http://www.wikidata.org/entity/Q181557,  Kaohsiung ,http://www.wikidata.org/entity/Q865,Taiwan,2733964
http://www.wikidata.org/entity/Q181557,Kaohsiung,http://www.wikidata.org/entity/Q865,Taiwan,2733964
http://www.wikidata.org/entity/Q215755,Xiangtan,http://www.wikidata.org/entity/Q148,People's Republic of China,2726181
http://www.wikidata.org/entity/Q215755,Xiangtan,http://www.wikidata.org/entity/Q148,People's Republic of China,2726181
http://www.wikidata.org/entity/Q68862,Longyan.,http://www.wikidata.org/entity/Q148,People's Republic of China,2723637
http://www.wikidata.org/entity/Q68862,Longyan,http://www.wikidata.org/entity/Q148,People's Republic of China,2723637
http://www.wikidata.org/entity/Q181557,  Kaohsiung ,http://www.wikidata.org/entity/Q865,Taiwan,2721500
http://www.wikidata.org/entity/Q181557,KAOHSIUNG,http://www.wikidata.org/entity/Q865,Taiwan,2721500
http://www.wikidata.org/entity/Q181557,kaohsiung,http://www.wikidata.org/entity/Q865,Taiwan,2721500
http://www.wikidata.org/entity/Q75268,Tieling,http://www.wikidata.org/entity/Q148,People's Republic of China,2717732
http://www.wikidata.org/entity/Q75268,Tieling,http://www.wikidata.org/entity/Q148,People's Republic of China,2717732
http://www.wikidata.org/entity/Q178945,Bazhong,http://www.wikidata.org/entity/Q148,People's Republic of China,2712894
http://www.wikidata.org/entity/Q178945,  Bazhong ,http://www.wikidata.org/entity/Q148,People's Republic of China,2712894
http://www.wikidata.org/entity/Q569907,Baotou,http://www.wikidata.org/entity/Q148,People's Republic of China,2709378
http://www.wikidata.org/entity/Q569907,Baotou,http://www.wikidata.org/entity/Q148,People's Republic of China,2709378
http://www.wikidata.org/entity/Q34932,Brisbane,http://www.wikidata.org/entity/Q408,Australia,2706966
http://www.wikidata.org/entity/Q34932,Brisbane.,http://www.wikidata.org/entity/Q408,Australia,2706966
http://www.wikidata.org/entity/Q34932,Brisbane,http://www.wikidata.org/entity/Q408,Australia,2706966
http://www.wikidata.org/entity/Q28996,  Jinzhou ,http://www.wikidata.org/entity/Q148,People's Republic of China,2703853
http://www.wikidata.org/entity/Q28996,JINZHOU,http://www.wikidata.org/entity/Q148,People's Republic of China,2703853
http://www.wikidata.org/entity/Q186006,dingxi,http://www.wikidata.org/entity/Q148,People's Republic of China,
http://www.wikidata.org/entity/Q186006,Dingxi,http://www.wikidata.org/entity/Q148,People's Republic of China,2698624
http://www.wikidata.org/entity/Q73119,Xinzhou,http://www.wikidata.org/entity/Q148,P.R. China,2689668
http://www.wikidata.org/entity/Q3766,Damascus,http://www.wikidata.org/entity/Q858,Syria,2685360
http://www.wikidata.org/entity/Q3766,  Damascus ,http://www.wikidata.org/entity/Q858,Syria,2685360
http://www.wikidata.org/entity/Q3766,Damascus,http://www.wikidata.org/entity/Q858,Syria,2685360
http://www.wikidata.org/entity/Q3766,Damascus,http://www.wikidata.org/entity/Q858,Syria,2685360
http://www.wikidata.org/entity/Q3766,Damascus,http://www.wikidata.org/entity/Q858,Syria,2685360
http://www.wikidata.org/entity/Q68534,Nanping.,http://www.wikidata.org/entity/Q148,People's Republic of China,2680645
http://www.wikidata.org/entity/Q68534,Nanping,http://www.wikidata.org/entity/Q148,People's Republic of China,2680645
http://www.wikidata.org/entity/Q29015,  Zigong ,http://www.wikidata.org/entity/Q148,People's Republic of China,2678899
http://www.wikidata.org/entity/Q29015,ZIGONG,http://www.wikidata.org/entity/Q148,People's Republic of China,2678899 
http://www.wikidata.org/entity/Q59189,shanwei,http://www.wikidata.org/entity/Q148,People's Republic of China,2672819
http://www.wikidata.org/entity/Q59189,Shanwei,http://www.wikidata.org/entity/Q148,People's Republic of China,2672819
http://www.wikidata.org/entity/Q71373,Xianning,http://www.wikidata.org/entity/Q148,People's Republic of China,2658316
http://www.wikidata.org/entity/Q71373,Xianning,http://www.wikidata.org/entity/Q148,People's Republic of China,2658316
http://www.wikidata.org/entity/Q59227,  Chaozhou ,http://www.wikidata.org/entity/Q148,People's Republic of China,2656600
http://www.wikidata.org/entity/Q59227,Chaozhou,http://www.wikidata.org/entity/Q148, People's Republic of China ,2656600
http://www.wikidata.org/entity/Q569907,Baotou,http://www.wikidata.org/entity/Q148,People's Republic of China,2650364
http://www.wikidata.org/entity/Q569907,Baotou,http://www.wikidata.org/entity/Q148,People's Republic of China,2650364
http://www.wikidata.org/entity/Q43509,Guayaquil.,http://www.wikidata.org/entity/Q736,Ecuador,2650288
http://www.wikidata.org/entity/Q43509,Guayaquil,http://www.wikidata.org/entity/Q736,Ecuador,2650288
http://www.wikidata.org/entity/Q43509,  Guayaquil ,http://www.wikidata.org/entity/Q736,Ecuador,2650288
http://www.wikidata.org/entity/Q75379,HULUDAO,http://www.wikidata.org/entity/Q148,People's Republic of China,2623541
http://www.wikidata.org/entity/Q75379,huludao,http://www.wikidata.org/entity/Q148,People's Republic of China,2623541
http://www.wikidata.org/entity/Q59209,Yangjiang,http://www.wikidata.org/entity/Q148,People's Republic of China,2602959
http://www.wikidata.org/entity/Q59209,Yangjiang,http://www.wikidata.org/entity/Q148,People's Republic of China,2602959
http://www.wikidata.org/entity/Q182984,Kano,http://www.wikidata.org/entity/Q1033,Nigeria,2602000
http://www.wikidata.org/entity/Q182984,  Kano ,http://www.wikidata.org/entity/Q1033,Nigeria,2602000
http://www.wikidata.org/entity/Q71323,Jingmen,http://www.wikidata.org/entity/Q148,People's Republic of China,2596927
http://www.wikidata.org/entity/Q71323,Jingmen,http://www.wikidata.org/entity/Q148,People's Republic of China,2596927
http://www.wikidata.org/entity/Q207030,Ziyang,http://www.wikidata.org/entity/Q148,People's Republic of China,2593843
http://www.wikidata.org/entity/Q207030,Ziyang.,http://www.wikidata.org/entity/Q148,People's Republic of China,2593843
http://www.wikidata.org/entity/Q376749,Chittagong,http://www.wikidata.org/entity/Q902,Bangladesh,
http://www.wikidata.org/entity/Q376749,  Chittagong ,http://www.wikidata.org/entity/Q902,Bangladesh,2581643
http://www.wikidata.org/entity/Q43463,FORTALEZA,http://www.wikidata.org/entity/Q155,Brazil,2578483
http://www.wikidata.org/entity/Q519810,longnan,http://www.wikidata.org/entity/Q148,People's Republic of China,2567718
http://www.wikidata.org/entity/Q519810,Longnan,http://www.wikidata.org/entity/Q148,People's Republic of China,2567718
http://www.wikidata.org/entity/Q29003,Jiamusi,http://www.wikidata.org/entity/Q148,People's Republic of China,2552097
http://www.wikidata.org/entity/Q29003,Jiamusi,http://www.wikidata.org/entity/Q148,People's Republic of China,2552097
http://www.wikidata.org/entity/Q183298,  Ibadan ,http://www.wikidata.org/entity/Q1033,Nigeria,2550593
http://www.wikidata.org/entity/Q571033,Hulunbuir,http://www.wikidata.org/entity/Q148,People's Republic of China,2549252
http://www.wikidata.org/entity/Q71373,Xianning,http://www.wikidata.org/entity/Q148,People's Republic of China,2548400
http://www.wikidata.org/entity/Q71373,Xianning,http://www.wikidata.org/entity/Q148,People's Republic of China,2548400
http://www.wikidata.org/entity/Q5351808,El Paso–Juárez.,http://www.wikidata.org/entity/Q30,United States,2539946
http://www.wikidata.org/entity/Q5351808,El Paso–Juárez,http://www.wikidata.org/entity/Q96,Mexico,2539946
http://www.wikidata.org/entity/Q48278,  Medellín ,http://www.wikidata.org/entity/Q739,Colombia,2529403
http://www.wikidata.org/entity/Q48278,MEDELLÍN,http://www.wikidata.org/entity/Q739,Colombia,2529403
http://www.wikidata.org/entity/Q186006,dingxi,http://www.wikidata.org/entity/Q148,People's Republic of China,2524097
http://www.wikidata.org/entity/Q186006,Dingxi,http://www.wikidata.org/entity/Q148,People's Republic of China,2524097
http://www.wikidata.org/entity/Q58294,Lishui,http://www.wikidata.org/entity/Q148,People's Republic of China,2507396
http://www.wikidata.org/entity/Q360942,Xuancheng,http://www.wikidata.org/entity/Q148,People's Republic of China,2500063
http://www.wikidata.org/entity/Q2621587,  Waqooyi-Bari ,http://www.wikidata.org/entity/Q1045,Somalia,2500000
http://www.wikidata.org/entity/Q515846,Ankang,http://www.wikidata.org/entity/Q148,People's Republic of China,2493436
http://www.wikidata.org/entity/Q1563,Havana,http://www.wikidata.org/entity/Q241,Cuba,2492618
http://www.wikidata.org/entity/Q1563,Havana,http://www.wikidata.org/entity/Q241,Cuba,2492618
http://www.wikidata.org/entity/Q29015,Zigong.,http://www.wikidata.org/entity/Q148,People's Republic of China,2489256
http://www.wikidata.org/entity/Q29015,Zigong,http://www.wikidata.org/entity/Q148, People's Republic of China ,2489256
http://www.wikidata.org/entity/Q3897,  Luanda ,http://www.wikidata.org/entity/Q916,Angola,2487444 
http://www.wikidata.org/entity/Q3897,LUANDA,http://www.wikidata.org/entity/Q916,Angola,2487444
http://www.wikidata.org/entity/Q3897,luanda,http://www.wikidata.org/entity/Q916,Angola,2487444
http://www.wikidata.org/entity/Q3897,Luanda,http://www.wikidata.org/entity/Q916,Angola,2487444
http://www.wikidata.org/entity/Q68614,Sanming,http://www.wikidata.org/entity/Q148,People's Republic of China,2486450
http://www.wikidata.org/entity/Q68614,Sanming,http://www.wikidata.org/entity/Q148,People's Republic of China,2486450
http://www.wikidata.org/entity/Q426237,  Guangyuan ,http://www.wikidata.org/entity/Q148,People's Republic of China,2484122
http://www.wikidata.org/entity/Q426237,Guangyuan,http://www.wikidata.org/entity/Q148,People's Republic of China,2484122
http://www.wikidata.org/entity/Q71204,Huangshi,http://www.wikidata.org/entity/Q148,People's Republic of China,
http://www.wikidata.org/entity/Q71204,Huangshi,http://www.wikidata.org/entity/Q148,People's Republic of China,2471700
http://www.wikidata.org/entity/Q51103,Cali.,http://www.wikidata.org/entity/Q739,Colombia,2471474
http://www.wikidata.org/entity/Q51103,Cali,http://www.wikidata.org/entity/Q739,Colombia,"2,471,474"
http://www.wikidata.org/entity/Q486149,  Anshun ,http://www.wikidata.org/entity/Q148,People's Republic of China,2470630
http://www.wikidata.org/entity/Q486149,ANSHUN,http://www.wikidata.org/entity/Q148,People's Republic of China,2470630
http://www.wikidata.org/entity/Q71204,huangshi,http://www.wikidata.org/entity/Q148,People's Republic of China,2469079
http://www.wikidata.org/entity/Q71204,Huangshi,http://www.wikidata.org/entity/Q148,People's Republic of China,2469079
http://www.wikidata.org/entity/Q69060,Xining,http://www.wikidata.org/entity/Q148,People's Republic of China,2467965
http://www.wikidata.org/entity/Q69060,Xining,http://www.wikidata.org/entity/Q148,People's Republic of China,2467965
http://www.wikidata.org/entity/Q69060,  Xining ,http://www.wikidata.org/entity/Q148,People's Republic of China,2467965
http://www.wikidata.org/entity/Q3881,Lusaka,http://www.wikidata.org/entity/Q953,Zambia,2467563
http://www.wikidata.org/entity/Q3881,Lusaka,http://www.wikidata.org/entity/Q953,Zambia,2467563
http://www.wikidata.org/entity/Q3881,Lusaka,http://www.wikidata.org/entity/Q953,Zambia,2467563
http://www.wikidata.org/entity/Q3777,Ouagadougou.,http://www.wikidata.org/entity/Q965,Burkina Faso,2453496
http://www.wikidata.org/entity/Q75110,Dandong,http://www.wikidata.org/entity/Q148,People's Republic of China,2444697
http://www.wikidata.org/entity/Q75110,  Dandong ,http://www.wikidata.org/entity/Q148,People's Republic of China,2444697
http://www.wikidata.org/entity/Q75110,DANDONG,http://www.wikidata.org/entity/Q148,People's Republic of China,2444697
http://www.wikidata.org/entity/Q20927,daegu,http://www.wikidata.org/entity/Q884,South Korea,2444412
http://www.wikidata.org/entity/Q20927,Daegu,http://www.wikidata.org/entity/Q884,South Korea,2444412
http://www.wikidata.org/entity/Q1867,Taipei,http://www.wikidata.org/entity/Q865,Taiwan,2442991
http://www.wikidata.org/entity/Q1867,Taipei,http://www.wikidata.org/entity/Q865,Taiwan,2442991
http://www.wikidata.org/entity/Q1867,  Taipei ,http://www.wikidata.org/entity/Q865,Taiwan,2442991
http://www.wikidata.org/entity/Q1867,Taipei,http://www.wikidata.org/entity/Q865,Taiwan,2442991
http://www.wikidata.org/entity/Q3808,Yaoundé,http://www.wikidata.org/entity/Q1009,Cameroon,2440462
http://www.wikidata.org/entity/Q59095,Zhuhai,http://www.wikidata.org/entity/Q148,People's Republic of China,2439585
http://www.wikidata.org/entity/Q59095,Zhuhai.,http://www.wikidata.org/entity/Q148,People's Republic of China,2439585
http://www.wikidata.org/entity/Q75379,Huludao,http://www.wikidata.org/entity/Q148,People's Republic of China,2434194
http://www.wikidata.org/entity/Q75379,  Huludao ,http://www.wikidata.org/entity/Q148,People's Republic of China,2434194
http://www.wikidata.org/entity/Q496576,BAOSHAN,http://www.wikidata.org/entity/Q148,People's Republic of China,2431211
http://www.wikidata.org/entity/Q496576,baoshan,http://www.wikidata.org/entity/Q148,People's Republic of China,2431211
http://www.wikidata.org/entity/Q75150,Yingkou,http://www.wikidata.org/entity/Q148, People's Republic of China ,2428534
http://www.wikidata.org/entity/Q75150,Yingkou,http://www.wikidata.org/entity/Q148,People's Republic of China,2428534
http://www.wikidata.org/entity/Q6487,Antalya,http://www.wikidata.org/entity/Q43,Turkey,
http://www.wikidata.org/entity/Q6487,  Antalya ,http://www.wikidata.org/entity/Q43,Turkey,2426356
http://www.wikidata.org/entity/Q6487,Antalya,http://www.wikidata.org/entity/Q43,Turkey,2426356
http://www.wikidata.org/entity/Q3820,Beirut,http://www.wikidata.org/entity/Q822,Lebanon,2421354
http://www.wikidata.org/entity/Q3820,Beirut,http://www.wikidata.org/entity/Q822,Lebanon,2421354
http://www.wikidata.org/entity/Q3820,Beirut.,http://www.wikidata.org/entity/Q822,Lebanon,2421354
http://www.wikidata.org/entity/Q36947,Salvador,http://www.wikidata.org/entity/Q155,Brazil,2417678 
http://www.wikidata.org/entity/Q519810,  Longnan ,http://www.wikidata.org/entity/Q148,People's Republic of China,2407272
http://www.wikidata.org/entity/Q519810,LONGNAN,http://www.wikidata.org/entity/Q148,People's Republic of China,2407272
http://www.wikidata.org/entity/Q1513,nagpur,http://www.wikidata.org/entity/Q668,India,2405665
http://www.wikidata.org/entity/Q1513,Nagpur,http://www.wikidata.org/entity/Q668,India,2405665
http://www.wikidata.org/entity/Q18424,Queens,http://www.wikidata.org/entity/Q30,United States,2405464
http://www.wikidata.org/entity/Q496765,Pu'er City,http://www.wikidata.org/entity/Q148,People's Republic of China,2404954
http://www.wikidata.org/entity/Q496765,  Pu'er City ,http://www.wikidata.org/entity/Q148,People's Republic of China,2404954
http://www.wikidata.org/entity/Q75268,Tieling,http://www.wikidata.org/entity/Q148,People's Republic of China,2388294
http://www.wikidata.org/entity/Q75268,Tieling,http://www.wikidata.org/entity/Q148,People's Republic of China,2388294
http://www.wikidata.org/entity/Q59233,Yunfu,http://www.wikidata.org/entity/Q148,People's Republic of China,2383350
http://www.wikidata.org/entity/Q59233,Yunfu.,http://www.wikidata.org/entity/Q148,People's Republic of China,2383350
http://www.wikidata.org/entity/Q10392,Bekasi,http://www.wikidata.org/entity/Q252,Indonesia,2381053
http://www.wikidata.org/entity/Q20927,  Daegu ,http://www.wikidata.org/entity/Q884,South Korea,2376044
http://www.wikidata.org/entity/Q20927,DAEGU,http://www.wikidata.org/entity/Q884,South Korea,2376044
http://www.wikidata.org/entity/Q207098,ghaziabad,http://www.wikidata.org/entity/Q668,India,2375820
http://www.wikidata.org/entity/Q207098,Ghaziabad,http://www.wikidata.org/entity/Q668,India,2375820
http://www.wikidata.org/entity/Q404599,Luohe,http://www.wikidata.org/entity/Q148,People's Republic of China,2367490
http://www.wikidata.org/entity/Q404599,Luohe,http://www.wikidata.org/entity/Q148,People's Republic of China,2367490
http://www.wikidata.org/entity/Q3561,  Algiers ,http://www.wikidata.org/entity/Q262,Algeria,2364230
http://www.wikidata.org/entity/Q486149,Anshun,http://www.wikidata.org/entity/Q148,People's Republic of China,2353100
http://www.wikidata.org/entity/Q486149,Anshun,http://www.wikidata.org/entity/Q148,People's Republic of China,2353100
http://www.wikidata.org/entity/Q115256,Taoyuan,http://www.wikidata.org/entity/Q865,Taiwan,2352683
http://www.wikidata.org/entity/Q115256,Taoyuan.,http://www.wikidata.org/entity/Q865,Taiwan,2352683
http://www.wikidata.org/entity/Q10396,Depok,http://www.wikidata.org/entity/Q252,Indonesia,2330333
http://www.wikidata.org/entity/Q75150,  Yingkou ,http://www.wikidata.org/entity/Q148,People's Republic of China,2328582
http://www.wikidata.org/entity/Q75150,YINGKOU,http://www.wikidata.org/entity/Q148,People's Republic of China,2328582
http://www.wikidata.org/entity/Q11751,nagoya,http://www.wikidata.org/entity/Q17,Japan,
http://www.wikidata.org/entity/Q11751,Nagoya,http://www.wikidata.org/entity/Q17,Japan,2326844
http://www.wikidata.org/entity/Q11751,Nagoya,http://www.wikidata.org/entity/Q17,Japan,2326844
http://www.wikidata.org/entity/Q11751,Nagoya,http://www.wikidata.org/entity/Q17,Japan,2326844
http://www.wikidata.org/entity/Q42800,  Belo Horizonte ,http://www.wikidata.org/entity/Q155,Brazil,2315560
http://www.wikidata.org/entity/Q207030,Ziyang,http://www.wikidata.org/entity/Q148, People's Republic of China ,2308631
http://www.wikidata.org/entity/Q207030,Ziyang,http://www.wikidata.org/entity/Q148,People's Republic of China,2308631
http://www.wikidata.org/entity/Q426237,Guangyuan,http://www.wikidata.org/entity/Q148,People's Republic of China,2305657
http://www.wikidata.org/entity/Q426237,Guangyuan.,http://www.wikidata.org/entity/Q148,People's Republic of China,2305657
http://www.wikidata.org/entity/Q16555,Houston,http://www.wikidata.org/entity/Q30,United States,2304580
http://www.wikidata.org/entity/Q16555,  Houston ,http://www.wikidata.org/entity/Q30,United States,2304580
http://www.wikidata.org/entity/Q16555,HOUSTON,http://www.wikidata.org/entity/Q30,United States,2304580
http://www.wikidata.org/entity/Q40236,manaus,http://www.wikidata.org/entity/Q155,Brazil,2303732
http://www.wikidata.org/entity/Q9248,Baku,http://www.wikidata.org/entity/Q227,Azerbaijan,2300500
http://www.wikidata.org/entity/Q75150,Yingkou,http://www.wikidata.org/entity/Q148,People's Republic of China,2296540
http://www.wikidata.org/entity/Q75150,Yingkou,http://www.wikidata.org/entity/Q148,People's Republic of China,2296540
http://www.wikidata.org/entity/Q81551,  Konya Province ,http://www.wikidata.org/entity/Q43,Turkey,2296347
http://www.wikidata.org/entity/Q217646,Mudanjiang,http://www.wikidata.org/entity/Q148,People's Republic of China,2290208
http://www.wikidata.org/entity/Q217646,Mudanjiang,http://www.wikidata.org/entity/Q148,People's Republic of China,2290208
http://www.wikidata.org/entity/Q515388,Yan'an,http://www.wikidata.org/entity/Q148,People's Republic of China,2282581
http://www.wikidata.org/entity/Q515388,Yan'an.,http://www.wikidata.org/entity/Q148,P.R. China,2282581 
http://www.wikidata.org/entity/Q58235,Quzhou,http://www.wikidata.org/entity/Q148,People's Republic of China,2276184
http://www.wikidata.org/entity/Q58235,  Quzhou ,http://www.wikidata.org/entity/Q148,People's Republic of China,2276184
http://www.wikidata.org/entity/Q496837,LINCANG,http://www.wikidata.org/entity/Q148,People's Republic of China,2257991
http://www.wikidata.org/entity/Q496837,lincang,http://www.wikidata.org/entity/Q148,People's Republic of China,2257991
http://www.wikidata.org/entity/Q92364,Songyuan,http://www.wikidata.org/entity/Q148,People's Republic of China,2252994
http://www.wikidata.org/entity/Q496496,Yuxi,http://www.wikidata.org/entity/Q148,People's Republic of China,2249502
http://www.wikidata.org/entity/Q1533,Caracas,http://www.wikidata.org/entity/Q717,Venezuela,2245744
http://www.wikidata.org/entity/Q1533,  Caracas ,http://www.wikidata.org/entity/Q717,Venezuela,"2,245,744"
http://www.wikidata.org/entity/Q1533,Caracas,http://www.wikidata.org/entity/Q717,Venezuela,2245744
http://www.wikidata.org/entity/Q1533,Caracas,http://www.wikidata.org/entity/Q717,Venezuela,2245744
http://www.wikidata.org/entity/Q571033,Hulunbuir,http://www.wikidata.org/entity/Q148,People's Republic of China,2242875
http://www.wikidata.org/entity/Q10127,Tangerang.,http://www.wikidata.org/entity/Q252,Indonesia,2237006
http://www.wikidata.org/entity/Q572140,Laibin,http://www.wikidata.org/entity/Q148,People's Republic of China,
http://www.wikidata.org/entity/Q79857,  Konya ,http://www.wikidata.org/entity/Q43,Turkey,2232374
http://www.wikidata.org/entity/Q79857,KONYA,http://www.wikidata.org/entity/Q43,Turkey,2232374
http://www.wikidata.org/entity/Q79857,konya,http://www.wikidata.org/entity/Q43,Turkey,2232374
http://www.wikidata.org/entity/Q35493,Almaty,http://www.wikidata.org/entity/Q232,Kazakhstan,2228675
http://www.wikidata.org/entity/Q35493,Almaty,http://www.wikidata.org/entity/Q232,Kazakhstan,2228675
http://www.wikidata.org/entity/Q71401,Suizhou,http://www.wikidata.org/entity/Q148,People's Republic of China,2221000
http://www.wikidata.org/entity/Q533764,  Qingyang ,http://www.wikidata.org/entity/Q148,People's Republic of China,2211191
http://www.wikidata.org/entity/Q533764,Qingyang,http://www.wikidata.org/entity/Q148,People's Republic of China,2211191
http://www.wikidata.org/entity/Q69060,Xining,http://www.wikidata.org/entity/Q148,People's Republic of China,2208708
http://www.wikidata.org/entity/Q69060,Xining,http://www.wikidata.org/entity/Q148,People's Republic of China,2208708
http://www.wikidata.org/entity/Q69060,Xining.,http://www.wikidata.org/entity/Q148,People's Republic of China,2208708
http://www.wikidata.org/entity/Q81551,Konya Province,http://www.wikidata.org/entity/Q43, Turkey ,2205609
http://www.wikidata.org/entity/Q34820,  Santo Domingo ,http://www.wikidata.org/entity/Q786,Dominican Republic,2201941
http://www.wikidata.org/entity/Q34820,SANTO DOMINGO,http://www.wikidata.org/entity/Q786,Dominican Republic,2201941
http://www.wikidata.org/entity/Q319660,mbuji-mayi,http://www.wikidata.org/entity/Q974,Democratic Republic of the Congo,2201000
http://www.wikidata.org/entity/Q72990,Jincheng,http://www.wikidata.org/entity/Q148,People's Republic of China,2194545
http://www.wikidata.org/entity/Q72990,Jincheng,http://www.wikidata.org/entity/Q148,People's Republic of China,2194545
http://www.wikidata.org/entity/Q372414,Dongying,http://www.wikidata.org/entity/Q148,People's Republic of China,2193518
http://www.wikidata.org/entity/Q372414,  Dongying ,http://www.wikidata.org/entity/Q148,People's Republic of China,2193518
http://www.wikidata.org/entity/Q75110,Dandong,http://www.wikidata.org/entity/Q148,People's Republic of China,2188436
http://www.wikidata.org/entity/Q75110,Dandong,http://www.wikidata.org/entity/Q148,People's Republic of China,2188436
http://www.wikidata.org/entity/Q75110,Dandong,http://www.wikidata.org/entity/Q148,People's Republic of China,2188436
http://www.wikidata.org/entity/Q3792,Lomé.,http://www.wikidata.org/entity/Q945,Togo,2188376
http://www.wikidata.org/entity/Q3792,Lomé,http://www.wikidata.org/entity/Q945,Togo,2188376
http://www.wikidata.org/entity/Q3792,  Lomé ,http://www.wikidata.org/entity/Q945,Togo,2188376
http://www.wikidata.org/entity/Q3792,LOMÉ,http://www.wikidata.org/entity/Q945,Togo,2188376
http://www.wikidata.org/entity/Q58235,quzhou,http://www.wikidata.org/entity/Q148,People's Republic of China,2185000
http://www.wikidata.org/entity/Q58235,Quzhou,http://www.wikidata.org/entity/Q148,People's Republic of China,2185000
http://www.wikidata.org/entity/Q533764,Qingyang,http://www.wikidata.org/entity/Q148,People's Republic of China,2179716
http://www.wikidata.org/entity/Q533764,Qingyang,http://www.wikidata.org/entity/Q148,People's Republic of China,2179716
http://www.wikidata.org/entity/Q360235,  Ma'anshan ,http://www.wikidata.org/entity/Q148,People's Republic of China,2159930
http://www.wikidata.org/entity/Q360235,Ma'anshan,http://www.wikidata.org/entity/Q148,People's Republic of China,2159930
http://www.wikidata.org/entity/Q29003,Jiamusi,http://www.wikidata.org/entity/Q148,People's Republic of China,
http://www.wikidata.org/entity/Q29003,Jiamusi,http://www.wikidata.org/entity/Q148,People's Republic of China,2156505 
http://www.wikidata.org/entity/Q570937,Ordos City.,http://www.wikidata.org/entity/Q148,People's Republic of China,2153638
http://www.wikidata.org/entity/Q3921,Harare,http://www.wikidata.org/entity/Q954,Zimbabwe,2150000
http://www.wikidata.org/entity/Q3921,  Harare ,http://www.wikidata.org/entity/Q954,Zimbabwe,2150000
http://www.wikidata.org/entity/Q3844,BRAZZAVILLE,http://www.wikidata.org/entity/Q971,Republic of the Congo,2145783
http://www.wikidata.org/entity/Q3844,brazzaville,http://www.wikidata.org/entity/Q971,Republic of the Congo,2145783
http://www.wikidata.org/entity/Q3844,Brazzaville,http://www.wikidata.org/entity/Q971,Republic of the Congo,2145783
http://www.wikidata.org/entity/Q3183,Perth,http://www.wikidata.org/entity/Q408,Australia,2141834
http://www.wikidata.org/entity/Q3183,Perth,http://www.wikidata.org/entity/Q408,Australia,2141834
http://www.wikidata.org/entity/Q1563,  Havana ,http://www.wikidata.org/entity/Q241,Cuba,2141652
http://www.wikidata.org/entity/Q1563,Havana,http://www.wikidata.org/entity/Q241,Cuba,2141652
http://www.wikidata.org/entity/Q1850,Phnom Penh,http://www.wikidata.org/entity/Q424,Cambodia,2129371
http://www.wikidata.org/entity/Q1850,Phnom  Penh,http://www.wikidata.org/entity/Q424,Cambodia,2129371
http://www.wikidata.org/entity/Q1850,Phnom Penh.,http://www.wikidata.org/entity/Q424,Cambodia,2129371
http://www.wikidata.org/entity/Q72818,Haiphong,http://www.wikidata.org/entity/Q881,Vietnam,2124500
http://www.wikidata.org/entity/Q72818,  Haiphong ,http://www.wikidata.org/entity/Q881,Vietnam,2124500
http://www.wikidata.org/entity/Q72818,HAIPHONG,http://www.wikidata.org/entity/Q881,Vietnam,2124500
http://www.wikidata.org/entity/Q2449,mogadishu,http://www.wikidata.org/entity/Q1045,Somalia,2120000
http://www.wikidata.org/entity/Q2449,Mogadishu,http://www.wikidata.org/entity/Q1045, Somalia ,2120000
http://www.wikidata.org/entity/Q2449,Mogadishu,http://www.wikidata.org/entity/Q1045,Somalia,2120000
http://www.wikidata.org/entity/Q2449,Mogadishu,http://www.wikidata.org/entity/Q1045,Somalia,2120000
http://www.wikidata.org/entity/Q58294,  Lishui ,http://www.wikidata.org/entity/Q148,People's Republic of China,2116957
http://www.wikidata.org/entity/Q5972,Medan,http://www.wikidata.org/entity/Q252,Indonesia,2109330
http://www.wikidata.org/entity/Q90,Paris,http://www.wikidata.org/entity/Q142,France,2103778
http://www.wikidata.org/entity/Q90,Paris,http://www.wikidata.org/entity/Q142,France,2103778
http://www.wikidata.org/entity/Q90,Paris.,http://www.wikidata.org/entity/Q142,France,2103778
http://www.wikidata.org/entity/Q90,Paris,http://www.wikidata.org/entity/Q142,France,2103778
http://www.wikidata.org/entity/Q90,  Paris ,http://www.wikidata.org/entity/Q142,France,2103778
http://www.wikidata.org/entity/Q72818,HAIPHONG,http://www.wikidata.org/entity/Q881,Vietnam,2103500
http://www.wikidata.org/entity/Q72818,haiphong,http://www.wikidata.org/entity/Q881,Vietnam,2103500
http://www.wikidata.org/entity/Q72818,Haiphong,http://www.wikidata.org/entity/Q881,Vietnam,2103500
http://www.wikidata.org/entity/Q572231,Chongzuo,http://www.wikidata.org/entity/Q148,People's Republic of China,2099400
http://www.wikidata.org/entity/Q93230,Rawalpindi,http://www.wikidata.org/entity/Q843,Pakistan,
http://www.wikidata.org/entity/Q93230,  Rawalpindi ,http://www.wikidata.org/entity/Q843,Pakistan,2098231
http://www.wikidata.org/entity/Q182984,Kano,http://www.wikidata.org/entity/Q1033,Nigeria,2095000
http://www.wikidata.org/entity/Q182984,Kano,http://www.wikidata.org/entity/Q1033,Nigeria,2095000
http://www.wikidata.org/entity/Q1563,Havana,http://www.wikidata.org/entity/Q241,Cuba,2089532
http://www.wikidata.org/entity/Q1563,Havana.,http://www.wikidata.org/entity/Q241,Cuba,2089532
http://www.wikidata.org/entity/Q572231,Chongzuo,http://www.wikidata.org/entity/Q148,People's Republic of China,2088692
http://www.wikidata.org/entity/Q72818,  Haiphong ,http://www.wikidata.org/entity/Q881,Vietnam,2088020
http://www.wikidata.org/entity/Q72818,HAIPHONG,http://www.wikidata.org/entity/Q881,Vietnam,2088020
http://www.wikidata.org/entity/Q72818,haiphong,http://www.wikidata.org/entity/Q881,Vietnam,2088020
http://www.wikidata.org/entity/Q81551,Konya Province,http://www.wikidata.org/entity/Q43,Turkey,2076524
http://www.wikidata.org/entity/Q572140,Laibin,http://www.wikidata.org/entity/Q148,People's Republic of China,2074611
http://www.wikidata.org/entity/Q572014,Hezhou,http://www.wikidata.org/entity/Q148,People's Republic of China,2072600
http://www.wikidata.org/entity/Q533985,  Pingliang ,http://www.wikidata.org/entity/Q148,People's Republic of China,2068033
http://www.wikidata.org/entity/Q533985,Pingliang,http://www.wikidata.org/entity/Q148,People's Republic of China,2068033
http://www.wikidata.org/entity/Q11909,Vadodara,http://www.wikidata.org/entity/Q668,India,2065771 
http://www.wikidata.org/entity/Q11909,Vadodara,http://www.wikidata.org/entity/Q668,India,2065771
http://www.wikidata.org/entity/Q71401,Suizhou.,http://www.wikidata.org/entity/Q148,People's Republic of China,2047923
http://www.wikidata.org/entity/Q11854,Rajkot,http://www.wikidata.org/entity/Q668,India,2043000
http://www.wikidata.org/entity/Q11854,  Rajkot ,http://www.wikidata.org/entity/Q668,India,2043000
http://www.wikidata.org/entity/Q515983,SHANGLUO,http://www.wikidata.org/entity/Q148,People's Republic of China,"2,041,231"
http://www.wikidata.org/entity/Q515983,shangluo,http://www.wikidata.org/entity/Q148,China,2041231
http://www.wikidata.org/entity/Q200016,Visakhapatnam,http://www.wikidata.org/entity/Q668,India,2035922
http://www.wikidata.org/entity/Q200016,Visakhapatnam,http://www.wikidata.org/entity/Q668,India,2035922
http://www.wikidata.org/entity/Q404636,Sanmenxia,http://www.wikidata.org/entity/Q148,People's Republic of China,2034872
http://www.wikidata.org/entity/Q404636,  Sanmenxia ,http://www.wikidata.org/entity/Q148,People's Republic of China,2034872
http://www.wikidata.org/entity/Q92381,Baicheng,http://www.wikidata.org/entity/Q148, People's Republic of China ,2032356
http://www.wikidata.org/entity/Q1741,Vienna,http://www.wikidata.org/entity/Q40,Austria,2028289
http://www.wikidata.org/entity/Q1741,Vienna,http://www.wikidata.org/entity/Q40,Austria,2028289
http://www.wikidata.org/entity/Q1741,Vienna.,http://www.wikidata.org/entity/Q40,Austria,2028289
http://www.wikidata.org/entity/Q1741,Vienna,http://www.wikidata.org/entity/Q40,Austria,2028289
http://www.wikidata.org/entity/Q1741,  Vienna ,http://www.wikidata.org/entity/Q40,Austria,2028289
http://www.wikidata.org/entity/Q243322,GUJRANWALA,http://www.wikidata.org/entity/Q843,Pakistan,2027001
http://www.wikidata.org/entity/Q243322,gujranwala,http://www.wikidata.org/entity/Q843,Pakistan,
http://www.wikidata.org/entity/Q572014,Hezhou,http://www.wikidata.org/entity/Q148,People's Republic of China,2007858
http://www.wikidata.org/entity/Q41183,Aleppo,http://www.wikidata.org/entity/Q858,Syria,2003671
http://www.wikidata.org/entity/Q41183,Aleppo,http://www.wikidata.org/entity/Q858,Syria,2003671
http://www.wikidata.org/entity/Q2280,  Minsk ,http://www.wikidata.org/entity/Q184,Belarus,1995091
http://www.wikidata.org/entity/Q66616,Indore,http://www.wikidata.org/entity/Q668,India,1994397
http://www.wikidata.org/entity/Q211243,Yinchuan,http://www.wikidata.org/entity/Q148,People's Republic of China,1993088
http://www.wikidata.org/entity/Q211243,Yinchuan,http://www.wikidata.org/entity/Q148,People's Republic of China,1993088
http://www.wikidata.org/entity/Q133118,Şanlıurfa.,http://www.wikidata.org/entity/Q43,Turkey,1985753
http://www.wikidata.org/entity/Q133118,Şanlıurfa,http://www.wikidata.org/entity/Q43,Turkey,1985753
http://www.wikidata.org/entity/Q133118,  Şanlıurfa ,http://www.wikidata.org/entity/Q43,Turkey,1985753
http://www.wikidata.org/entity/Q708605,BINHAI NEW AREA,http://www.wikidata.org/entity/Q148,People's Republic of China,1973752
http://www.wikidata.org/entity/Q205327,kananga,http://www.wikidata.org/entity/Q974,Democratic Republic of the Congo,1971704
http://www.wikidata.org/entity/Q205327,Kananga,http://www.wikidata.org/entity/Q974,Democratic Republic of the Congo,1971704
http://www.wikidata.org/entity/Q360268,Huaibei,http://www.wikidata.org/entity/Q148,People's Republic of China,1970265
http://www.wikidata.org/entity/Q360268,Huaibei,http://www.wikidata.org/entity/Q148,People's Republic of China,1970265
http://www.wikidata.org/entity/Q1113311,  Peshawar ,http://www.wikidata.org/entity/Q843,Pakistan,1970042
http://www.wikidata.org/entity/Q1113311,Peshawar,http://www.wikidata.org/entity/Q843,Pakistan,1970042
http://www.wikidata.org/entity/Q124739,Tijuana,http://www.wikidata.org/entity/Q96,Mexico,1964788
http://www.wikidata.org/entity/Q124739,Tijuana,http://www.wikidata.org/entity/Q96,Mexico,1964788
http://www.wikidata.org/entity/Q42053,Isfahan.,http://www.wikidata.org/entity/Q794,Iran,1961260
http://www.wikidata.org/entity/Q42053,Isfahan,http://www.wikidata.org/entity/Q794,Iran,1961260
http://www.wikidata.org/entity/Q42053,  Isfahan ,http://www.wikidata.org/entity/Q794,Iran,1961260
http://www.wikidata.org/entity/Q37951,SAPPORO,http://www.wikidata.org/entity/Q17,Japan,1959313
http://www.wikidata.org/entity/Q37951,sapporo,http://www.wikidata.org/entity/Q17,Japan,1959313
http://www.wikidata.org/entity/Q37951,Sapporo,http://www.wikidata.org/entity/Q17,Japan,1959313
http://www.wikidata.org/entity/Q83965,Kocaeli Province,http://www.wikidata.org/entity/Q43,Turkey,1953035
http://www.wikidata.org/entity/Q362865,Pingxiang,http://www.wikidata.org/entity/Q148,People's Republic of China,1933200
http://www.wikidata.org/entity/Q362865,  Pingxiang ,http://www.wikidata.org/entity/Q148,People's Republic of China,1933200
http://www.wikidata.org/entity/Q194165,Irbid,http://www.wikidata.org/entity/Q810,Jordan,1911600 
http://www.wikidata.org/entity/Q194165,Irbid,http://www.wikidata.org/entity/Q810,Jordan,1911600
http://www.wikidata.org/entity/Q1055,Hamburg,http://www.wikidata.org/entity/Q183,Germany,1910160
http://www.wikidata.org/entity/Q1055,Hamburg.,http://www.wikidata.org/entity/Q183,Germany,1910160
http://www.wikidata.org/entity/Q1055,Hamburg,http://www.wikidata.org/entity/Q183, Germany ,
http://www.wikidata.org/entity/Q1055,  Hamburg ,http://www.wikidata.org/entity/Q183,Germany,1910160
http://www.wikidata.org/entity/Q1055,HAMBURG,http://www.wikidata.org/entity/Q183,Germany,1910160
http://www.wikidata.org/entity/Q1055,hamburg,http://www.wikidata.org/entity/Q183,Germany,1910160
http://www.wikidata.org/entity/Q1055,Hamburg,http://www.wikidata.org/entity/Q183,Germany,1910160
http://www.wikidata.org/entity/Q1055,Hamburg,http://www.wikidata.org/entity/Q183,Germany,1910160
http://www.wikidata.org/entity/Q83965,Kocaeli Province,http://www.wikidata.org/entity/Q43,Turkey,1906391
http://www.wikidata.org/entity/Q3114019,  Katowice urban area ,http://www.wikidata.org/entity/Q36,Poland,1903000
http://www.wikidata.org/entity/Q1461,Manila,http://www.wikidata.org/entity/Q928,Philippines,1902590
http://www.wikidata.org/entity/Q1461,Manila,http://www.wikidata.org/entity/Q928,Philippines,1902590
http://www.wikidata.org/entity/Q1461,Manila,http://www.wikidata.org/entity/Q928,Philippines,1902590
http://www.wikidata.org/entity/Q1461,Manila.,http://www.wikidata.org/entity/Q928,Philippines,1902590
http://www.wikidata.org/entity/Q1461,Manila,http://www.wikidata.org/entity/Q928,Philippines,1902590
http://www.wikidata.org/entity/Q72778,  Taiyuan ,http://www.wikidata.org/entity/Q148,People's Republic of China,1900000
http://www.wikidata.org/entity/Q72778,TAIYUAN,http://www.wikidata.org/entity/Q148,People's Republic of China,1900000
http://www.wikidata.org/entity/Q340,montreal,http://www.wikidata.org/entity/Q16,Canada,1895211
http://www.wikidata.org/entity/Q340,Montreal,http://www.wikidata.org/entity/Q16,Canada,1895211
http://www.wikidata.org/entity/Q59095,Zhuhai,http://www.wikidata.org/entity/Q148,People's Republic of China,1891100
http://www.wikidata.org/entity/Q59095,Zhuhai,http://www.wikidata.org/entity/Q148,People's Republic of China,1891100
http://www.wikidata.org/entity/Q207749,  Thane ,http://www.wikidata.org/entity/Q668,India,1886941
http://www.wikidata.org/entity/Q207749,Thane,http://www.wikidata.org/entity/Q668,India,1886941
http://www.wikidata.org/entity/Q140631,Tainan,http://www.wikidata.org/entity/Q865,Taiwan,1874686
http://www.wikidata.org/entity/Q140631,Tainan,http://www.wikidata.org/entity/Q865,Taiwan,1874686
http://www.wikidata.org/entity/Q185453,Multan.,http://www.wikidata.org/entity/Q843,Pakistan,1871843
http://www.wikidata.org/entity/Q185453,Multan,http://www.wikidata.org/entity/Q843,Pakistan,1871843
http://www.wikidata.org/entity/Q270,  Warsaw ,http://www.wikidata.org/entity/Q36,Poland,1862402
http://www.wikidata.org/entity/Q270,WARSAW,http://www.wikidata.org/entity/Q36,Poland,1862402
http://www.wikidata.org/entity/Q270,warsaw,http://www.wikidata.org/entity/Q36,Poland,1862402
http://www.wikidata.org/entity/Q270,Warsaw,http://www.wikidata.org/entity/Q36,Poland,1862402
http://www.wikidata.org/entity/Q270,Warsaw,http://www.wikidata.org/entity/Q36,Poland,1862402
http://www.wikidata.org/entity/Q270,Warsaw,http://www.wikidata.org/entity/Q36,Poland,1862402
http://www.wikidata.org/entity/Q28979,  Jixi ,http://www.wikidata.org/entity/Q148,People's Republic of China,1862165
http://www.wikidata.org/entity/Q28979,Jixi,http://www.wikidata.org/entity/Q148,People's Republic of China,1862165
http://www.wikidata.org/entity/Q75026,Fushun,http://www.wikidata.org/entity/Q148,People's Republic of China,
http://www.wikidata.org/entity/Q75026,Fushun,http://www.wikidata.org/entity/Q148,People's Republic of China,1861372
http://www.wikidata.org/entity/Q75203,Liaoyang.,http://www.wikidata.org/entity/Q148,People's Republic of China,1858768
http://www.wikidata.org/entity/Q75203,Liaoyang,http://www.wikidata.org/entity/Q148,People's Republic of China,1858768
http://www.wikidata.org/entity/Q140631,  Tainan ,http://www.wikidata.org/entity/Q865,Taiwan,1854682
http://www.wikidata.org/entity/Q140631,TAINAN,http://www.wikidata.org/entity/Q865,Taiwan,1854682
http://www.wikidata.org/entity/Q210365,beihai,http://www.wikidata.org/entity/Q148,People's Republic of China,1853227
http://www.wikidata.org/entity/Q210365,Beihai,http://www.wikidata.org/entity/Q148, People's Republic of China ,1853227
http://www.wikidata.org/entity/Q83965,Kocaeli Province,http://www.wikidata.org/entity/Q43,Turkey,1851790
http://www.wikidata.org/entity/Q1473,Davao City,http://www.wikidata.org/entity/Q928,Philippines,1848947
http://www.wikidata.org/entity/Q533985,  Pingliang ,http://www.wikidata.org/entity/Q148,People's Republic of China,1848607 
http://www.wikidata.org/entity/Q533985,Pingliang,http://www.wikidata.org/entity/Q148,People's Republic of China,1848607
http://www.wikidata.org/entity/Q34750,Fuxin,http://www.wikidata.org/entity/Q148,People's Republic of China,"1,819,339"
http://www.wikidata.org/entity/Q34750,Fuxin,http://www.wikidata.org/entity/Q148,People's Republic of China,1819339
http://www.wikidata.org/entity/Q249007,Wuwei.,http://www.wikidata.org/entity/Q148,People's Republic of China,1815059
http://www.wikidata.org/entity/Q249007,Wuwei,http://www.wikidata.org/entity/Q148,People's Republic of China,1815059
http://www.wikidata.org/entity/Q92297,  Siping ,http://www.wikidata.org/entity/Q148,People's Republic of China,1814733
http://www.wikidata.org/entity/Q92297,SIPING,http://www.wikidata.org/entity/Q148,People's Republic of China,1814733
http://www.wikidata.org/entity/Q362865,pingxiang,http://www.wikidata.org/entity/Q148,People's Republic of China,1804805
http://www.wikidata.org/entity/Q362865,Pingxiang,http://www.wikidata.org/entity/Q148,People's Republic of China,1804805
http://www.wikidata.org/entity/Q80989,Bhopal,http://www.wikidata.org/entity/Q668,India,1798218
http://www.wikidata.org/entity/Q80989,Bhopal,http://www.wikidata.org/entity/Q668,India,1798218
http://www.wikidata.org/entity/Q83317,  Mosul ,http://www.wikidata.org/entity/Q796,Iraq,1792000
http://www.wikidata.org/entity/Q83317,Mosul,http://www.wikidata.org/entity/Q796,Iraq,1792000
http://www.wikidata.org/entity/Q187593,Lubumbashi,http://www.wikidata.org/entity/Q974,Democratic Republic of the Congo,1786397
http://www.wikidata.org/entity/Q187593,Lubumbashi,http://www.wikidata.org/entity/Q974,Democratic Republic of the Congo,1786397
http://www.wikidata.org/entity/Q3761,Accra.,http://www.wikidata.org/entity/Q117,Ghana,1782150
http://www.wikidata.org/entity/Q3761,Accra,http://www.wikidata.org/entity/Q117,Ghana,1782150
http://www.wikidata.org/entity/Q3761,  Accra ,http://www.wikidata.org/entity/Q117,Ghana,1782150
http://www.wikidata.org/entity/Q3761,ACCRA,http://www.wikidata.org/entity/Q117,Ghana,1782150
http://www.wikidata.org/entity/Q320704,benin city,http://www.wikidata.org/entity/Q1033,Nigeria,1780000
http://www.wikidata.org/entity/Q189823,Haikou,http://www.wikidata.org/entity/Q148,People's Republic of China,1776141
http://www.wikidata.org/entity/Q189823,Haikou,http://www.wikidata.org/entity/Q148,People's Republic of China,1776141
http://www.wikidata.org/entity/Q4361,Curitiba,http://www.wikidata.org/entity/Q155,Brazil,
http://www.wikidata.org/entity/Q38545,  Adana ,http://www.wikidata.org/entity/Q43,Turkey,1765981
http://www.wikidata.org/entity/Q38545,Adana,http://www.wikidata.org/entity/Q43,Turkey,1765981
http://www.wikidata.org/entity/Q38545,Adana,http://www.wikidata.org/entity/Q43,Turkey,1765981
http://www.wikidata.org/entity/Q2900,Quito,http://www.wikidata.org/entity/Q736,Ecuador,1763275
http://www.wikidata.org/entity/Q340,Montreal.,http://www.wikidata.org/entity/Q16,Canada,1762949
http://www.wikidata.org/entity/Q340,Montreal,http://www.wikidata.org/entity/Q16,Canada,1762949
http://www.wikidata.org/entity/Q157915,  Garoua ,http://www.wikidata.org/entity/Q1009,Cameroon,1750000
http://www.wikidata.org/entity/Q157915,GAROUA,http://www.wikidata.org/entity/Q1009,Cameroon,1750000
http://www.wikidata.org/entity/Q3859,kigali,http://www.wikidata.org/entity/Q1037,Rwanda,1745555
http://www.wikidata.org/entity/Q3859,Kigali,http://www.wikidata.org/entity/Q1037,Rwanda,1745555
http://www.wikidata.org/entity/Q1640079,Hyderabad,http://www.wikidata.org/entity/Q843,Pakistan,1732693
http://www.wikidata.org/entity/Q1640079,Hyderabad,http://www.wikidata.org/entity/Q843,Pakistan,1732693
http://www.wikidata.org/entity/Q83387,  Diyarbakır ,http://www.wikidata.org/entity/Q43,Turkey,1732396
http://www.wikidata.org/entity/Q83387,Diyarbakır,http://www.wikidata.org/entity/Q43, Turkey ,1732396
http://www.wikidata.org/entity/Q83387,Diyarbakır,http://www.wikidata.org/entity/Q43,Turkey,1732396
http://www.wikidata.org/entity/Q1492,Barcelona,http://www.wikidata.org/entity/Q29,Spain,1731649
http://www.wikidata.org/entity/Q19660,Bucharest.,http://www.wikidata.org/entity/Q218,Romania,1716961
http://www.wikidata.org/entity/Q19660,Bucharest,http://www.wikidata.org/entity/Q218,Romania,1716961
http://www.wikidata.org/entity/Q19660,  Bucharest ,http://www.wikidata.org/entity/Q218,Romania,1716961
http://www.wikidata.org/entity/Q73020,SHUOZHOU,http://www.wikidata.org/entity/Q148,People's Republic of China,1714857
http://www.wikidata.org/entity/Q73020,shuozhou,http://www.wikidata.org/entity/Q148,People's Republic of China,1714857
http://www.wikidata.org/entity/Q1478,Caloocan,http://www.wikidata.org/entity/Q928,Philippines,1712945
http://www.wikidata.org/entity/Q72778,Taiyuan,http://www.wikidata.org/entity/Q148,People's Republic of China,1712000
http://www.wikidata.org/entity/Q72778,Taiyuan,http://www.wikidata.org/entity/Q148,People's Republic of China,1712000 
http://www.wikidata.org/entity/Q75091,  Benxi ,http://www.wikidata.org/entity/Q148,People's Republic of China,1709538
http://www.wikidata.org/entity/Q75091,Benxi,http://www.wikidata.org/entity/Q148,People's Republic of China,1709538
http://www.wikidata.org/entity/Q532981,Baiyin,http://www.wikidata.org/entity/Q148,People's Republic of China,1708751
http://www.wikidata.org/entity/Q532981,Baiyin,http://www.wikidata.org/entity/Q148,People's Republic of China,1708751
http://www.wikidata.org/entity/Q571219,Ulanqab.,http://www.wikidata.org/entity/Q148,People's Republic of China,1706328
http://www.wikidata.org/entity/Q11299,Manhattan,http://www.wikidata.org/entity/Q30,United States,1694251
http://www.wikidata.org/entity/Q3787,  Abuja ,http://www.wikidata.org/entity/Q1033,Nigeria,1693400
http://www.wikidata.org/entity/Q3787,ABUJA,http://www.wikidata.org/entity/Q1033,Nigeria,1693400
http://www.wikidata.org/entity/Q3787,abuja,http://www.wikidata.org/entity/Q1033,Nigeria,
http://www.wikidata.org/entity/Q1781,Budapest,http://www.wikidata.org/entity/Q28,Hungary,1685209
http://www.wikidata.org/entity/Q1781,Budapest,http://www.wikidata.org/entity/Q28,Hungary,1685209
http://www.wikidata.org/entity/Q1781,Budapest,http://www.wikidata.org/entity/Q28,Hungary,1685209
http://www.wikidata.org/entity/Q80484,  Patna ,http://www.wikidata.org/entity/Q668,India,1684222
http://www.wikidata.org/entity/Q80484,Patna,http://www.wikidata.org/entity/Q668,India,1684222
http://www.wikidata.org/entity/Q80484,Patna,http://www.wikidata.org/entity/Q668,India,1684222
http://www.wikidata.org/entity/Q80484,Patna,http://www.wikidata.org/entity/Q668,India,1684222
http://www.wikidata.org/entity/Q2074197,City of Belgrade.,http://www.wikidata.org/entity/Q403,Serbia,1681405
http://www.wikidata.org/entity/Q319660,Mbuji-Mayi,http://www.wikidata.org/entity/Q974,Democratic Republic of the Congo,1680991
http://www.wikidata.org/entity/Q93338,  Gaziantep ,http://www.wikidata.org/entity/Q43,Turkey,1680723
http://www.wikidata.org/entity/Q93338,GAZIANTEP,http://www.wikidata.org/entity/Q43,Turkey,1680723
http://www.wikidata.org/entity/Q93338,gaziantep,http://www.wikidata.org/entity/Q43,Turkey,1680723
http://www.wikidata.org/entity/Q3894,Kampala,http://www.wikidata.org/entity/Q1036,Uganda,1680600
http://www.wikidata.org/entity/Q3894,Kampala,http://www.wikidata.org/entity/Q1036,Uganda,1680600
http://www.wikidata.org/entity/Q349983,Heihe,http://www.wikidata.org/entity/Q148,People's Republic of China,1673899
http://www.wikidata.org/entity/Q349983,  Heihe ,http://www.wikidata.org/entity/Q148,People's Republic of China,1673899
http://www.wikidata.org/entity/Q349983,Heihe,http://www.wikidata.org/entity/Q148,People's Republic of China,1673899
http://www.wikidata.org/entity/Q34405,Jingdezhen,http://www.wikidata.org/entity/Q148,People's Republic of China,1673200
http://www.wikidata.org/entity/Q34405,Jingdezhen,http://www.wikidata.org/entity/Q148,People's Republic of China,1673200
http://www.wikidata.org/entity/Q571126,Bayannur.,http://www.wikidata.org/entity/Q148,People's Republic of China,1669915
http://www.wikidata.org/entity/Q3733,Conakry,http://www.wikidata.org/entity/Q1006, Guinea ,1667864
http://www.wikidata.org/entity/Q2074197,  City of Belgrade ,http://www.wikidata.org/entity/Q403,Serbia,1659440
http://www.wikidata.org/entity/Q34750,FUXIN,http://www.wikidata.org/entity/Q148,People's Republic of China,1647280
http://www.wikidata.org/entity/Q34750,fuxin,http://www.wikidata.org/entity/Q148,People's Republic of China,1647280
http://www.wikidata.org/entity/Q10128,South Tangerang,http://www.wikidata.org/entity/Q252,Indonesia,1644899
http://www.wikidata.org/entity/Q601142,Masvingo,http://www.wikidata.org/entity/Q954,Zimbabwe,1638528
http://www.wikidata.org/entity/Q883,Novosibirsk,http://www.wikidata.org/entity/Q159,Russia,1637266
http://www.wikidata.org/entity/Q883,  Novosibirsk ,http://www.wikidata.org/entity/Q159,Russia,1637266
http://www.wikidata.org/entity/Q11025,Semarang,http://www.wikidata.org/entity/Q252,Indonesia,1621384
http://www.wikidata.org/entity/Q34405,Jingdezhen,http://www.wikidata.org/entity/Q148,People's Republic of China,1618979
http://www.wikidata.org/entity/Q34405,Jingdezhen,http://www.wikidata.org/entity/Q148,P.R. China,1618979
http://www.wikidata.org/entity/Q200123,Ludhiana.,http://www.wikidata.org/entity/Q668,India,1618879
http://www.wikidata.org/entity/Q200123,Ludhiana,http://www.wikidata.org/entity/Q668,India,
http://www.wikidata.org/entity/Q16556,  Phoenix ,http://www.wikidata.org/entity/Q30,United States,1608139
http://www.wikidata.org/entity/Q16556,PHOENIX,http://www.wikidata.org/entity/Q30,United States,1608139
http://www.wikidata.org/entity/Q75203,liaoyang,http://www.wikidata.org/entity/Q148,People's Republic of China,1604580
http://www.wikidata.org/entity/Q75203,Liaoyang,http://www.wikidata.org/entity/Q148,People's Republic of China,"1,604,580"
http://www.wikidata.org/entity/Q1345,Philadelphia,http://www.wikidata.org/entity/Q30,United States,1603797 
http://www.wikidata.org/entity/Q1345,Philadelphia,http://www.wikidata.org/entity/Q30,United States,1603797
http://www.wikidata.org/entity/Q26600,  Fukuoka ,http://www.wikidata.org/entity/Q17,Japan,1603043
http://www.wikidata.org/entity/Q26600,Fukuoka,http://www.wikidata.org/entity/Q17,Japan,1603043
http://www.wikidata.org/entity/Q26600,Fukuoka,http://www.wikidata.org/entity/Q17,Japan,1603043
http://www.wikidata.org/entity/Q26600,Fukuoka,http://www.wikidata.org/entity/Q17,Japan,1603043
http://www.wikidata.org/entity/Q26600,Fukuoka.,http://www.wikidata.org/entity/Q17,Japan,1603043
http://www.wikidata.org/entity/Q73020,Shuozhou,http://www.wikidata.org/entity/Q148,People's Republic of China,1593444
http://www.wikidata.org/entity/Q73020,  Shuozhou ,http://www.wikidata.org/entity/Q148,People's Republic of China,1593444
http://www.wikidata.org/entity/Q42941,AGRA,http://www.wikidata.org/entity/Q668,India,1585705
http://www.wikidata.org/entity/Q42941,agra,http://www.wikidata.org/entity/Q668,India,1585705
http://www.wikidata.org/entity/Q189128,León De Los Aldama,http://www.wikidata.org/entity/Q96,Mexico,1579803
http://www.wikidata.org/entity/Q189128,León de Los Aldama,http://www.wikidata.org/entity/Q96,Mexico,1579803
http://www.wikidata.org/entity/Q189128,León de Los Aldama,http://www.wikidata.org/entity/Q96,Mexico,1579803
http://www.wikidata.org/entity/Q200237,  Meerut ,http://www.wikidata.org/entity/Q668,India,1571434
http://www.wikidata.org/entity/Q200237,Meerut,http://www.wikidata.org/entity/Q668,India,1571434
http://www.wikidata.org/entity/Q1519,Abu Dhabi,http://www.wikidata.org/entity/Q878,United Arab Emirates,1570000
http://www.wikidata.org/entity/Q1519,Abu  Dhabi,http://www.wikidata.org/entity/Q878,United Arab Emirates,1570000
http://www.wikidata.org/entity/Q1519,Abu Dhabi.,http://www.wikidata.org/entity/Q878,United Arab Emirates,1570000
http://www.wikidata.org/entity/Q1519,Abu Dhabi,http://www.wikidata.org/entity/Q878,United Arab Emirates,1570000
http://www.wikidata.org/entity/Q404301,  Hebi ,http://www.wikidata.org/entity/Q148,People's Republic of China,1569208
http://www.wikidata.org/entity/Q404301,HEBI,http://www.wikidata.org/entity/Q148,People's Republic of China,1569208
http://www.wikidata.org/entity/Q404301,hebi,http://www.wikidata.org/entity/Q148,People's Republic of China,1565973
http://www.wikidata.org/entity/Q404301,Hebi,http://www.wikidata.org/entity/Q148, People's Republic of China ,1565973
http://www.wikidata.org/entity/Q228405,Madurai,http://www.wikidata.org/entity/Q668,India,1561129
http://www.wikidata.org/entity/Q228405,Madurai,http://www.wikidata.org/entity/Q668,India,1561129
http://www.wikidata.org/entity/Q319660,  Mbuji-Mayi ,http://www.wikidata.org/entity/Q974,Democratic Republic of the Congo,1559073
http://www.wikidata.org/entity/Q200054,Jamshedpur,http://www.wikidata.org/entity/Q668,India,1558000
http://www.wikidata.org/entity/Q200054,Jamshedpur,http://www.wikidata.org/entity/Q668,India,
http://www.wikidata.org/entity/Q171632,Maracaibo,http://www.wikidata.org/entity/Q717,Venezuela,1551539
http://www.wikidata.org/entity/Q171632,Maracaibo.,http://www.wikidata.org/entity/Q717,Venezuela,1551539
http://www.wikidata.org/entity/Q92381,Baicheng,http://www.wikidata.org/entity/Q148,People's Republic of China,1551378
http://www.wikidata.org/entity/Q3306,  Panama City ,http://www.wikidata.org/entity/Q804,Panama,1540000
http://www.wikidata.org/entity/Q3306,PANAMA CITY,http://www.wikidata.org/entity/Q804,Panama,1540000
http://www.wikidata.org/entity/Q164234,kawasaki,http://www.wikidata.org/entity/Q17,Japan,1539522
http://www.wikidata.org/entity/Q164234,Kawasaki,http://www.wikidata.org/entity/Q17,Japan,1539522
http://www.wikidata.org/entity/Q571126,Bayannur,http://www.wikidata.org/entity/Q148,People's Republic of China,1538715
http://www.wikidata.org/entity/Q197379,Zhangjiajie,http://www.wikidata.org/entity/Q148,People's Republic of China,1537900
http://www.wikidata.org/entity/Q197379,  Zhangjiajie ,http://www.wikidata.org/entity/Q148,People's Republic of China,1537900
http://www.wikidata.org/entity/Q8131,Palembang,http://www.wikidata.org/entity/Q252,Indonesia,1535952
http://www.wikidata.org/entity/Q48320,Kobe,http://www.wikidata.org/entity/Q17,Japan,1521707
http://www.wikidata.org/entity/Q48320,Kobe,http://www.wikidata.org/entity/Q17,Japan,1521707
http://www.wikidata.org/entity/Q48320,Kobe.,http://www.wikidata.org/entity/Q17,Japan,1521707
http://www.wikidata.org/entity/Q48320,Kobe,http://www.wikidata.org/entity/Q17,Japan,1521707
http://www.wikidata.org/entity/Q713357,  Rui'an ,http://www.wikidata.org/entity/Q148,People's Republic of China,1520386
http://www.wikidata.org/entity/Q197379,ZHANGJIAJIE,http://www.wikidata.org/entity/Q148,People's Republic of China,1517027
http://www.wikidata.org/entity/Q197379,zhangjiajie,http://www.wikidata.org/entity/Q148,People's Republic of China,1517027
http://www.wikidata.org/entity/Q532981,Baiyin,http://www.wikidata.org/entity/Q148,People's Republic of China,1512110 
http://www.wikidata.org/entity/Q532981,Baiyin,http://www.wikidata.org/entity/Q148,People's Republic of China,1512110
http://www.wikidata.org/entity/Q963782,Guiping,http://www.wikidata.org/entity/Q148,People's Republic of China,1511011
http://www.wikidata.org/entity/Q1726,  Munich ,http://www.wikidata.org/entity/Q183,Germany,1510378
http://www.wikidata.org/entity/Q1726,Munich,http://www.wikidata.org/entity/Q183,Germany,1510378
http://www.wikidata.org/entity/Q1726,Munich,http://www.wikidata.org/entity/Q183,Germany,1510378
http://www.wikidata.org/entity/Q1726,Munich,http://www.wikidata.org/entity/Q183,Germany,1510378
http://www.wikidata.org/entity/Q1726,Munich.,http://www.wikidata.org/entity/Q183,Germany,1510378
http://www.wikidata.org/entity/Q1726,Munich,http://www.wikidata.org/entity/Q183,Germany,1510378
http://www.wikidata.org/entity/Q1726,  Munich ,http://www.wikidata.org/entity/Q183,Germany,1510378
http://www.wikidata.org/entity/Q427557,YA'AN,http://www.wikidata.org/entity/Q148,People's Republic of China,1507258
http://www.wikidata.org/entity/Q427557,ya'an,http://www.wikidata.org/entity/Q148,People's Republic of China,1507258
http://www.wikidata.org/entity/Q44210,Córdoba,http://www.wikidata.org/entity/Q414,Argentina,1505250
http://www.wikidata.org/entity/Q28979,Jixi,http://www.wikidata.org/entity/Q148,People's Republic of China,1502060
http://www.wikidata.org/entity/Q28979,Jixi,http://www.wikidata.org/entity/Q148,People's Republic of China,
http://www.wikidata.org/entity/Q12191144,  New Cairo ,http://www.wikidata.org/entity/Q79,Egypt,1500000
http://www.wikidata.org/entity/Q12191144,New Cairo,http://www.wikidata.org/entity/Q79, Egypt ,1500000
http://www.wikidata.org/entity/Q3674,Niamey,http://www.wikidata.org/entity/Q1032,Niger,1496260
http://www.wikidata.org/entity/Q3674,Niamey,http://www.wikidata.org/entity/Q1032,Niger,1496260
http://www.wikidata.org/entity/Q41283,Gwangju.,http://www.wikidata.org/entity/Q884,South Korea,1490092
http://www.wikidata.org/entity/Q41283,Gwangju,http://www.wikidata.org/entity/Q884,South Korea,1490092
http://www.wikidata.org/entity/Q48344,  Recife ,http://www.wikidata.org/entity/Q155,Brazil,1488920
http://www.wikidata.org/entity/Q200235,NASHIK,http://www.wikidata.org/entity/Q668,India,1486053
http://www.wikidata.org/entity/Q54880,valencia,http://www.wikidata.org/entity/Q717,Venezuela,1484430
http://www.wikidata.org/entity/Q852238,Onitsha,http://www.wikidata.org/entity/Q1033,Nigeria,1483000
http://www.wikidata.org/entity/Q20921,Daejeon,http://www.wikidata.org/entity/Q884,South Korea,1475221
http://www.wikidata.org/entity/Q20921,Daejeon,http://www.wikidata.org/entity/Q884,South Korea,1475221
http://www.wikidata.org/entity/Q18426,  The Bronx ,http://www.wikidata.org/entity/Q30,United States,1472654
http://www.wikidata.org/entity/Q37100,Auckland,http://www.wikidata.org/entity/Q664,New Zealand,1470100
http://www.wikidata.org/entity/Q37100,Auckland,http://www.wikidata.org/entity/Q664,New Zealand,1470100
http://www.wikidata.org/entity/Q37100,Auckland,http://www.wikidata.org/entity/Q664,New Zealand,1470100
http://www.wikidata.org/entity/Q37100,Auckland.,http://www.wikidata.org/entity/Q664,New Zealand,1470100
http://www.wikidata.org/entity/Q37100,Auckland,http://www.wikidata.org/entity/Q664,New Zealand,1470100
http://www.wikidata.org/entity/Q887,  Yekaterinburg ,http://www.wikidata.org/entity/Q159,Russia,1468833
http://www.wikidata.org/entity/Q887,YEKATERINBURG,http://www.wikidata.org/entity/Q159,Russia,1468833
http://www.wikidata.org/entity/Q249007,wuwei,http://www.wikidata.org/entity/Q148,People's Republic of China,1464955
http://www.wikidata.org/entity/Q249007,Wuwei,http://www.wikidata.org/entity/Q148,People's Republic of China,1464955
http://www.wikidata.org/entity/Q34600,Kyoto,http://www.wikidata.org/entity/Q17,Japan,1463723
http://www.wikidata.org/entity/Q34600,Kyoto,http://www.wikidata.org/entity/Q17,Japan,1463723
http://www.wikidata.org/entity/Q34600,  Kyoto ,http://www.wikidata.org/entity/Q17,Japan,1463723
http://www.wikidata.org/entity/Q34600,Kyoto,http://www.wikidata.org/entity/Q17,Japan,1463723
http://www.wikidata.org/entity/Q349973,Shuangyashan,http://www.wikidata.org/entity/Q148,People's Republic of China,1462626
http://www.wikidata.org/entity/Q349973,Shuangyashan,http://www.wikidata.org/entity/Q148,People's Republic of China,1462626
http://www.wikidata.org/entity/Q699777,Yueqing.,http://www.wikidata.org/entity/Q148,People's Republic of China,"1,452,707"
http://www.wikidata.org/entity/Q3688,Nouakchott,http://www.wikidata.org/entity/Q1025,Mauritania,1446761
http://www.wikidata.org/entity/Q3688,  Nouakchott ,http://www.wikidata.org/entity/Q1025,Mauritania,1446761
http://www.wikidata.org/entity/Q3718,DAKAR,http://www.wikidata.org/entity/Q1041,Senegal,1438725
http://www.wikidata.org/entity/Q3718,dakar,http://www.wikidata.org/entity/Q1041,Senegal,
http://www.wikidata.org/entity/Q83189,Goiânia,http://www.wikidata.org/entity/Q155,Brazil,1437366
http://www.wikidata.org/entity/Q16665897,Metropolis of Lyon,http://www.wikidata.org/entity/Q142,France,1436354
http://www.wikidata.org/entity/Q975,San Antonio,http://www.wikidata.org/entity/Q30,United States,1434625
http://www.wikidata.org/entity/Q975,  San Antonio ,http://www.wikidata.org/entity/Q30,United States,1434625
http://www.wikidata.org/entity/Q427557,Ya'an,http://www.wikidata.org/entity/Q148,People's Republic of China,1434603
http://www.wikidata.org/entity/Q427557,Ya'an,http://www.wikidata.org/entity/Q148,People's Republic of China,1434603
http://www.wikidata.org/entity/Q604625,Guyuan,http://www.wikidata.org/entity/Q148,People's Republic of China,1426000
http://www.wikidata.org/entity/Q604625,Guyuan.,http://www.wikidata.org/entity/Q148,People's Republic of China,1426000
http://www.wikidata.org/entity/Q3826,Muscat,http://www.wikidata.org/entity/Q842, Oman ,1421409
http://www.wikidata.org/entity/Q3826,  Muscat ,http://www.wikidata.org/entity/Q842,Oman,1421409
http://www.wikidata.org/entity/Q42308,KHARKIV,http://www.wikidata.org/entity/Q212,Ukraine,1421125
http://www.wikidata.org/entity/Q223920,pointe-noire,http://www.wikidata.org/entity/Q971,Republic of the Congo,1420612
http://www.wikidata.org/entity/Q223920,Pointe-Noire,http://www.wikidata.org/entity/Q971,Republic of the Congo,1420612
http://www.wikidata.org/entity/Q524250,Wenling,http://www.wikidata.org/entity/Q148,People's Republic of China,1416199
http://www.wikidata.org/entity/Q35484,Medina,http://www.wikidata.org/entity/Q851,Saudi Arabia,1411599
http://www.wikidata.org/entity/Q41283,  Gwangju ,http://www.wikidata.org/entity/Q884,South Korea,1409624
http://www.wikidata.org/entity/Q41283,Gwangju,http://www.wikidata.org/entity/Q884,South Korea,1409624
http://www.wikidata.org/entity/Q200663,Faridabad,http://www.wikidata.org/entity/Q668,India,1404653
http://www.wikidata.org/entity/Q200663,Faridabad,http://www.wikidata.org/entity/Q668,India,1404653
http://www.wikidata.org/entity/Q1085,Prague.,http://www.wikidata.org/entity/Q213,Czech Republic,1397880
http://www.wikidata.org/entity/Q1085,Prague,http://www.wikidata.org/entity/Q213,Czech Republic,1397880
http://www.wikidata.org/entity/Q1085,  Prague ,http://www.wikidata.org/entity/Q213,Czech Republic,1397880
http://www.wikidata.org/entity/Q1085,PRAGUE,http://www.wikidata.org/entity/Q213,Czech Republic,1397880
http://www.wikidata.org/entity/Q1085,prague,http://www.wikidata.org/entity/Q213,Czech Republic,1397880
http://www.wikidata.org/entity/Q984788,Haidong,http://www.wikidata.org/entity/Q148,People's Republic of China,1396845
http://www.wikidata.org/entity/Q23430,Ulaanbaatar,http://www.wikidata.org/entity/Q711,Mongolia,1396288
http://www.wikidata.org/entity/Q23430,Ulaanbaatar,http://www.wikidata.org/entity/Q711,Mongolia,1396288
http://www.wikidata.org/entity/Q23430,  Ulaanbaatar ,http://www.wikidata.org/entity/Q711,Mongolia,1396288
http://www.wikidata.org/entity/Q75230,Panjin,http://www.wikidata.org/entity/Q148,People's Republic of China,1392493
http://www.wikidata.org/entity/Q75230,Panjin,http://www.wikidata.org/entity/Q148,People's Republic of China,1392493
http://www.wikidata.org/entity/Q75230,Panjin,http://www.wikidata.org/entity/Q148,People's Republic of China,1389691
http://www.wikidata.org/entity/Q75230,Panjin.,http://www.wikidata.org/entity/Q148,People's Republic of China,1389691
http://www.wikidata.org/entity/Q48338,Kayseri,http://www.wikidata.org/entity/Q43,Turkey,
http://www.wikidata.org/entity/Q48338,  Kayseri ,http://www.wikidata.org/entity/Q43,Turkey,1389680
http://www.wikidata.org/entity/Q48338,KAYSERI,http://www.wikidata.org/entity/Q43,Turkey,1389680
http://www.wikidata.org/entity/Q699777,yueqing,http://www.wikidata.org/entity/Q148,People's Republic of China,1389332
http://www.wikidata.org/entity/Q40269,Porto Alegre,http://www.wikidata.org/entity/Q155,Brazil,1388794
http://www.wikidata.org/entity/Q40269,Porto Alegre,http://www.wikidata.org/entity/Q155,Brazil,1388794
http://www.wikidata.org/entity/Q5112,Adelaide,http://www.wikidata.org/entity/Q408,Australia,1387290
http://www.wikidata.org/entity/Q5112,  Adelaide ,http://www.wikidata.org/entity/Q408,Australia,1387290
http://www.wikidata.org/entity/Q16552,San Diego,http://www.wikidata.org/entity/Q30,United States,1386932
http://www.wikidata.org/entity/Q16552,San Diego,http://www.wikidata.org/entity/Q30,United States,1386932
http://www.wikidata.org/entity/Q16552,San  Diego,http://www.wikidata.org/entity/Q30,United States,1386932
http://www.wikidata.org/entity/Q16552,San Diego.,http://www.wikidata.org/entity/Q30,United States,1386932
http://www.wikidata.org/entity/Q9022,Guadalajara,http://www.wikidata.org/entity/Q96,Mexico,1385621
http://www.wikidata.org/entity/Q9022,  Guadalajara ,http://www.wikidata.org/entity/Q96,Mexico,1385621
http://www.wikidata.org/entity/Q9022,GUADALAJARA,http://www.wikidata.org/entity/Q96,Mexico,1385621 
http://www.wikidata.org/entity/Q9022,guadalajara,http://www.wikidata.org/entity/Q96,Mexico,1385621
http://www.wikidata.org/entity/Q604517,Wuzhong,http://www.wikidata.org/entity/Q148, China ,1382713
http://www.wikidata.org/entity/Q604517,Wuzhong,http://www.wikidata.org/entity/Q148,People's Republic of China,1382713
http://www.wikidata.org/entity/Q160450,Samsun,http://www.wikidata.org/entity/Q43,Turkey,1368488
http://www.wikidata.org/entity/Q160450,  Samsun ,http://www.wikidata.org/entity/Q43,Turkey,1368488
http://www.wikidata.org/entity/Q160450,Samsun,http://www.wikidata.org/entity/Q43,Turkey,1368488
http://www.wikidata.org/entity/Q524250,Wenling,http://www.wikidata.org/entity/Q148,People's Republic of China,1366794
http://www.wikidata.org/entity/Q146723,Kisangani,http://www.wikidata.org/entity/Q974,Democratic Republic of the Congo,1366000
http://www.wikidata.org/entity/Q146723,Kisangani.,http://www.wikidata.org/entity/Q974,Democratic Republic of the Congo,1366000
http://www.wikidata.org/entity/Q984788,Haidong,http://www.wikidata.org/entity/Q148,People's Republic of China,1358471
http://www.wikidata.org/entity/Q490,  Milan ,http://www.wikidata.org/entity/Q38,Italy,1354196
http://www.wikidata.org/entity/Q490,MILAN,http://www.wikidata.org/entity/Q38,Italy,1354196
http://www.wikidata.org/entity/Q490,milan,http://www.wikidata.org/entity/Q38,Italy,1354196
http://www.wikidata.org/entity/Q490,Milan,http://www.wikidata.org/entity/Q38,Italy,1354196
http://www.wikidata.org/entity/Q72778,Taiyuan,http://www.wikidata.org/entity/Q148,People's Republic of China,1350000
http://www.wikidata.org/entity/Q72778,Taiyuan,http://www.wikidata.org/entity/Q148,People's Republic of China,1350000
http://www.wikidata.org/entity/Q42763,  Santiago de los Caballeros ,http://www.wikidata.org/entity/Q786,Dominican Republic,1343423
http://www.wikidata.org/entity/Q360870,Chizhou,http://www.wikidata.org/entity/Q148,People's Republic of China,1342764
http://www.wikidata.org/entity/Q14634,Makassar,http://www.wikidata.org/entity/Q252,Indonesia,
http://www.wikidata.org/entity/Q180470,Huangshan,http://www.wikidata.org/entity/Q148,People's Republic of China,1330565
http://www.wikidata.org/entity/Q180470,Huangshan.,http://www.wikidata.org/entity/Q148,People's Republic of China,1330565
http://www.wikidata.org/entity/Q900,Kazan,http://www.wikidata.org/entity/Q159,Russia,1329825
http://www.wikidata.org/entity/Q900,  Kazan ,http://www.wikidata.org/entity/Q159,Russia,1329825
http://www.wikidata.org/entity/Q62823,BARRANQUILLA,http://www.wikidata.org/entity/Q739,Colombia,1326588
http://www.wikidata.org/entity/Q48195,basra,http://www.wikidata.org/entity/Q796,Iraq,1326564
http://www.wikidata.org/entity/Q48195,Basra,http://www.wikidata.org/entity/Q796,Iraq,1326564
http://www.wikidata.org/entity/Q75091,Benxi,http://www.wikidata.org/entity/Q148,P.R. China,1326018
http://www.wikidata.org/entity/Q75091,Benxi,http://www.wikidata.org/entity/Q148,People's Republic of China,1326018
http://www.wikidata.org/entity/Q134635,  Saitama ,http://www.wikidata.org/entity/Q17,Japan,1325843
http://www.wikidata.org/entity/Q134635,Saitama,http://www.wikidata.org/entity/Q17,Japan,1325843
http://www.wikidata.org/entity/Q134635,Saitama,http://www.wikidata.org/entity/Q17,Japan,1325843
http://www.wikidata.org/entity/Q134635,Saitama,http://www.wikidata.org/entity/Q17,Japan,1325843
http://www.wikidata.org/entity/Q134635,Saitama.,http://www.wikidata.org/entity/Q17,Japan,1325843
http://www.wikidata.org/entity/Q134635,Saitama,http://www.wikidata.org/entity/Q17,Japan,1325843
http://www.wikidata.org/entity/Q184409,  Guarulhos ,http://www.wikidata.org/entity/Q155,Brazil,1324781
http://www.wikidata.org/entity/Q26590,CIUDAD JUÁREZ,http://www.wikidata.org/entity/Q96,Mexico,1321004
http://www.wikidata.org/entity/Q26590,ciudad juárez,http://www.wikidata.org/entity/Q96,Mexico,1321004
http://www.wikidata.org/entity/Q72907,Yangquan,http://www.wikidata.org/entity/Q148,People's Republic of China,1318505
http://www.wikidata.org/entity/Q72907,Yangquan,http://www.wikidata.org/entity/Q148,People's Republic of China,1318505
http://www.wikidata.org/entity/Q360326,Tongling,http://www.wikidata.org/entity/Q148,People's Republic of China,"1,311,726"
http://www.wikidata.org/entity/Q360326,  Tongling ,http://www.wikidata.org/entity/Q148,People's Republic of China,1311726
http://www.wikidata.org/entity/Q1643,Taguig,http://www.wikidata.org/entity/Q928, Philippines ,1308085
http://www.wikidata.org/entity/Q36312,Calgary,http://www.wikidata.org/entity/Q16,Canada,1306784
http://www.wikidata.org/entity/Q36312,Calgary,http://www.wikidata.org/entity/Q16,Canada,1306784
http://www.wikidata.org/entity/Q36312,Calgary.,http://www.wikidata.org/entity/Q16,Canada,1306784
http://www.wikidata.org/entity/Q16557,Dallas,http://www.wikidata.org/entity/Q30,United States,1304379
http://www.wikidata.org/entity/Q16557,  Dallas ,http://www.wikidata.org/entity/Q30,United States,1304379 
http://www.wikidata.org/entity/Q12829733,BELÉM,http://www.wikidata.org/entity/Q155,Brazil,1303403
http://www.wikidata.org/entity/Q12829733,belém,http://www.wikidata.org/entity/Q155,Brazil,1303403
http://www.wikidata.org/entity/Q1335,Montevideo,http://www.wikidata.org/entity/Q77,Uruguay,1302954
http://www.wikidata.org/entity/Q1335,Montevideo,http://www.wikidata.org/entity/Q77,Uruguay,1302954
http://www.wikidata.org/entity/Q1335,Montevideo,http://www.wikidata.org/entity/Q77,Uruguay,
http://www.wikidata.org/entity/Q1335,  Montevideo ,http://www.wikidata.org/entity/Q77,Uruguay,1302954
http://www.wikidata.org/entity/Q92324,Tonghua,http://www.wikidata.org/entity/Q148,People's Republic of China,1302778
http://www.wikidata.org/entity/Q188897,Nova Iguaçu,http://www.wikidata.org/entity/Q155,Brazil,1297704
http://www.wikidata.org/entity/Q92348,Baishan,http://www.wikidata.org/entity/Q148,People's Republic of China,1296127
http://www.wikidata.org/entity/Q3579,Tripoli.,http://www.wikidata.org/entity/Q1016,Libya,1293016
http://www.wikidata.org/entity/Q3579,Tripoli,http://www.wikidata.org/entity/Q1016,Libya,1293016
http://www.wikidata.org/entity/Q3579,  Tripoli ,http://www.wikidata.org/entity/Q1016,Libya,1293016
http://www.wikidata.org/entity/Q3579,TRIPOLI,http://www.wikidata.org/entity/Q1016,Libya,1293016
http://www.wikidata.org/entity/Q349983,heihe,http://www.wikidata.org/entity/Q148,People's Republic of China,1286401
http://www.wikidata.org/entity/Q349983,Heihe,http://www.wikidata.org/entity/Q148,People's Republic of China,1286401
http://www.wikidata.org/entity/Q349983,Heihe,http://www.wikidata.org/entity/Q148,People's Republic of China,1286401
http://www.wikidata.org/entity/Q604517,Wuzhong,http://www.wikidata.org/entity/Q148,People's Republic of China,1284000
http://www.wikidata.org/entity/Q604517,  Wuzhong ,http://www.wikidata.org/entity/Q148,People's Republic of China,1284000
http://www.wikidata.org/entity/Q56037,East Berlin,http://www.wikidata.org/entity/Q16957,German Democratic Republic,1279212
http://www.wikidata.org/entity/Q56037,East Berlin,http://www.wikidata.org/entity/Q16957,German Democratic Republic,1279212
http://www.wikidata.org/entity/Q56037,East  Berlin,http://www.wikidata.org/entity/Q16957,German Democratic Republic,1279212
http://www.wikidata.org/entity/Q126148,Tangier.,http://www.wikidata.org/entity/Q1028,Morocco,1275428
http://www.wikidata.org/entity/Q126148,Tangier,http://www.wikidata.org/entity/Q1028,Morocco,1275428
http://www.wikidata.org/entity/Q3915,  Antananarivo ,http://www.wikidata.org/entity/Q1019,Madagascar,1275207
http://www.wikidata.org/entity/Q3915,ANTANANARIVO,http://www.wikidata.org/entity/Q1019,Madagascar,1275207
http://www.wikidata.org/entity/Q217426,soweto,http://www.wikidata.org/entity/Q258,South Africa,1271628
http://www.wikidata.org/entity/Q200878,Jabalpur,http://www.wikidata.org/entity/Q668,India,1267564
http://www.wikidata.org/entity/Q200878,Jabalpur,http://www.wikidata.org/entity/Q668,India,1267564
http://www.wikidata.org/entity/Q1856565,Nelson Mandela Bay Metropolitan Municipality,http://www.wikidata.org/entity/Q258,South Africa,1263051
http://www.wikidata.org/entity/Q147402,  Zapopan ,http://www.wikidata.org/entity/Q96,Mexico,1257547
http://www.wikidata.org/entity/Q147402,Zapopan,http://www.wikidata.org/entity/Q96,Mexico,1257547
http://www.wikidata.org/entity/Q147402,Zapopan,http://www.wikidata.org/entity/Q96,Mexico,1257547
http://www.wikidata.org/entity/Q240,Brussels-Capital  Region,http://www.wikidata.org/entity/Q31,Belgium,1255795
http://www.wikidata.org/entity/Q240,Brussels-Capital Region.,http://www.wikidata.org/entity/Q31,Belgium,1255795
http://www.wikidata.org/entity/Q1011201,Yuyao City,http://www.wikidata.org/entity/Q148, People's Republic of China ,1254032
http://www.wikidata.org/entity/Q205914,  Lijiang ,http://www.wikidata.org/entity/Q148,People's Republic of China,1253878
http://www.wikidata.org/entity/Q205914,LIJIANG,http://www.wikidata.org/entity/Q148,People's Republic of China,1253878
http://www.wikidata.org/entity/Q216075,cần thơ,http://www.wikidata.org/entity/Q881,Vietnam,
http://www.wikidata.org/entity/Q216075,Cần Thơ,http://www.wikidata.org/entity/Q881,Vietnam,1252350
http://www.wikidata.org/entity/Q216075,Cần Thơ,http://www.wikidata.org/entity/Q881,Vietnam,1252350
http://www.wikidata.org/entity/Q216075,Cần Thơ,http://www.wikidata.org/entity/Q881,Vietnam,1252300
http://www.wikidata.org/entity/Q216075,  Cần Thơ ,http://www.wikidata.org/entity/Q881,Vietnam,1252300
http://www.wikidata.org/entity/Q216075,Cần Thơ,http://www.wikidata.org/entity/Q881,Vietnam,1252300
http://www.wikidata.org/entity/Q199723,Balıkesir,http://www.wikidata.org/entity/Q43,Turkey,1250610
http://www.wikidata.org/entity/Q199723,Balıkesir,http://www.wikidata.org/entity/Q43,Turkey,1250610
http://www.wikidata.org/entity/Q199723,Balıkesir.,http://www.wikidata.org/entity/Q43,Turkey,1250610
http://www.wikidata.org/entity/Q289693,Sharjah,http://www.wikidata.org/entity/Q878,United Arab Emirates,1247749 
http://www.wikidata.org/entity/Q289693,  Sharjah ,http://www.wikidata.org/entity/Q878,United Arab Emirates,1247749
http://www.wikidata.org/entity/Q216075,CẦN THƠ,http://www.wikidata.org/entity/Q881,Vietnam,1237300
http://www.wikidata.org/entity/Q216075,cần thơ,http://www.wikidata.org/entity/Q881,Vietnam,1237300
http://www.wikidata.org/entity/Q216075,Cần Thơ,http://www.wikidata.org/entity/Q881,Vietnam,1237300
http://www.wikidata.org/entity/Q36399,Huế,http://www.wikidata.org/entity/Q881,Vietnam,1236393
http://www.wikidata.org/entity/Q36399,Huế,http://www.wikidata.org/entity/Q881,Vietnam,1236393
http://www.wikidata.org/entity/Q20714,  Suwon ,http://www.wikidata.org/entity/Q884,South Korea,1234300
http://www.wikidata.org/entity/Q20714,Suwon,http://www.wikidata.org/entity/Q884,South Korea,1234300
http://www.wikidata.org/entity/Q20714,Suwon,http://www.wikidata.org/entity/Q884,South Korea,1234300
http://www.wikidata.org/entity/Q25282,Da  Nang,http://www.wikidata.org/entity/Q881,Vietnam,1230847
http://www.wikidata.org/entity/Q25282,Da Nang.,http://www.wikidata.org/entity/Q881,Vietnam,1230847
http://www.wikidata.org/entity/Q25282,Da Nang,http://www.wikidata.org/entity/Q881,Vietnam,1230847
http://www.wikidata.org/entity/Q168652,  Hargeisa ,http://www.wikidata.org/entity/Q34754,Somaliland,1227620
http://www.wikidata.org/entity/Q185518,MANDALAY,http://www.wikidata.org/entity/Q836,Myanmar,1225546
http://www.wikidata.org/entity/Q185518,mandalay,http://www.wikidata.org/entity/Q836,Myanmar,1225546
http://www.wikidata.org/entity/Q580876,Vasai-Virar,http://www.wikidata.org/entity/Q668,India,1222390
http://www.wikidata.org/entity/Q25282,Da Nang,http://www.wikidata.org/entity/Q881,Vietnam,1220200
http://www.wikidata.org/entity/Q25282,Da Nang,http://www.wikidata.org/entity/Q881,Vietnam,1220200
http://www.wikidata.org/entity/Q25282,  Da Nang ,http://www.wikidata.org/entity/Q881,Vietnam,1220200
http://www.wikidata.org/entity/Q25282,Da Nang,http://www.wikidata.org/entity/Q881,Vietnam,1220190
http://www.wikidata.org/entity/Q25282,Da Nang,http://www.wikidata.org/entity/Q881,Vietnam,1220190
http://www.wikidata.org/entity/Q25282,Da  Nang,http://www.wikidata.org/entity/Q881,Vietnam,1220190
http://www.wikidata.org/entity/Q425415,Panzhihua.,http://www.wikidata.org/entity/Q148,People's Republic of China,1214121
http://www.wikidata.org/entity/Q425415,Panzhihua,http://www.wikidata.org/entity/Q148,People's Republic of China,
http://www.wikidata.org/entity/Q171617,  Campinas ,http://www.wikidata.org/entity/Q155,Brazil,1213792
http://www.wikidata.org/entity/Q319660,MBUJI-MAYI,http://www.wikidata.org/entity/Q974,Democratic Republic of the Congo,1213726
http://www.wikidata.org/entity/Q425415,panzhihua,http://www.wikidata.org/entity/Q148,People's Republic of China,1212203
http://www.wikidata.org/entity/Q425415,Panzhihua,http://www.wikidata.org/entity/Q148, People's Republic of China ,1212203
http://www.wikidata.org/entity/Q814748,Beiliu,http://www.wikidata.org/entity/Q148,People's Republic of China,1211637
http://www.wikidata.org/entity/Q349973,Shuangyashan,http://www.wikidata.org/entity/Q148,People's Republic of China,1208803
http://www.wikidata.org/entity/Q349973,  Shuangyashan ,http://www.wikidata.org/entity/Q148,People's Republic of China,1208803
http://www.wikidata.org/entity/Q225641,Mombasa,http://www.wikidata.org/entity/Q114,Kenya,1208333
http://www.wikidata.org/entity/Q225641,Mombasa,http://www.wikidata.org/entity/Q114,Kenya,1208333
http://www.wikidata.org/entity/Q225641,Mombasa,http://www.wikidata.org/entity/Q114,Kenya,1208333
http://www.wikidata.org/entity/Q472,Sofia.,http://www.wikidata.org/entity/Q219,Bulgaria,1205548
http://www.wikidata.org/entity/Q472,Sofia,http://www.wikidata.org/entity/Q219,Bulgaria,1205548
http://www.wikidata.org/entity/Q362959,  Xinyu ,http://www.wikidata.org/entity/Q148,People's Republic of China,"1,202,499"
http://www.wikidata.org/entity/Q362959,XINYU,http://www.wikidata.org/entity/Q148,People's Republic of China,1202499
http://www.wikidata.org/entity/Q197402,zhangye,http://www.wikidata.org/entity/Q148,People's Republic of China,1199515
http://www.wikidata.org/entity/Q197402,Zhangye,http://www.wikidata.org/entity/Q148,People's Republic of China,1199515
http://www.wikidata.org/entity/Q79980,Varanasi,http://www.wikidata.org/entity/Q668,India,1198491
http://www.wikidata.org/entity/Q79980,Varanasi,http://www.wikidata.org/entity/Q668,India,1198491
http://www.wikidata.org/entity/Q891,  Nizhny Novgorod ,http://www.wikidata.org/entity/Q159,Russia,1198245
http://www.wikidata.org/entity/Q891,Nizhny Novgorod,http://www.wikidata.org/entity/Q159,Russia,1198245
http://www.wikidata.org/entity/Q34664,Hiroshima,http://www.wikidata.org/entity/Q17,Japan,1198021
http://www.wikidata.org/entity/Q34664,Hiroshima,http://www.wikidata.org/entity/Q17,Japan,1198021
http://www.wikidata.org/entity/Q34664,Hiroshima.,http://www.wikidata.org/entity/Q17,Japan,1198021 
http://www.wikidata.org/entity/Q34664,Hiroshima,http://www.wikidata.org/entity/Q17,Japan,1198021
http://www.wikidata.org/entity/Q52028,  Chiang Mai ,http://www.wikidata.org/entity/Q869,Thailand,1198000
http://www.wikidata.org/entity/Q52028,CHIANG MAI,http://www.wikidata.org/entity/Q869,Thailand,1198000
http://www.wikidata.org/entity/Q3711,belgrade,http://www.wikidata.org/entity/Q403,Serbia,1197714
http://www.wikidata.org/entity/Q3711,Belgrade,http://www.wikidata.org/entity/Q403,Serbia,1197714
http://www.wikidata.org/entity/Q3711,Belgrade,http://www.wikidata.org/entity/Q403,Serbia,1197714
http://www.wikidata.org/entity/Q221436,Maiduguri,http://www.wikidata.org/entity/Q1033,Nigeria,1197497
http://www.wikidata.org/entity/Q10103,  Batam ,http://www.wikidata.org/entity/Q252,Indonesia,1196396
http://www.wikidata.org/entity/Q319660,Mbuji-Mayi,http://www.wikidata.org/entity/Q974,Democratic Republic of the Congo,1193891
http://www.wikidata.org/entity/Q52535,Rosario,http://www.wikidata.org/entity/Q414,Argentina,
http://www.wikidata.org/entity/Q52535,Rosario,http://www.wikidata.org/entity/Q414,Argentina,1193605
http://www.wikidata.org/entity/Q485496,Shymkent.,http://www.wikidata.org/entity/Q232,Kazakhstan,1191877
http://www.wikidata.org/entity/Q485496,Shymkent,http://www.wikidata.org/entity/Q232,Kazakhstan,1191877
http://www.wikidata.org/entity/Q9361,  Bishkek ,http://www.wikidata.org/entity/Q813,Kyrgyzstan,1191000
http://www.wikidata.org/entity/Q362959,XINYU,http://www.wikidata.org/entity/Q148,People's Republic of China,1186700
http://www.wikidata.org/entity/Q362959,xinyu,http://www.wikidata.org/entity/Q148,People's Republic of China,1186700
http://www.wikidata.org/entity/Q3861,Doha,http://www.wikidata.org/entity/Q846,Qatar,1186023
http://www.wikidata.org/entity/Q170366,Ahvaz,http://www.wikidata.org/entity/Q794,Iran,1184788
http://www.wikidata.org/entity/Q485496,Shymkent,http://www.wikidata.org/entity/Q232,Kazakhstan,1184113
http://www.wikidata.org/entity/Q485496,  Shymkent ,http://www.wikidata.org/entity/Q232,Kazakhstan,1184113
http://www.wikidata.org/entity/Q170115,Srinagar,http://www.wikidata.org/entity/Q668, India ,1180570
http://www.wikidata.org/entity/Q170115,Srinagar,http://www.wikidata.org/entity/Q668,India,1180570
http://www.wikidata.org/entity/Q170115,Srinagar,http://www.wikidata.org/entity/Q668,India,1180570
http://www.wikidata.org/entity/Q36399,Huế.,http://www.wikidata.org/entity/Q881,Vietnam,1178600
http://www.wikidata.org/entity/Q36399,Huế,http://www.wikidata.org/entity/Q881,Vietnam,1178600
http://www.wikidata.org/entity/Q906,  Chelyabinsk ,http://www.wikidata.org/entity/Q159,Russia,1176770
http://www.wikidata.org/entity/Q92311,LIAOYUAN,http://www.wikidata.org/entity/Q148,People's Republic of China,1176239
http://www.wikidata.org/entity/Q11445,malang,http://www.wikidata.org/entity/Q252,Indonesia,1175282
http://www.wikidata.org/entity/Q200713,Aurangabad,http://www.wikidata.org/entity/Q668,India,1175116
http://www.wikidata.org/entity/Q200713,Aurangabad,http://www.wikidata.org/entity/Q668,India,1175116
http://www.wikidata.org/entity/Q363076,Yingtan,http://www.wikidata.org/entity/Q148,People's Republic of China,1175000
http://www.wikidata.org/entity/Q363076,  Yingtan ,http://www.wikidata.org/entity/Q148,People's Republic of China,1175000
http://www.wikidata.org/entity/Q1273644,Pikine,http://www.wikidata.org/entity/Q1041,Senegal,1170791
http://www.wikidata.org/entity/Q80985,Fez,http://www.wikidata.org/entity/Q1028,Morocco,1167842
http://www.wikidata.org/entity/Q8156,Bandar  Lampung,http://www.wikidata.org/entity/Q252,Indonesia,1166761
http://www.wikidata.org/entity/Q37400,Naypyidaw.,http://www.wikidata.org/entity/Q836,Myanmar,1160242
http://www.wikidata.org/entity/Q37400,Naypyidaw,http://www.wikidata.org/entity/Q836,Myanmar,1160242
http://www.wikidata.org/entity/Q37400,  Naypyidaw ,http://www.wikidata.org/entity/Q836,Myanmar,1160242
http://www.wikidata.org/entity/Q202162,ABA,http://www.wikidata.org/entity/Q1033,Nigeria,1160000
http://www.wikidata.org/entity/Q202162,aba,http://www.wikidata.org/entity/Q1033,Nigeria,1160000
http://www.wikidata.org/entity/Q58324,Zhoushan,http://www.wikidata.org/entity/Q148,People's Republic of China,1157817
http://www.wikidata.org/entity/Q58324,Zhoushan,http://www.wikidata.org/entity/Q148,People's Republic of China,1157817
http://www.wikidata.org/entity/Q3646,Krasnodar,http://www.wikidata.org/entity/Q159,Russia,
http://www.wikidata.org/entity/Q3646,  Krasnodar ,http://www.wikidata.org/entity/Q159,Russia,1154885
http://www.wikidata.org/entity/Q3646,Krasnodar,http://www.wikidata.org/entity/Q159,Russia,1154885
http://www.wikidata.org/entity/Q131694,Aden,http://www.wikidata.org/entity/Q805,Yemen,1154410
http://www.wikidata.org/entity/Q131694,Aden,http://www.wikidata.org/entity/Q805,Yemen,1154410 
http://www.wikidata.org/entity/Q363076,Yingtan.,http://www.wikidata.org/entity/Q148,People's Republic of China,1154223
http://www.wikidata.org/entity/Q363076,Yingtan,http://www.wikidata.org/entity/Q148,People's Republic of China,1154223
http://www.wikidata.org/entity/Q894,  Samara ,http://www.wikidata.org/entity/Q159,Russia,1154223
http://www.wikidata.org/entity/Q1856565,NELSON MANDELA BAY METROPOLITAN MUNICIPALITY,http://www.wikidata.org/entity/Q258,South Africa,1152115
http://www.wikidata.org/entity/Q1025448,leiyang,http://www.wikidata.org/entity/Q148,People's Republic of China,1151554
http://www.wikidata.org/entity/Q349976,Yichun,http://www.wikidata.org/entity/Q148,People's Republic of China,1148126
http://www.wikidata.org/entity/Q349976,Yichun,http://www.wikidata.org/entity/Q148,People's Republic of China,1148126
http://www.wikidata.org/entity/Q911,Ufa,http://www.wikidata.org/entity/Q159,Russia,1144809
http://www.wikidata.org/entity/Q81033,  Monterrey ,http://www.wikidata.org/entity/Q96,Mexico,1142952
http://www.wikidata.org/entity/Q81033,Monterrey,http://www.wikidata.org/entity/Q96,Mexico,1142952
http://www.wikidata.org/entity/Q604625,Guyuan,http://www.wikidata.org/entity/Q148,People's Republic of China,1142142
http://www.wikidata.org/entity/Q604625,Guyuan,http://www.wikidata.org/entity/Q148,People's Republic of China,1142142
http://www.wikidata.org/entity/Q1025448,Leiyang.,http://www.wikidata.org/entity/Q148,People's Republic of China,1140675
http://www.wikidata.org/entity/Q2256,Birmingham,http://www.wikidata.org/entity/Q145, Great Britain ,1137100
http://www.wikidata.org/entity/Q2256,  Birmingham ,http://www.wikidata.org/entity/Q145,United Kingdom,1137100
http://www.wikidata.org/entity/Q2256,BIRMINGHAM,http://www.wikidata.org/entity/Q145,United Kingdom,1137100
http://www.wikidata.org/entity/Q2256,birmingham,http://www.wikidata.org/entity/Q145,United Kingdom,1137100
http://www.wikidata.org/entity/Q908,Rostov-On-Don,http://www.wikidata.org/entity/Q159,Russia,1135968
http://www.wikidata.org/entity/Q3889,Maputo,http://www.wikidata.org/entity/Q1029,Mozambique,1133200
http://www.wikidata.org/entity/Q3889,Maputo,http://www.wikidata.org/entity/Q1029,Mozambique,1133200
http://www.wikidata.org/entity/Q3889,  Maputo ,http://www.wikidata.org/entity/Q1029,Mozambique,1133200
http://www.wikidata.org/entity/Q48403,Amritsar,http://www.wikidata.org/entity/Q668,India,1132383
http://www.wikidata.org/entity/Q48403,Amritsar,http://www.wikidata.org/entity/Q668,India,1132383
http://www.wikidata.org/entity/Q197402,Zhangye,http://www.wikidata.org/entity/Q148,People's Republic of China,1131016
http://www.wikidata.org/entity/Q197402,Zhangye.,http://www.wikidata.org/entity/Q148,People's Republic of China,1131016
http://www.wikidata.org/entity/Q83061,Van,http://www.wikidata.org/entity/Q43,Turkey,1127612
http://www.wikidata.org/entity/Q83061,  Van ,http://www.wikidata.org/entity/Q43,Turkey,1127612
http://www.wikidata.org/entity/Q83061,VAN,http://www.wikidata.org/entity/Q43,Turkey,1127612
http://www.wikidata.org/entity/Q41278,ulsan,http://www.wikidata.org/entity/Q884,South Korea,
http://www.wikidata.org/entity/Q41278,Ulsan,http://www.wikidata.org/entity/Q884,South Korea,1127553
http://www.wikidata.org/entity/Q41278,Ulsan,http://www.wikidata.org/entity/Q884,South Korea,1127553
http://www.wikidata.org/entity/Q41278,Ulsan,http://www.wikidata.org/entity/Q884,South Korea,1127553
http://www.wikidata.org/entity/Q58324,  Zhoushan ,http://www.wikidata.org/entity/Q148,People's Republic of China,1121261
http://www.wikidata.org/entity/Q58324,Zhoushan,http://www.wikidata.org/entity/Q148,People's Republic of China,"1,121,261"
http://www.wikidata.org/entity/Q61445,Navi Mumbai,http://www.wikidata.org/entity/Q668,India,1119477
http://www.wikidata.org/entity/Q61445,Navi  Mumbai,http://www.wikidata.org/entity/Q668,India,1119477
http://www.wikidata.org/entity/Q994,Tbilisi.,http://www.wikidata.org/entity/Q230,Georgia,1118035
http://www.wikidata.org/entity/Q994,Tbilisi,http://www.wikidata.org/entity/Q230,Georgia,1118035
http://www.wikidata.org/entity/Q994,  Tbilisi ,http://www.wikidata.org/entity/Q230,Georgia,1118035
http://www.wikidata.org/entity/Q199605,GUWAHATI,http://www.wikidata.org/entity/Q668,India,1116267
http://www.wikidata.org/entity/Q199605,guwahati,http://www.wikidata.org/entity/Q668,India,1116267
http://www.wikidata.org/entity/Q1953,Yerevan,http://www.wikidata.org/entity/Q399,Armenia,1106300
http://www.wikidata.org/entity/Q19316,Biên Hòa,http://www.wikidata.org/entity/Q881,Vietnam,1104000
http://www.wikidata.org/entity/Q333928,Maracay,http://www.wikidata.org/entity/Q717,Venezuela,1102088
http://www.wikidata.org/entity/Q333928,  Maracay ,http://www.wikidata.org/entity/Q717,Venezuela,1102088
http://www.wikidata.org/entity/Q898,Omsk,http://www.wikidata.org/entity/Q159,Russia,1101367
http://www.wikidata.org/entity/Q533432,Jiuquan,http://www.wikidata.org/entity/Q148,People's Republic of China,1095947 
http://www.wikidata.org/entity/Q533432,Jiuquan,http://www.wikidata.org/entity/Q148,People's Republic of China,1095947
http://www.wikidata.org/entity/Q1011201,Yuyao City.,http://www.wikidata.org/entity/Q148,People's Republic of China,1095000
http://www.wikidata.org/entity/Q188897,Nova Iguaçu,http://www.wikidata.org/entity/Q155,Brazil,1094789
http://www.wikidata.org/entity/Q919,  Krasnoyarsk ,http://www.wikidata.org/entity/Q159,Russia,1092851
http://www.wikidata.org/entity/Q3659,N'DJAMENA,http://www.wikidata.org/entity/Q657,Chad,1092066
http://www.wikidata.org/entity/Q3659,n'djamena,http://www.wikidata.org/entity/Q657,Chad,1092066
http://www.wikidata.org/entity/Q3659,N'Djamena,http://www.wikidata.org/entity/Q657, Chad ,1092066
http://www.wikidata.org/entity/Q365,Cologne,http://www.wikidata.org/entity/Q183,Germany,1087353
http://www.wikidata.org/entity/Q365,Cologne,http://www.wikidata.org/entity/Q183,Germany,1087353
http://www.wikidata.org/entity/Q365,  Cologne ,http://www.wikidata.org/entity/Q183,Germany,1087353
http://www.wikidata.org/entity/Q365,Cologne,http://www.wikidata.org/entity/Q183,Germany,1087353
http://www.wikidata.org/entity/Q365,Cologne,http://www.wikidata.org/entity/Q183,Germany,1087353
http://www.wikidata.org/entity/Q365,Cologne,http://www.wikidata.org/entity/Q183,Germany,1087353
http://www.wikidata.org/entity/Q18459,Yongin.,http://www.wikidata.org/entity/Q884,South Korea,1084817
http://www.wikidata.org/entity/Q71305,Ezhou,http://www.wikidata.org/entity/Q148,People's Republic of China,
http://www.wikidata.org/entity/Q71305,  Ezhou ,http://www.wikidata.org/entity/Q148,People's Republic of China,1079353
http://www.wikidata.org/entity/Q1520,ASTANA,http://www.wikidata.org/entity/Q232,Kazakhstan,1078362
http://www.wikidata.org/entity/Q1520,astana,http://www.wikidata.org/entity/Q232,Kazakhstan,1078362
http://www.wikidata.org/entity/Q1520,Astana,http://www.wikidata.org/entity/Q232,Kazakhstan,1078362
http://www.wikidata.org/entity/Q205697,Howrah,http://www.wikidata.org/entity/Q668,India,1077075
http://www.wikidata.org/entity/Q174461,Ranchi,http://www.wikidata.org/entity/Q668,India,1073440
http://www.wikidata.org/entity/Q174461,  Ranchi ,http://www.wikidata.org/entity/Q668,India,1073440
http://www.wikidata.org/entity/Q158467,Gwalior,http://www.wikidata.org/entity/Q668,India,1069276
http://www.wikidata.org/entity/Q158467,Gwalior,http://www.wikidata.org/entity/Q668,India,1069276
http://www.wikidata.org/entity/Q197922,Zhongwei,http://www.wikidata.org/entity/Q148,People's Republic of China,1067336
http://www.wikidata.org/entity/Q197922,Zhongwei.,http://www.wikidata.org/entity/Q148,People's Republic of China,1067336
http://www.wikidata.org/entity/Q42061,Goyang,http://www.wikidata.org/entity/Q884,South Korea,1061929
http://www.wikidata.org/entity/Q42061,  Goyang ,http://www.wikidata.org/entity/Q884,South Korea,1061929
http://www.wikidata.org/entity/Q42061,GOYANG,http://www.wikidata.org/entity/Q884,South Korea,1061929
http://www.wikidata.org/entity/Q46747,sendai,http://www.wikidata.org/entity/Q17,Japan,1061177
http://www.wikidata.org/entity/Q46747,Sendai,http://www.wikidata.org/entity/Q17,Japan,1061177
http://www.wikidata.org/entity/Q46747,Sendai,http://www.wikidata.org/entity/Q17,Japan,1061177
http://www.wikidata.org/entity/Q46747,Sendai,http://www.wikidata.org/entity/Q17,Japan,1061177
http://www.wikidata.org/entity/Q46747,  Sendai ,http://www.wikidata.org/entity/Q17,Japan,1061177
http://www.wikidata.org/entity/Q71305,Ezhou,http://www.wikidata.org/entity/Q148,People's Republic of China,1059700
http://www.wikidata.org/entity/Q71305,Ezhou,http://www.wikidata.org/entity/Q148,People's Republic of China,1059700
http://www.wikidata.org/entity/Q4709,Barquisimeto,http://www.wikidata.org/entity/Q717,Venezuela,1059092
http://www.wikidata.org/entity/Q4709,Barquisimeto.,http://www.wikidata.org/entity/Q717,Venezuela,1059092
http://www.wikidata.org/entity/Q349982,Hegang,http://www.wikidata.org/entity/Q148,People's Republic of China,1058665
http://www.wikidata.org/entity/Q349982,  Hegang ,http://www.wikidata.org/entity/Q148,People's Republic of China,1058665
http://www.wikidata.org/entity/Q3238,TEGUCIGALPA,http://www.wikidata.org/entity/Q783,Honduras,1055729
http://www.wikidata.org/entity/Q3238,tegucigalpa,http://www.wikidata.org/entity/Q783,Honduras,1055729
http://www.wikidata.org/entity/Q533432,Jiuquan,http://www.wikidata.org/entity/Q148,People's Republic of China,1055706
http://www.wikidata.org/entity/Q533432,Jiuquan,http://www.wikidata.org/entity/Q148,People's Republic of China,1055706
http://www.wikidata.org/entity/Q43433,Chandigarh,http://www.wikidata.org/entity/Q668,India,1055450
http://www.wikidata.org/entity/Q43433,  Chandigarh ,http://www.wikidata.org/entity/Q668,India,1055450
http://www.wikidata.org/entity/Q200017,Vijayawada,http://www.wikidata.org/entity/Q668, India ,1048240 
http://www.wikidata.org/entity/Q571712,Fangchenggang,http://www.wikidata.org/entity/Q148,People's Republic of China,
http://www.wikidata.org/entity/Q571712,Fangchenggang,http://www.wikidata.org/entity/Q148,People's Republic of China,1046068
http://www.wikidata.org/entity/Q197922,Zhongwei.,http://www.wikidata.org/entity/Q148,People's Republic of China,1046000
http://www.wikidata.org/entity/Q197922,Zhongwei,http://www.wikidata.org/entity/Q148,People's Republic of China,1046000
http://www.wikidata.org/entity/Q3426,  Voronezh ,http://www.wikidata.org/entity/Q159,Russia,1041722
http://www.wikidata.org/entity/Q3426,VORONEZH,http://www.wikidata.org/entity/Q159,Russia,1041722
http://www.wikidata.org/entity/Q134291,mersin,http://www.wikidata.org/entity/Q43,Turkey,1040507
http://www.wikidata.org/entity/Q134291,Mersin,http://www.wikidata.org/entity/Q43,Turkey,1040507
http://www.wikidata.org/entity/Q134291,Mersin,http://www.wikidata.org/entity/Q43,Turkey,1040507
http://www.wikidata.org/entity/Q28441,São Luís,http://www.wikidata.org/entity/Q155,Brazil,1037775
http://www.wikidata.org/entity/Q52535,  Rosario ,http://www.wikidata.org/entity/Q414,Argentina,1037710
http://www.wikidata.org/entity/Q52535,Rosario,http://www.wikidata.org/entity/Q414,Argentina,1037710
http://www.wikidata.org/entity/Q200019,Jodhpur,http://www.wikidata.org/entity/Q668,India,1033918
http://www.wikidata.org/entity/Q200019,Jodhpur,http://www.wikidata.org/entity/Q668,India,1033918
http://www.wikidata.org/entity/Q109949,Matola.,http://www.wikidata.org/entity/Q1029,Mozambique,1032197
http://www.wikidata.org/entity/Q109949,Matola,http://www.wikidata.org/entity/Q1029,Mozambique,1032197
http://www.wikidata.org/entity/Q500366,  Ogbomosho ,http://www.wikidata.org/entity/Q1033,Nigeria,1032000
http://www.wikidata.org/entity/Q319804,SANYA,http://www.wikidata.org/entity/Q148,People's Republic of China,1031396
http://www.wikidata.org/entity/Q23438,ashgabat,http://www.wikidata.org/entity/Q874,Turkmenistan,1030063
http://www.wikidata.org/entity/Q23438,Ashgabat,http://www.wikidata.org/entity/Q874,Turkmenistan,1030063
http://www.wikidata.org/entity/Q465022,Enugu,http://www.wikidata.org/entity/Q1033,Nigeria,1029400
http://www.wikidata.org/entity/Q170967,Denizli,http://www.wikidata.org/entity/Q43,Turkey,1027782
http://www.wikidata.org/entity/Q170967,  Denizli ,http://www.wikidata.org/entity/Q43,Turkey,1027782
http://www.wikidata.org/entity/Q170967,Denizli,http://www.wikidata.org/entity/Q43,Turkey,1027782
http://www.wikidata.org/entity/Q170967,Denizli,http://www.wikidata.org/entity/Q43,Turkey,1027782
http://www.wikidata.org/entity/Q915,Perm,http://www.wikidata.org/entity/Q159,Russia,1027518
http://www.wikidata.org/entity/Q915,Perm.,http://www.wikidata.org/entity/Q159,Russia,1027518
http://www.wikidata.org/entity/Q915,Perm,http://www.wikidata.org/entity/Q159,Russia,1027518
http://www.wikidata.org/entity/Q269960,  Shobra Elkhema ,http://www.wikidata.org/entity/Q79,Egypt,1025569
http://www.wikidata.org/entity/Q269960,SHOBRA ELKHEMA,http://www.wikidata.org/entity/Q79,Egypt,1025569
http://www.wikidata.org/entity/Q3748,monrovia,http://www.wikidata.org/entity/Q1014,Liberia,"1,021,762"
http://www.wikidata.org/entity/Q3748,Monrovia,http://www.wikidata.org/entity/Q1014,Liberia,1021762
http://www.wikidata.org/entity/Q3748,Monrovia,http://www.wikidata.org/entity/Q1014,Liberia,1021762
http://www.wikidata.org/entity/Q1629,Zamboanga City,http://www.wikidata.org/entity/Q928,Philippines,
http://www.wikidata.org/entity/Q1930,  Ottawa ,http://www.wikidata.org/entity/Q16,Canada,1017449
http://www.wikidata.org/entity/Q1930,Ottawa,http://www.wikidata.org/entity/Q16,Canada,1017449
http://www.wikidata.org/entity/Q1362,Islamabad,http://www.wikidata.org/entity/Q843,Pakistan,1014825
http://www.wikidata.org/entity/Q1362,Islamabad,http://www.wikidata.org/entity/Q843,Pakistan,1014825
http://www.wikidata.org/entity/Q32005019,Thủ Đức.,http://www.wikidata.org/entity/Q881,Vietnam,1013795
http://www.wikidata.org/entity/Q16553,San Jose,http://www.wikidata.org/entity/Q30, United States ,1013240
http://www.wikidata.org/entity/Q16553,  San Jose ,http://www.wikidata.org/entity/Q30,United States,1013240
http://www.wikidata.org/entity/Q914,VOLGOGRAD,http://www.wikidata.org/entity/Q159,Russia,1012219
http://www.wikidata.org/entity/Q914,volgograd,http://www.wikidata.org/entity/Q159,Russia,1012219
http://www.wikidata.org/entity/Q2096,Edmonton,http://www.wikidata.org/entity/Q16,Canada,1010899
http://www.wikidata.org/entity/Q2096,Edmonton,http://www.wikidata.org/entity/Q16,Canada,1010899
http://www.wikidata.org/entity/Q2096,Edmonton,http://www.wikidata.org/entity/Q16,Canada,1010899
http://www.wikidata.org/entity/Q2096,  Edmonton ,http://www.wikidata.org/entity/Q16,Canada,1010899 
http://www.wikidata.org/entity/Q1874,Odesa,http://www.wikidata.org/entity/Q212,Ukraine,1010537
http://www.wikidata.org/entity/Q372773,Raipur,http://www.wikidata.org/entity/Q668,India,1010087
http://www.wikidata.org/entity/Q372773,Raipur,http://www.wikidata.org/entity/Q668,India,1010087
http://www.wikidata.org/entity/Q243327,Changwon.,http://www.wikidata.org/entity/Q884,South Korea,1009998
http://www.wikidata.org/entity/Q243327,Changwon,http://www.wikidata.org/entity/Q884,South Korea,1009998
http://www.wikidata.org/entity/Q159273,  Arequipa ,http://www.wikidata.org/entity/Q419,Peru,1008290
http://www.wikidata.org/entity/Q25282,DA NANG,http://www.wikidata.org/entity/Q881,Vietnam,1007400
http://www.wikidata.org/entity/Q25282,da nang,http://www.wikidata.org/entity/Q881,Vietnam,1007400
http://www.wikidata.org/entity/Q25282,Da Nang,http://www.wikidata.org/entity/Q881,Vietnam,1007400
http://www.wikidata.org/entity/Q277966,Tshikapa,http://www.wikidata.org/entity/Q974,Democratic Republic of the Congo,1006387
http://www.wikidata.org/entity/Q42160,Hwaseong,http://www.wikidata.org/entity/Q884,South Korea,1004079
http://www.wikidata.org/entity/Q42160,  Hwaseong ,http://www.wikidata.org/entity/Q884,South Korea,1004079
http://www.wikidata.org/entity/Q42160,Hwaseong,http://www.wikidata.org/entity/Q884,South Korea,1004079
http://www.wikidata.org/entity/Q101625,Marrakesh,http://www.wikidata.org/entity/Q1028,Morocco,1002697
http://www.wikidata.org/entity/Q101625,Marrakesh,http://www.wikidata.org/entity/Q1028,Morocco,1002697
http://www.wikidata.org/entity/Q330531,Kota.,http://www.wikidata.org/entity/Q668,India,1001694
http://www.wikidata.org/entity/Q330531,Kota,http://www.wikidata.org/entity/Q668,India,1001694
http://www.wikidata.org/entity/Q185458,  Quetta ,http://www.wikidata.org/entity/Q843,Pakistan,1001205
http://www.wikidata.org/entity/Q213026,BAREILLY,http://www.wikidata.org/entity/Q668,India,1000000
http://www.wikidata.org/entity/Q213026,bareilly,http://www.wikidata.org/entity/Q668,India,
http://www.wikidata.org/entity/Q92311,Liaoyuan,http://www.wikidata.org/entity/Q148,People's Republic of China,996903
http://www.wikidata.org/entity/Q1555,Guatemala City,http://www.wikidata.org/entity/Q774,Guatemala,994938
http://www.wikidata.org/entity/Q1555,Guatemala City,http://www.wikidata.org/entity/Q774,Guatemala,994938
http://www.wikidata.org/entity/Q1555,  Guatemala City ,http://www.wikidata.org/entity/Q774,Guatemala,994938
http://www.wikidata.org/entity/Q1555,Guatemala City,http://www.wikidata.org/entity/Q774,Guatemala,994938
http://www.wikidata.org/entity/Q1023920,Xingning,http://www.wikidata.org/entity/Q148,People's Republic of China,993000
http://www.wikidata.org/entity/Q3876,Lilongwe,http://www.wikidata.org/entity/Q1020,Malawi,989318
http://www.wikidata.org/entity/Q3876,Lilongwe.,http://www.wikidata.org/entity/Q1020,Malawi,989318
http://www.wikidata.org/entity/Q34261,Port-au-Prince,http://www.wikidata.org/entity/Q790,Haiti,987310
http://www.wikidata.org/entity/Q1754,  Stockholm ,http://www.wikidata.org/entity/Q34,Sweden,984748
http://www.wikidata.org/entity/Q1754,STOCKHOLM,http://www.wikidata.org/entity/Q34,Sweden,984748
http://www.wikidata.org/entity/Q1754,stockholm,http://www.wikidata.org/entity/Q34,Sweden,984748
http://www.wikidata.org/entity/Q1754,Stockholm,http://www.wikidata.org/entity/Q34, Sweden ,984748
http://www.wikidata.org/entity/Q1754,Stockholm,http://www.wikidata.org/entity/Q34,Sweden,984748
http://www.wikidata.org/entity/Q1754,Stockholm,http://www.wikidata.org/entity/Q34,Sweden,984748
http://www.wikidata.org/entity/Q7786,  Pekanbaru ,http://www.wikidata.org/entity/Q252,Indonesia,983356
http://www.wikidata.org/entity/Q10393,Bogor,http://www.wikidata.org/entity/Q252,Indonesia,982469
http://www.wikidata.org/entity/Q170616,Chiba,http://www.wikidata.org/entity/Q17,Japan,975014
http://www.wikidata.org/entity/Q170616,Chiba,http://www.wikidata.org/entity/Q17,Japan,975014
http://www.wikidata.org/entity/Q170616,Chiba.,http://www.wikidata.org/entity/Q17,Japan,975014
http://www.wikidata.org/entity/Q170616,Chiba,http://www.wikidata.org/entity/Q17,Japan,975014
http://www.wikidata.org/entity/Q170616,  Chiba ,http://www.wikidata.org/entity/Q17,Japan,975014
http://www.wikidata.org/entity/Q173310,KIRKUK,http://www.wikidata.org/entity/Q796,Iraq,975000
http://www.wikidata.org/entity/Q173310,kirkuk,http://www.wikidata.org/entity/Q796,Iraq,975000
http://www.wikidata.org/entity/Q48256,Dnipro,http://www.wikidata.org/entity/Q212,Ukraine,968502
http://www.wikidata.org/entity/Q48256,Dnipro,http://www.wikidata.org/entity/Q212,Ukraine,968502
http://www.wikidata.org/entity/Q92348,Baishan,http://www.wikidata.org/entity/Q148,People's Republic of China,968373 
http://www.wikidata.org/entity/Q1467,  Cebu City ,http://www.wikidata.org/entity/Q928,Philippines,965332
http://www.wikidata.org/entity/Q3642,Asmara,http://www.wikidata.org/entity/Q986,Eritrea,963000
http://www.wikidata.org/entity/Q3642,Asmara,http://www.wikidata.org/entity/Q986,Eritrea,963000
http://www.wikidata.org/entity/Q168929,Campo  Grande,http://www.wikidata.org/entity/Q155,Brazil,962883
http://www.wikidata.org/entity/Q16559,Austin.,http://www.wikidata.org/entity/Q30,United States,961855
http://www.wikidata.org/entity/Q16559,Austin,http://www.wikidata.org/entity/Q30,United States,
http://www.wikidata.org/entity/Q9885,  Coimbatore ,http://www.wikidata.org/entity/Q668,India,959823
http://www.wikidata.org/entity/Q9885,COIMBATORE,http://www.wikidata.org/entity/Q668,India,959823
http://www.wikidata.org/entity/Q1015132,danzhou,http://www.wikidata.org/entity/Q148,People's Republic of China,954259
http://www.wikidata.org/entity/Q1015132,Danzhou,http://www.wikidata.org/entity/Q148,People's Republic of China,954259
http://www.wikidata.org/entity/Q237847,Solapur,http://www.wikidata.org/entity/Q668,India,951558
http://www.wikidata.org/entity/Q237847,Solapur,http://www.wikidata.org/entity/Q668,India,951558
http://www.wikidata.org/entity/Q3780,  Freetown ,http://www.wikidata.org/entity/Q1044,Sierra Leone,951000
http://www.wikidata.org/entity/Q3780,Freetown,http://www.wikidata.org/entity/Q1044,Sierra Leone,951000
http://www.wikidata.org/entity/Q3780,Freetown,http://www.wikidata.org/entity/Q1044,Sierra Leone,951000
http://www.wikidata.org/entity/Q16568,Jacksonville,http://www.wikidata.org/entity/Q30,United States,949611
http://www.wikidata.org/entity/Q16568,Jacksonville.,http://www.wikidata.org/entity/Q30,United States,949611
http://www.wikidata.org/entity/Q16568,Jacksonville,http://www.wikidata.org/entity/Q30,United States,949611
http://www.wikidata.org/entity/Q42108,  Seongnam ,http://www.wikidata.org/entity/Q884,South Korea,948757
http://www.wikidata.org/entity/Q42108,SEONGNAM,http://www.wikidata.org/entity/Q884,South Korea,948757
http://www.wikidata.org/entity/Q42108,seongnam,http://www.wikidata.org/entity/Q884,South Korea,948757
http://www.wikidata.org/entity/Q42108,Seongnam,http://www.wikidata.org/entity/Q884,South Korea,948757
http://www.wikidata.org/entity/Q9365,Dushanbe,http://www.wikidata.org/entity/Q863,Tajikistan,948251
http://www.wikidata.org/entity/Q9365,Dushanbe,http://www.wikidata.org/entity/Q863,Tajikistan,948251
http://www.wikidata.org/entity/Q180078,  Kermanshah ,http://www.wikidata.org/entity/Q794,Iran,946651
http://www.wikidata.org/entity/Q466046,Salé,http://www.wikidata.org/entity/Q1028, Morocco ,945101
http://www.wikidata.org/entity/Q34692,Kingston,http://www.wikidata.org/entity/Q766,Jamaica,937700
http://www.wikidata.org/entity/Q34692,Kingston,http://www.wikidata.org/entity/Q766,Jamaica,"937,700"
http://www.wikidata.org/entity/Q3274,Managua.,http://www.wikidata.org/entity/Q811,Nicaragua,937489
http://www.wikidata.org/entity/Q3274,Managua,http://www.wikidata.org/entity/Q811,Nicaragua,937489
http://www.wikidata.org/entity/Q1218,  Jerusalem ,http://www.wikidata.org/entity/Q801,Israel,936425
http://www.wikidata.org/entity/Q1218,JERUSALEM,http://www.wikidata.org/entity/Q219060,Palestine,936425
http://www.wikidata.org/entity/Q310114,khartoum north,http://www.wikidata.org/entity/Q1049,Sudan,936349
http://www.wikidata.org/entity/Q310114,Khartoum North,http://www.wikidata.org/entity/Q1049,Sudan,936349
http://www.wikidata.org/entity/Q146723,Kisangani,http://www.wikidata.org/entity/Q974,Democratic Republic of the Congo,935977
http://www.wikidata.org/entity/Q146723,Kisangani,http://www.wikidata.org/entity/Q974,Democratic Republic of the Congo,935977
http://www.wikidata.org/entity/Q188806,  Kitakyūshū-shi ,http://www.wikidata.org/entity/Q17,Japan,935084
http://www.wikidata.org/entity/Q188806,Kitakyūshū-shi,http://www.wikidata.org/entity/Q17,Japan,935084
http://www.wikidata.org/entity/Q188806,Kitakyūshū-shi,http://www.wikidata.org/entity/Q17,Japan,
http://www.wikidata.org/entity/Q200805,Aguascalientes  City,http://www.wikidata.org/entity/Q96,Mexico,934424
http://www.wikidata.org/entity/Q200805,Aguascalientes City.,http://www.wikidata.org/entity/Q96,Mexico,934424
http://www.wikidata.org/entity/Q243325,Khulna,http://www.wikidata.org/entity/Q902,Bangladesh,928891
http://www.wikidata.org/entity/Q243325,  Khulna ,http://www.wikidata.org/entity/Q902,Bangladesh,928891
http://www.wikidata.org/entity/Q61302,CHIHUAHUA CITY,http://www.wikidata.org/entity/Q96,Mexico,925762
http://www.wikidata.org/entity/Q61302,chihuahua city,http://www.wikidata.org/entity/Q96,Mexico,925762
http://www.wikidata.org/entity/Q727,Amsterdam,http://www.wikidata.org/entity/Q55,Netherlands,921468
http://www.wikidata.org/entity/Q727,Amsterdam,http://www.wikidata.org/entity/Q55,Netherlands,921468 
http://www.wikidata.org/entity/Q727,Amsterdam,http://www.wikidata.org/entity/Q55,Netherlands,921468
http://www.wikidata.org/entity/Q727,  Amsterdam ,http://www.wikidata.org/entity/Q55,Netherlands,921468
http://www.wikidata.org/entity/Q727,Amsterdam,http://www.wikidata.org/entity/Q55,Netherlands,921468
http://www.wikidata.org/entity/Q727,Amsterdam,http://www.wikidata.org/entity/Q55,Netherlands,921468
http://www.wikidata.org/entity/Q188897,Nova  Iguaçu,http://www.wikidata.org/entity/Q155,Brazil,920599
http://www.wikidata.org/entity/Q349979,Qitaihe.,http://www.wikidata.org/entity/Q148,People's Republic of China,920471
http://www.wikidata.org/entity/Q349979,Qitaihe,http://www.wikidata.org/entity/Q148,People's Republic of China,920471
http://www.wikidata.org/entity/Q214173,  Trujillo ,http://www.wikidata.org/entity/Q419,Peru,919899
http://www.wikidata.org/entity/Q214173,TRUJILLO,http://www.wikidata.org/entity/Q419,Peru,919899
http://www.wikidata.org/entity/Q16558,fort worth,http://www.wikidata.org/entity/Q30,United States,918915
http://www.wikidata.org/entity/Q16558,Fort Worth,http://www.wikidata.org/entity/Q30,United States,918915
http://www.wikidata.org/entity/Q42108,Seongnam,http://www.wikidata.org/entity/Q884,South Korea,918771
http://www.wikidata.org/entity/Q42108,Seongnam,http://www.wikidata.org/entity/Q884,South Korea,918771
http://www.wikidata.org/entity/Q42108,  Seongnam ,http://www.wikidata.org/entity/Q884,South Korea,918771
http://www.wikidata.org/entity/Q42108,Seongnam,http://www.wikidata.org/entity/Q884,South Korea,918771
http://www.wikidata.org/entity/Q207754,Tiruchirappalli,http://www.wikidata.org/entity/Q668,India,916857
http://www.wikidata.org/entity/Q207754,Tiruchirappalli,http://www.wikidata.org/entity/Q668,India,916857
http://www.wikidata.org/entity/Q657461,Cartagena.,http://www.wikidata.org/entity/Q739,Colombia,914552
http://www.wikidata.org/entity/Q657461,Cartagena,http://www.wikidata.org/entity/Q739, Colombia ,914552
http://www.wikidata.org/entity/Q1636,  Q1636 ,http://www.wikidata.org/entity/Q928,Philippines,913712
http://www.wikidata.org/entity/Q2634,NAPLES,http://www.wikidata.org/entity/Q38,Italy,913462
http://www.wikidata.org/entity/Q2634,naples,http://www.wikidata.org/entity/Q38,Italy,913462
http://www.wikidata.org/entity/Q7253,Padang,http://www.wikidata.org/entity/Q252,Indonesia,909040
http://www.wikidata.org/entity/Q583619,Owerri,http://www.wikidata.org/entity/Q1033,Nigeria,908109
http://www.wikidata.org/entity/Q583619,Owerri,http://www.wikidata.org/entity/Q1033,Nigeria,
http://www.wikidata.org/entity/Q16567,  Columbus ,http://www.wikidata.org/entity/Q30,United States,905748
http://www.wikidata.org/entity/Q16567,Columbus,http://www.wikidata.org/entity/Q30,United States,905748
http://www.wikidata.org/entity/Q16567,Columbus,http://www.wikidata.org/entity/Q30,United States,905748
http://www.wikidata.org/entity/Q223761,Bobo-Dioulasso,http://www.wikidata.org/entity/Q965,Burkina Faso,903887
http://www.wikidata.org/entity/Q122044,Lubango.,http://www.wikidata.org/entity/Q916,Angola,903564
http://www.wikidata.org/entity/Q160320,Dammam,http://www.wikidata.org/entity/Q851,Saudi Arabia,903312
http://www.wikidata.org/entity/Q160320,  Dammam ,http://www.wikidata.org/entity/Q851,Saudi Arabia,903312
http://www.wikidata.org/entity/Q43070,DONETSK,http://www.wikidata.org/entity/Q212,Ukraine,901645
http://www.wikidata.org/entity/Q3825,libreville,http://www.wikidata.org/entity/Q1000,Gabon,899000
http://www.wikidata.org/entity/Q83114,São Gonçalo,http://www.wikidata.org/entity/Q155,Brazil,896744
http://www.wikidata.org/entity/Q165204,Mérida,http://www.wikidata.org/entity/Q96,Mexico,892363
http://www.wikidata.org/entity/Q165204,Mérida,http://www.wikidata.org/entity/Q96,Mexico,892363
http://www.wikidata.org/entity/Q349982,  Hegang ,http://www.wikidata.org/entity/Q148,People's Republic of China,891271
http://www.wikidata.org/entity/Q349982,Hegang,http://www.wikidata.org/entity/Q148,People's Republic of China,891271
http://www.wikidata.org/entity/Q3832,Bangui,http://www.wikidata.org/entity/Q929,Central African Republic,889231
http://www.wikidata.org/entity/Q3832,Bangui,http://www.wikidata.org/entity/Q929,Central African Republic,889231
http://www.wikidata.org/entity/Q3832,Bangui.,http://www.wikidata.org/entity/Q929,Central African Republic,889231
http://www.wikidata.org/entity/Q206484,Abeokuta,http://www.wikidata.org/entity/Q1033,Nigeria,888924
http://www.wikidata.org/entity/Q206484,  Abeokuta ,http://www.wikidata.org/entity/Q1033,Nigeria,888924
http://www.wikidata.org/entity/Q8969,CANCUN,http://www.wikidata.org/entity/Q96,Mexico,888797
http://www.wikidata.org/entity/Q8969,cancun,http://www.wikidata.org/entity/Q96,Mexico,888797
http://www.wikidata.org/entity/Q330643,Moradabad,http://www.wikidata.org/entity/Q668,India,887871 
http://www.wikidata.org/entity/Q330643,Moradabad,http://www.wikidata.org/entity/Q668,India,887871
http://www.wikidata.org/entity/Q6346,Indianapolis,http://www.wikidata.org/entity/Q30,United States,887642
http://www.wikidata.org/entity/Q6346,  Indianapolis ,http://www.wikidata.org/entity/Q30,United States,887642
http://www.wikidata.org/entity/Q6346,Indianapolis,http://www.wikidata.org/entity/Q30,United States,887642
http://www.wikidata.org/entity/Q25282,Da Nang,http://www.wikidata.org/entity/Q881,Vietnam,887069
http://www.wikidata.org/entity/Q25282,Da  Nang,http://www.wikidata.org/entity/Q881,Vietnam,887069
http://www.wikidata.org/entity/Q25282,Da Nang.,http://www.wikidata.org/entity/Q881,Vietnam,887069
http://www.wikidata.org/entity/Q193021,Duque de Caxias,http://www.wikidata.org/entity/Q155,Brazil,886917
http://www.wikidata.org/entity/Q23482,  Marseille ,http://www.wikidata.org/entity/Q142,France,886040
http://www.wikidata.org/entity/Q23482,MARSEILLE,http://www.wikidata.org/entity/Q142,France,886040
http://www.wikidata.org/entity/Q23482,marseille,http://www.wikidata.org/entity/Q142,France,
http://www.wikidata.org/entity/Q244232,Tabuk,http://www.wikidata.org/entity/Q851, Saudi Arabia ,886036
http://www.wikidata.org/entity/Q349976,Yichun,http://www.wikidata.org/entity/Q148,People's Republic of China,878881
http://www.wikidata.org/entity/Q349976,Yichun,http://www.wikidata.org/entity/Q148,People's Republic of China,878881
http://www.wikidata.org/entity/Q191204,  Sulaymaniyah ,http://www.wikidata.org/entity/Q796,Iraq,878146
http://www.wikidata.org/entity/Q191204,Sulaymaniyah,http://www.wikidata.org/entity/Q796,Iraq,878146
http://www.wikidata.org/entity/Q856003,Klang,http://www.wikidata.org/entity/Q833,Malaysia,878000
http://www.wikidata.org/entity/Q856003,Klang,http://www.wikidata.org/entity/Q833,Malaysia,878000
http://www.wikidata.org/entity/Q238508,Gurgaon.,http://www.wikidata.org/entity/Q668,India,876824
http://www.wikidata.org/entity/Q238508,Gurgaon,http://www.wikidata.org/entity/Q668,India,876824
http://www.wikidata.org/entity/Q16565,  Charlotte ,http://www.wikidata.org/entity/Q30,United States,874579
http://www.wikidata.org/entity/Q16565,CHARLOTTE,http://www.wikidata.org/entity/Q30,United States,874579
http://www.wikidata.org/entity/Q16565,charlotte,http://www.wikidata.org/entity/Q30,United States,874579
http://www.wikidata.org/entity/Q192961,Ramadi,http://www.wikidata.org/entity/Q796,Iraq,874543
http://www.wikidata.org/entity/Q192961,Ramadi,http://www.wikidata.org/entity/Q796,Iraq,"874,543"
http://www.wikidata.org/entity/Q201832,Aligarh,http://www.wikidata.org/entity/Q668,India,874408
http://www.wikidata.org/entity/Q201832,  Aligarh ,http://www.wikidata.org/entity/Q668,India,874408
http://www.wikidata.org/entity/Q62,San Francisco,http://www.wikidata.org/entity/Q30,United States,873965
http://www.wikidata.org/entity/Q62,San Francisco,http://www.wikidata.org/entity/Q30,United States,873965
http://www.wikidata.org/entity/Q62,San  Francisco,http://www.wikidata.org/entity/Q30,United States,873965
http://www.wikidata.org/entity/Q62,San Francisco.,http://www.wikidata.org/entity/Q30,United States,873965
http://www.wikidata.org/entity/Q695623,Barinas,http://www.wikidata.org/entity/Q717,Venezuela,873962
http://www.wikidata.org/entity/Q695623,  Barinas ,http://www.wikidata.org/entity/Q717,Venezuela,873962
http://www.wikidata.org/entity/Q33377,JALANDHAR,http://www.wikidata.org/entity/Q668,India,873725
http://www.wikidata.org/entity/Q5815,tyumen,http://www.wikidata.org/entity/Q159,Russia,872077
http://www.wikidata.org/entity/Q168866,Eskişehir,http://www.wikidata.org/entity/Q43,Turkey,871187
http://www.wikidata.org/entity/Q168866,Eskişehir,http://www.wikidata.org/entity/Q43,Turkey,871187
http://www.wikidata.org/entity/Q168866,Eskişehir,http://www.wikidata.org/entity/Q43,Turkey,871187
http://www.wikidata.org/entity/Q168866,  Eskişehir ,http://www.wikidata.org/entity/Q43,Turkey,871187
http://www.wikidata.org/entity/Q168866,Eskişehir,http://www.wikidata.org/entity/Q43,Turkey,871187
http://www.wikidata.org/entity/Q165341,Teresina,http://www.wikidata.org/entity/Q155,Brazil,868075
http://www.wikidata.org/entity/Q5869,Lhasa,http://www.wikidata.org/entity/Q148,People's Republic of China,867891
http://www.wikidata.org/entity/Q5869,Lhasa.,http://www.wikidata.org/entity/Q148,People's Republic of China,867891
http://www.wikidata.org/entity/Q5869,Lhasa,http://www.wikidata.org/entity/Q148,People's Republic of China,
http://www.wikidata.org/entity/Q5869,  Lhasa ,http://www.wikidata.org/entity/Q148,People's Republic of China,867891
http://www.wikidata.org/entity/Q271619,IPOH,http://www.wikidata.org/entity/Q833,Malaysia,866772
http://www.wikidata.org/entity/Q271619,ipoh,http://www.wikidata.org/entity/Q833,Malaysia,866772 
http://www.wikidata.org/entity/Q11445,Malang,http://www.wikidata.org/entity/Q252,Indonesia,866118
http://www.wikidata.org/entity/Q188897,Nova Iguaçu,http://www.wikidata.org/entity/Q155,Brazil,865089
http://www.wikidata.org/entity/Q53077,Saltillo,http://www.wikidata.org/entity/Q96,Mexico,864431
http://www.wikidata.org/entity/Q1024647,  Ikeja ,http://www.wikidata.org/entity/Q1033,Nigeria,861300
http://www.wikidata.org/entity/Q189138,Hermosillo,http://www.wikidata.org/entity/Q96, Mexico ,855563
http://www.wikidata.org/entity/Q189138,Hermosillo,http://www.wikidata.org/entity/Q96,Mexico,855563
http://www.wikidata.org/entity/Q188897,Nova  Iguaçu,http://www.wikidata.org/entity/Q155,Brazil,855500
http://www.wikidata.org/entity/Q1338527,Taoyuan County.,http://www.wikidata.org/entity/Q148,People's Republic of China,854935
http://www.wikidata.org/entity/Q199440,Mexicali,http://www.wikidata.org/entity/Q96,Mexico,854186
http://www.wikidata.org/entity/Q199440,  Mexicali ,http://www.wikidata.org/entity/Q96,Mexico,854186
http://www.wikidata.org/entity/Q1624,PASIG,http://www.wikidata.org/entity/Q928,Philippines,853050
http://www.wikidata.org/entity/Q42147,cheongju,http://www.wikidata.org/entity/Q884,South Korea,848000
http://www.wikidata.org/entity/Q42147,Cheongju,http://www.wikidata.org/entity/Q884,South Korea,848000
http://www.wikidata.org/entity/Q42147,Cheongju,http://www.wikidata.org/entity/Q884,South Korea,848000
http://www.wikidata.org/entity/Q423831,Akure,http://www.wikidata.org/entity/Q1033,Nigeria,847903
http://www.wikidata.org/entity/Q587085,  Ilorin ,http://www.wikidata.org/entity/Q1033,Nigeria,847582
http://www.wikidata.org/entity/Q587085,Ilorin,http://www.wikidata.org/entity/Q1033,Nigeria,847582
http://www.wikidata.org/entity/Q132754,Erbil,http://www.wikidata.org/entity/Q796,Iraq,846000
http://www.wikidata.org/entity/Q132754,Erbil,http://www.wikidata.org/entity/Q796,Iraq,846000
http://www.wikidata.org/entity/Q3037,Kathmandu.,http://www.wikidata.org/entity/Q837,Nepal,845767
http://www.wikidata.org/entity/Q3037,Kathmandu,http://www.wikidata.org/entity/Q837,Nepal,845767
http://www.wikidata.org/entity/Q3037,  Kathmandu ,http://www.wikidata.org/entity/Q837,Nepal,845767
http://www.wikidata.org/entity/Q3037,KATHMANDU,http://www.wikidata.org/entity/Q837,Nepal,845767
http://www.wikidata.org/entity/Q207322,huambo,http://www.wikidata.org/entity/Q916,Angola,844000
http://www.wikidata.org/entity/Q207322,Huambo,http://www.wikidata.org/entity/Q916,Angola,844000
http://www.wikidata.org/entity/Q188897,Nova Iguaçu,http://www.wikidata.org/entity/Q155,Brazil,843220
http://www.wikidata.org/entity/Q188897,Nova Iguaçu,http://www.wikidata.org/entity/Q155,Brazil,843046
http://www.wikidata.org/entity/Q30996,  El Alto ,http://www.wikidata.org/entity/Q750,Bolivia,842378
http://www.wikidata.org/entity/Q30996,El Alto,http://www.wikidata.org/entity/Q750,Bolivia,842378
http://www.wikidata.org/entity/Q495,Turin,http://www.wikidata.org/entity/Q38,Italy,
http://www.wikidata.org/entity/Q5332,Saratov,http://www.wikidata.org/entity/Q159,Russia,838042
http://www.wikidata.org/entity/Q171771,Bhubaneswar.,http://www.wikidata.org/entity/Q668,India,837737
http://www.wikidata.org/entity/Q171771,Bhubaneswar,http://www.wikidata.org/entity/Q668,India,837737
http://www.wikidata.org/entity/Q1002006,  Buffalo City Metropolitan Municipality ,http://www.wikidata.org/entity/Q258,South Africa,834997
http://www.wikidata.org/entity/Q514608,TONGCHUAN,http://www.wikidata.org/entity/Q148,P.R. China,834437
http://www.wikidata.org/entity/Q514608,tongchuan,http://www.wikidata.org/entity/Q148,People's Republic of China,834437
http://www.wikidata.org/entity/Q167436,João Pessoa,http://www.wikidata.org/entity/Q155,Brazil,833932
http://www.wikidata.org/entity/Q14499,Samarinda,http://www.wikidata.org/entity/Q252,Indonesia,831460
http://www.wikidata.org/entity/Q193428,Sakai,http://www.wikidata.org/entity/Q17,Japan,827277
http://www.wikidata.org/entity/Q193428,  Sakai ,http://www.wikidata.org/entity/Q17,Japan,827277
http://www.wikidata.org/entity/Q193428,Sakai,http://www.wikidata.org/entity/Q17,Japan,827277
http://www.wikidata.org/entity/Q188897,Nova Iguaçu,http://www.wikidata.org/entity/Q155,Brazil,825388
http://www.wikidata.org/entity/Q193428,Sakai,http://www.wikidata.org/entity/Q17,Japan,824408
http://www.wikidata.org/entity/Q193428,Sakai.,http://www.wikidata.org/entity/Q17,Japan,824408
http://www.wikidata.org/entity/Q193428,Sakai,http://www.wikidata.org/entity/Q17, Japan ,824408
http://www.wikidata.org/entity/Q45301,  Trabzon ,http://www.wikidata.org/entity/Q43,Turkey,824352
http://www.wikidata.org/entity/Q45301,TRABZON,http://www.wikidata.org/entity/Q43,Turkey,824352 
http://www.wikidata.org/entity/Q45301,trabzon,http://www.wikidata.org/entity/Q43,Turkey,824352
http://www.wikidata.org/entity/Q188897,Nova Iguaçu,http://www.wikidata.org/entity/Q155,Brazil,823302
http://www.wikidata.org/entity/Q7253,Padang,http://www.wikidata.org/entity/Q252,Indonesia,821700
http://www.wikidata.org/entity/Q188897,Nova Iguaçu,http://www.wikidata.org/entity/Q155,Brazil,821128
http://www.wikidata.org/entity/Q188897,  Nova Iguaçu ,http://www.wikidata.org/entity/Q155,Brazil,818875
http://www.wikidata.org/entity/Q1006343,Mira-Bhayandar,http://www.wikidata.org/entity/Q668,India,814655
http://www.wikidata.org/entity/Q1006343,Mira-Bhayandar,http://www.wikidata.org/entity/Q668,India,814655
http://www.wikidata.org/entity/Q184403,São  Bernardo  do  Campo,http://www.wikidata.org/entity/Q155,Brazil,810729
http://www.wikidata.org/entity/Q1338527,Taoyuan County.,http://www.wikidata.org/entity/Q148,People's Republic of China,809220
http://www.wikidata.org/entity/Q211760,Culiacán,http://www.wikidata.org/entity/Q96,Mexico,808416
http://www.wikidata.org/entity/Q188897,  Nova Iguaçu ,http://www.wikidata.org/entity/Q155,Brazil,807492
http://www.wikidata.org/entity/Q216847,CÚCUTA,http://www.wikidata.org/entity/Q739,Colombia,806378
http://www.wikidata.org/entity/Q216847,cúcuta,http://www.wikidata.org/entity/Q739,Colombia,806378
http://www.wikidata.org/entity/Q216847,Cúcuta,http://www.wikidata.org/entity/Q739,Colombia,806378
http://www.wikidata.org/entity/Q188897,Nova Iguaçu,http://www.wikidata.org/entity/Q155,Brazil,806177
http://www.wikidata.org/entity/Q188897,Nova Iguaçu,http://www.wikidata.org/entity/Q155,Brazil,
http://www.wikidata.org/entity/Q31487,  Kraków ,http://www.wikidata.org/entity/Q36,Poland,804237
http://www.wikidata.org/entity/Q31487,Kraków,http://www.wikidata.org/entity/Q36,Poland,804237
http://www.wikidata.org/entity/Q31487,Kraków,http://www.wikidata.org/entity/Q36,Poland,804237
http://www.wikidata.org/entity/Q131818,Oran,http://www.wikidata.org/entity/Q262,Algeria,803329
http://www.wikidata.org/entity/Q131818,Oran.,http://www.wikidata.org/entity/Q262,Algeria,803329
http://www.wikidata.org/entity/Q131818,Oran,http://www.wikidata.org/entity/Q262,Algeria,"803,329"
http://www.wikidata.org/entity/Q188897,  Nova Iguaçu ,http://www.wikidata.org/entity/Q155,Brazil,801746
http://www.wikidata.org/entity/Q65299509,BANDAR LAMPUNG,http://www.wikidata.org/entity/Q252,Indonesia,800348
http://www.wikidata.org/entity/Q188693,blantyre,http://www.wikidata.org/entity/Q1020,Malawi,800264
http://www.wikidata.org/entity/Q188693,Blantyre,http://www.wikidata.org/entity/Q1020,Malawi,800264
http://www.wikidata.org/entity/Q188897,Nova Iguaçu,http://www.wikidata.org/entity/Q155,Brazil,799047
http://www.wikidata.org/entity/Q188897,Nova Iguaçu,http://www.wikidata.org/entity/Q155,Brazil,798647
http://www.wikidata.org/entity/Q1211183,  Shigatse ,http://www.wikidata.org/entity/Q148,People's Republic of China,798153
http://www.wikidata.org/entity/Q1211183,Shigatse,http://www.wikidata.org/entity/Q148,People's Republic of China,798153
http://www.wikidata.org/entity/Q231318,Johor Bahru,http://www.wikidata.org/entity/Q833,Malaysia,797882
http://www.wikidata.org/entity/Q188897,Nova  Iguaçu,http://www.wikidata.org/entity/Q155,Brazil,797435
http://www.wikidata.org/entity/Q188897,Nova Iguaçu.,http://www.wikidata.org/entity/Q155,Brazil,796257
http://www.wikidata.org/entity/Q371640,Laiyang,http://www.wikidata.org/entity/Q148,People's Republic of China,794986
http://www.wikidata.org/entity/Q173121,  Santiago de Querétaro ,http://www.wikidata.org/entity/Q96,Mexico,794789
http://www.wikidata.org/entity/Q173121,SANTIAGO DE QUERÉTARO,http://www.wikidata.org/entity/Q96,Mexico,794789
http://www.wikidata.org/entity/Q61092,george town,http://www.wikidata.org/entity/Q833,Malaysia,794313
http://www.wikidata.org/entity/Q61092,George Town,http://www.wikidata.org/entity/Q833, Malaysia ,794313
http://www.wikidata.org/entity/Q61092,George Town,http://www.wikidata.org/entity/Q833,Malaysia,794313
http://www.wikidata.org/entity/Q134509,Port Said,http://www.wikidata.org/entity/Q79,Egypt,791749
http://www.wikidata.org/entity/Q134509,  Port Said ,http://www.wikidata.org/entity/Q79,Egypt,791749
http://www.wikidata.org/entity/Q134509,Port Said,http://www.wikidata.org/entity/Q79,Egypt,791749
http://www.wikidata.org/entity/Q179691,Niigata,http://www.wikidata.org/entity/Q17,Japan,790646
http://www.wikidata.org/entity/Q179691,Niigata,http://www.wikidata.org/entity/Q17,Japan,790646
http://www.wikidata.org/entity/Q179691,Niigata.,http://www.wikidata.org/entity/Q17,Japan,790646
http://www.wikidata.org/entity/Q185125,Hamamatsu,http://www.wikidata.org/entity/Q17,Japan,788211
http://www.wikidata.org/entity/Q185125,  Hamamatsu ,http://www.wikidata.org/entity/Q17,Japan,788211 
http://www.wikidata.org/entity/Q185125,HAMAMATSU,http://www.wikidata.org/entity/Q17,Japan,788211
http://www.wikidata.org/entity/Q1159185,mangaung metropolitan municipality,http://www.wikidata.org/entity/Q258,South Africa,
http://www.wikidata.org/entity/Q188897,Nova Iguaçu,http://www.wikidata.org/entity/Q155,Brazil,785867
http://www.wikidata.org/entity/Q170521,Kashgar,http://www.wikidata.org/entity/Q148,People's Republic of China,782662
http://www.wikidata.org/entity/Q204381,Goma,http://www.wikidata.org/entity/Q974,Democratic Republic of the Congo,781875
http://www.wikidata.org/entity/Q204381,  Goma ,http://www.wikidata.org/entity/Q974,Democratic Republic of the Congo,781875
http://www.wikidata.org/entity/Q43595,Cotonou,http://www.wikidata.org/entity/Q962,Benin,780000
http://www.wikidata.org/entity/Q43595,Cotonou,http://www.wikidata.org/entity/Q962,Benin,780000
http://www.wikidata.org/entity/Q43595,Cotonou,http://www.wikidata.org/entity/Q962,Benin,780000
http://www.wikidata.org/entity/Q1023920,Xingning.,http://www.wikidata.org/entity/Q148,People's Republic of China,779411
http://www.wikidata.org/entity/Q122044,Lubango,http://www.wikidata.org/entity/Q916,Angola,776249
http://www.wikidata.org/entity/Q1794,  Frankfurt ,http://www.wikidata.org/entity/Q183,Germany,775790
http://www.wikidata.org/entity/Q1794,FRANKFURT,http://www.wikidata.org/entity/Q183,Germany,775790
http://www.wikidata.org/entity/Q1794,frankfurt,http://www.wikidata.org/entity/Q183,Germany,775790
http://www.wikidata.org/entity/Q1794,Frankfurt,http://www.wikidata.org/entity/Q183,Germany,775790
http://www.wikidata.org/entity/Q1794,Frankfurt,http://www.wikidata.org/entity/Q183,Germany,775790
http://www.wikidata.org/entity/Q1794,Frankfurt,http://www.wikidata.org/entity/Q183,Germany,775790
http://www.wikidata.org/entity/Q1794,  Frankfurt ,http://www.wikidata.org/entity/Q183,Germany,775790
http://www.wikidata.org/entity/Q131301,Homs,http://www.wikidata.org/entity/Q858,Syria,775404
http://www.wikidata.org/entity/Q204271,San Luis Potosí,http://www.wikidata.org/entity/Q96,Mexico,772828
http://www.wikidata.org/entity/Q204271,San  Luis  Potosí,http://www.wikidata.org/entity/Q96,Mexico,772828
http://www.wikidata.org/entity/Q42099,Bucheon.,http://www.wikidata.org/entity/Q884,South Korea,772450
http://www.wikidata.org/entity/Q42099,Bucheon,http://www.wikidata.org/entity/Q884,South Korea,772450
http://www.wikidata.org/entity/Q24017120,  City of Valencia ,http://www.wikidata.org/entity/Q29,Spain,769128
http://www.wikidata.org/entity/Q24017120,CITY OF VALENCIA,http://www.wikidata.org/entity/Q29,Spain,769128
http://www.wikidata.org/entity/Q1273644,pikine,http://www.wikidata.org/entity/Q1041,Senegal,768826
http://www.wikidata.org/entity/Q109356,Hamhung,http://www.wikidata.org/entity/Q423,North Korea,768551
http://www.wikidata.org/entity/Q109356,Hamhung,http://www.wikidata.org/entity/Q423,North Korea,768551
http://www.wikidata.org/entity/Q109356,Hamhung,http://www.wikidata.org/entity/Q423,North Korea,768551
http://www.wikidata.org/entity/Q122803,  Erzurum ,http://www.wikidata.org/entity/Q43,Turkey,767848
http://www.wikidata.org/entity/Q122803,Erzurum,http://www.wikidata.org/entity/Q43, Turkey ,767848
http://www.wikidata.org/entity/Q122803,Erzurum,http://www.wikidata.org/entity/Q43,Turkey,767848
http://www.wikidata.org/entity/Q1435,Zagreb,http://www.wikidata.org/entity/Q224,Croatia,767131
http://www.wikidata.org/entity/Q1435,Zagreb.,http://www.wikidata.org/entity/Q224,Croatia,767131
http://www.wikidata.org/entity/Q234600,Al Ain,http://www.wikidata.org/entity/Q878,United Arab Emirates,
http://www.wikidata.org/entity/Q234600,  Al Ain ,http://www.wikidata.org/entity/Q878,United Arab Emirates,766936
http://www.wikidata.org/entity/Q234600,AL AIN,http://www.wikidata.org/entity/Q878,United Arab Emirates,766936
http://www.wikidata.org/entity/Q319660,mbuji-mayi,http://www.wikidata.org/entity/Q974,Democratic Republic of the Congo,766684
http://www.wikidata.org/entity/Q1273644,Pikine,http://www.wikidata.org/entity/Q1041,Senegal,764597
http://www.wikidata.org/entity/Q318156,Bahawalpur,http://www.wikidata.org/entity/Q843,Pakistan,762111
http://www.wikidata.org/entity/Q318156,Bahawalpur,http://www.wikidata.org/entity/Q843,Pakistan,762111
http://www.wikidata.org/entity/Q194328,  Uberlândia ,http://www.wikidata.org/entity/Q155,Brazil,761835
http://www.wikidata.org/entity/Q1012419,Chamdo,http://www.wikidata.org/entity/Q148,People's Republic of China,760966
http://www.wikidata.org/entity/Q1012419,Chamdo,http://www.wikidata.org/entity/Q148,People's Republic of China,760966
http://www.wikidata.org/entity/Q208318,Kaduna,http://www.wikidata.org/entity/Q1033,Nigeria,760084
http://www.wikidata.org/entity/Q208318,Kaduna.,http://www.wikidata.org/entity/Q1033,Nigeria,760084
http://www.wikidata.org/entity/Q4035,Q4035,http://www.wikidata.org/entity/Q155,Brazil,759524 
http://www.wikidata.org/entity/Q1491,  La Paz ,http://www.wikidata.org/entity/Q750,Bolivia,755732
http://www.wikidata.org/entity/Q1491,LA PAZ,http://www.wikidata.org/entity/Q750,Bolivia,755732
http://www.wikidata.org/entity/Q1002006,buffalo city metropolitan municipality,http://www.wikidata.org/entity/Q258,South Africa,755200
http://www.wikidata.org/entity/Q194328,Uberlândia,http://www.wikidata.org/entity/Q155,Brazil,754954
http://www.wikidata.org/entity/Q842779,Maturín,http://www.wikidata.org/entity/Q717,Venezuela,753254
http://www.wikidata.org/entity/Q842779,Maturín,http://www.wikidata.org/entity/Q717,Venezuela,753254
http://www.wikidata.org/entity/Q604385,  Shizuishan ,http://www.wikidata.org/entity/Q148,People's Republic of China,751389
http://www.wikidata.org/entity/Q604385,Shizuishan,http://www.wikidata.org/entity/Q148,People's Republic of China,751389
http://www.wikidata.org/entity/Q507080,Ciudad Guayana,http://www.wikidata.org/entity/Q717,Venezuela,751331
http://www.wikidata.org/entity/Q507080,Ciudad  Guayana,http://www.wikidata.org/entity/Q717,Venezuela,751331
http://www.wikidata.org/entity/Q131620,Natal.,http://www.wikidata.org/entity/Q155,Brazil,751300
http://www.wikidata.org/entity/Q2135,Winnipeg,http://www.wikidata.org/entity/Q16,Canada,749607
http://www.wikidata.org/entity/Q2135,  Winnipeg ,http://www.wikidata.org/entity/Q16,Canada,749607
http://www.wikidata.org/entity/Q191652,SANTO ANDRÉ,http://www.wikidata.org/entity/Q155,Brazil,748919
http://www.wikidata.org/entity/Q1159185,mangaung metropolitan municipality,http://www.wikidata.org/entity/Q258,South Africa,747431
http://www.wikidata.org/entity/Q63139,Dasmariñas,http://www.wikidata.org/entity/Q928,Philippines,744511
http://www.wikidata.org/entity/Q167715,Thiruvananthapuram,http://www.wikidata.org/entity/Q668,India,743691
http://www.wikidata.org/entity/Q167715,Thiruvananthapuram,http://www.wikidata.org/entity/Q668,India,743691
http://www.wikidata.org/entity/Q167715,  Thiruvananthapuram ,http://www.wikidata.org/entity/Q668,India,"743,691"
http://www.wikidata.org/entity/Q167715,Thiruvananthapuram,http://www.wikidata.org/entity/Q668,India,743691
http://www.wikidata.org/entity/Q323801,Nampula,http://www.wikidata.org/entity/Q1029,Mozambique,
http://www.wikidata.org/entity/Q323801,Nampula,http://www.wikidata.org/entity/Q1029,Mozambique,743000
http://www.wikidata.org/entity/Q3926,Pretoria.,http://www.wikidata.org/entity/Q258,South Africa,741651
http://www.wikidata.org/entity/Q3926,Pretoria,http://www.wikidata.org/entity/Q258, South Africa ,741651
http://www.wikidata.org/entity/Q3926,  Pretoria ,http://www.wikidata.org/entity/Q258,South Africa,741651
http://www.wikidata.org/entity/Q1645,CAGAYAN DE ORO,http://www.wikidata.org/entity/Q928,Philippines,741617
http://www.wikidata.org/entity/Q271000,bouaké,http://www.wikidata.org/entity/Q1008,Ivory Coast,740000
http://www.wikidata.org/entity/Q459360,Cabinda,http://www.wikidata.org/entity/Q916,Angola,739182
http://www.wikidata.org/entity/Q459360,Cabinda,http://www.wikidata.org/entity/Q916,Angola,739182
http://www.wikidata.org/entity/Q459360,Cabinda,http://www.wikidata.org/entity/Q916,Angola,739182
http://www.wikidata.org/entity/Q199889,  Kumamoto ,http://www.wikidata.org/entity/Q17,Japan,738385
http://www.wikidata.org/entity/Q199889,Kumamoto,http://www.wikidata.org/entity/Q17,Japan,738385
http://www.wikidata.org/entity/Q199889,Kumamoto,http://www.wikidata.org/entity/Q17,Japan,738385
http://www.wikidata.org/entity/Q199889,Kumamoto,http://www.wikidata.org/entity/Q17,Japan,738385
http://www.wikidata.org/entity/Q191642,São José dos Campos.,http://www.wikidata.org/entity/Q155,Brazil,737310
http://www.wikidata.org/entity/Q5083,Seattle,http://www.wikidata.org/entity/Q30,United States,737015
http://www.wikidata.org/entity/Q5083,  Seattle ,http://www.wikidata.org/entity/Q30,United States,737015
http://www.wikidata.org/entity/Q179665,URMIA,http://www.wikidata.org/entity/Q794,Iran,736224
http://www.wikidata.org/entity/Q42084,namyangju,http://www.wikidata.org/entity/Q884,South Korea,732376
http://www.wikidata.org/entity/Q42084,Namyangju,http://www.wikidata.org/entity/Q884,South Korea,732376
http://www.wikidata.org/entity/Q188892,Ribeirão Preto,http://www.wikidata.org/entity/Q155,Brazil,731639
http://www.wikidata.org/entity/Q868203,Osogbo,http://www.wikidata.org/entity/Q1033,Nigeria,731000
http://www.wikidata.org/entity/Q604385,  Shizuishan ,http://www.wikidata.org/entity/Q148,People's Republic of China,730400
http://www.wikidata.org/entity/Q604385,Shizuishan,http://www.wikidata.org/entity/Q148,P.R. China,730400
http://www.wikidata.org/entity/Q217040,Tamale,http://www.wikidata.org/entity/Q117,Ghana,729768
http://www.wikidata.org/entity/Q217040,Tamale,http://www.wikidata.org/entity/Q117,Ghana,729768
http://www.wikidata.org/entity/Q191642,São José dos Campos.,http://www.wikidata.org/entity/Q155,Brazil,729737 
http://www.wikidata.org/entity/Q188892,Ribeirão Preto,http://www.wikidata.org/entity/Q155,Brazil,728400
http://www.wikidata.org/entity/Q997623,  Jiyuan ,http://www.wikidata.org/entity/Q148,People's Republic of China,727265
http://www.wikidata.org/entity/Q188897,NOVA IGUAÇU,http://www.wikidata.org/entity/Q155,Brazil,727140
http://www.wikidata.org/entity/Q191642,são josé dos campos,http://www.wikidata.org/entity/Q155,Brazil,727078
http://www.wikidata.org/entity/Q7253,Padang,http://www.wikidata.org/entity/Q252,Indonesia,726000
http://www.wikidata.org/entity/Q209779,Sagamihara,http://www.wikidata.org/entity/Q17,Japan,725696
http://www.wikidata.org/entity/Q209779,Sagamihara,http://www.wikidata.org/entity/Q17,Japan,
http://www.wikidata.org/entity/Q209779,  Sagamihara ,http://www.wikidata.org/entity/Q17,Japan,725696
http://www.wikidata.org/entity/Q1623,Q1623,http://www.wikidata.org/entity/Q928,Philippines,725173
http://www.wikidata.org/entity/Q191642,São José dos Campos,http://www.wikidata.org/entity/Q155,Brazil,724756
http://www.wikidata.org/entity/Q168193,Najaf,http://www.wikidata.org/entity/Q796,Iraq,724700
http://www.wikidata.org/entity/Q168193,Najaf.,http://www.wikidata.org/entity/Q796,Iraq,724700
http://www.wikidata.org/entity/Q188901,Sorocaba,http://www.wikidata.org/entity/Q155,Brazil,723574
http://www.wikidata.org/entity/Q209779,  Sagamihara ,http://www.wikidata.org/entity/Q17,Japan,722973
http://www.wikidata.org/entity/Q209779,SAGAMIHARA,http://www.wikidata.org/entity/Q17,Japan,722973
http://www.wikidata.org/entity/Q209779,sagamihara,http://www.wikidata.org/entity/Q17,Japan,722973
http://www.wikidata.org/entity/Q594275,General Santos,http://www.wikidata.org/entity/Q928, Philippines ,722059
http://www.wikidata.org/entity/Q191642,São José dos Campos,http://www.wikidata.org/entity/Q155,Brazil,721944
http://www.wikidata.org/entity/Q188892,Ribeirão Preto,http://www.wikidata.org/entity/Q155,Brazil,720116
http://www.wikidata.org/entity/Q200078,  Okayama ,http://www.wikidata.org/entity/Q17,Japan,720043
http://www.wikidata.org/entity/Q200078,Okayama,http://www.wikidata.org/entity/Q17,Japan,720043
http://www.wikidata.org/entity/Q200078,Okayama,http://www.wikidata.org/entity/Q17,Japan,720043
http://www.wikidata.org/entity/Q200078,Okayama,http://www.wikidata.org/entity/Q17,Japan,720043
http://www.wikidata.org/entity/Q274584,San Pedro Sula.,http://www.wikidata.org/entity/Q783,Honduras,719064
http://www.wikidata.org/entity/Q50816,Mississauga,http://www.wikidata.org/entity/Q16,Canada,717961
http://www.wikidata.org/entity/Q50816,  Mississauga ,http://www.wikidata.org/entity/Q16,Canada,717961
http://www.wikidata.org/entity/Q585,OSLO,http://www.wikidata.org/entity/Q20,Norway,717710
http://www.wikidata.org/entity/Q585,oslo,http://www.wikidata.org/entity/Q20,Norway,717710
http://www.wikidata.org/entity/Q585,Oslo,http://www.wikidata.org/entity/Q20,Norway,717710
http://www.wikidata.org/entity/Q36036,Lviv,http://www.wikidata.org/entity/Q212,Ukraine,717273
http://www.wikidata.org/entity/Q848680,Shihezi,http://www.wikidata.org/entity/Q148,People's Republic of China,717000
http://www.wikidata.org/entity/Q134514,  Suez ,http://www.wikidata.org/entity/Q79,Egypt,716458
http://www.wikidata.org/entity/Q134514,Suez,http://www.wikidata.org/entity/Q79,Egypt,716458
http://www.wikidata.org/entity/Q134514,Suez,http://www.wikidata.org/entity/Q79,Egypt,716458
http://www.wikidata.org/entity/Q16554,Denver,http://www.wikidata.org/entity/Q30,United States,715522
http://www.wikidata.org/entity/Q16554,Denver.,http://www.wikidata.org/entity/Q30,United States,715522
http://www.wikidata.org/entity/Q16554,Denver,http://www.wikidata.org/entity/Q30,United States,715522
http://www.wikidata.org/entity/Q191642,  São José dos Campos ,http://www.wikidata.org/entity/Q155,Brazil,713943
http://www.wikidata.org/entity/Q194328,UBERLÂNDIA,http://www.wikidata.org/entity/Q155,Brazil,713224
http://www.wikidata.org/entity/Q188892,ribeirão preto,http://www.wikidata.org/entity/Q155,Brazil,
http://www.wikidata.org/entity/Q271393,Jaboatão Dos Guararapes,http://www.wikidata.org/entity/Q155,Brazil,711330
http://www.wikidata.org/entity/Q157835,Zaporizhzhia,http://www.wikidata.org/entity/Q212,Ukraine,710052
http://www.wikidata.org/entity/Q157835,Zaporizhzhia,http://www.wikidata.org/entity/Q212,Ukraine,710052
http://www.wikidata.org/entity/Q2222874,  Zanzibar City ,http://www.wikidata.org/entity/Q924,Tanzania,709809
http://www.wikidata.org/entity/Q2222874,Zanzibar City,http://www.wikidata.org/entity/Q924,Tanzania,709809
http://www.wikidata.org/entity/Q645725,Bhiwandi,http://www.wikidata.org/entity/Q668,India,709665
http://www.wikidata.org/entity/Q645725,Bhiwandi,http://www.wikidata.org/entity/Q668,India,709665 
http://www.wikidata.org/entity/Q200030,Latakia.,http://www.wikidata.org/entity/Q858,Syria,709000
http://www.wikidata.org/entity/Q200030,Latakia,http://www.wikidata.org/entity/Q858,Syria,709000
http://www.wikidata.org/entity/Q876876,  Subang Jaya ,http://www.wikidata.org/entity/Q833,Malaysia,708296
http://www.wikidata.org/entity/Q876876,SUBANG JAYA,http://www.wikidata.org/entity/Q833,Malaysia,708296
http://www.wikidata.org/entity/Q61092,george town,http://www.wikidata.org/entity/Q833,Malaysia,708127
http://www.wikidata.org/entity/Q61092,George Town,http://www.wikidata.org/entity/Q833,Malaysia,708127
http://www.wikidata.org/entity/Q61092,George Town,http://www.wikidata.org/entity/Q833,Malaysia,708127
http://www.wikidata.org/entity/Q222279,Bukavu,http://www.wikidata.org/entity/Q974,Democratic Republic of the Congo,707053
http://www.wikidata.org/entity/Q222279,  Bukavu ,http://www.wikidata.org/entity/Q974,Democratic Republic of the Congo,707053
http://www.wikidata.org/entity/Q271393,Jaboatão dos Guararapes,http://www.wikidata.org/entity/Q155, Brazil ,706867
http://www.wikidata.org/entity/Q194328,Uberlândia,http://www.wikidata.org/entity/Q155,Brazil,706597
http://www.wikidata.org/entity/Q110218,Mwanza,http://www.wikidata.org/entity/Q924,Tanzania,706453
http://www.wikidata.org/entity/Q110218,Mwanza.,http://www.wikidata.org/entity/Q924,Tanzania,706453
http://www.wikidata.org/entity/Q110218,Mwanza,http://www.wikidata.org/entity/Q924,Tanzania,706453
http://www.wikidata.org/entity/Q242895,  Saharanpur ,http://www.wikidata.org/entity/Q668,India,705478
http://www.wikidata.org/entity/Q242895,SAHARANPUR,http://www.wikidata.org/entity/Q668,India,"705,478"
http://www.wikidata.org/entity/Q25563103,warangal,http://www.wikidata.org/entity/Q668,India,704570
http://www.wikidata.org/entity/Q188892,Ribeirão Preto,http://www.wikidata.org/entity/Q155,Brazil,703293
http://www.wikidata.org/entity/Q17182,Q17182,http://www.wikidata.org/entity/Q928,Philippines,703245
http://www.wikidata.org/entity/Q17182,Q17182,http://www.wikidata.org/entity/Q928,Philippines,703245
http://www.wikidata.org/entity/Q191642,  São José dos Campos ,http://www.wikidata.org/entity/Q155,Brazil,703219
http://www.wikidata.org/entity/Q271393,Jaboatão dos Guararapes,http://www.wikidata.org/entity/Q155,Brazil,702298
http://www.wikidata.org/entity/Q194328,Uberlândia,http://www.wikidata.org/entity/Q155,Brazil,699097
http://www.wikidata.org/entity/Q188892,Ribeirão  Preto,http://www.wikidata.org/entity/Q155,Brazil,698642
http://www.wikidata.org/entity/Q42142,Jeju.,http://www.wikidata.org/entity/Q884,South Korea,698358
http://www.wikidata.org/entity/Q42142,Jeju,http://www.wikidata.org/entity/Q884,South Korea,
http://www.wikidata.org/entity/Q514608,  Tongchuan ,http://www.wikidata.org/entity/Q148,People's Republic of China,698322
http://www.wikidata.org/entity/Q514608,TONGCHUAN,http://www.wikidata.org/entity/Q148,People's Republic of China,698322
http://www.wikidata.org/entity/Q271393,jaboatão dos guararapes,http://www.wikidata.org/entity/Q155,Brazil,697636
http://www.wikidata.org/entity/Q191642,São José Dos Campos,http://www.wikidata.org/entity/Q155,Brazil,697054
http://www.wikidata.org/entity/Q173545,Hama,http://www.wikidata.org/entity/Q858,Syria,696863
http://www.wikidata.org/entity/Q173545,Hama,http://www.wikidata.org/entity/Q858,Syria,696863
http://www.wikidata.org/entity/Q191642,  São José dos Campos ,http://www.wikidata.org/entity/Q155,Brazil,695992
http://www.wikidata.org/entity/Q271393,Jaboatão dos Guararapes,http://www.wikidata.org/entity/Q155,Brazil,695956
http://www.wikidata.org/entity/Q188892,Ribeirão Preto,http://www.wikidata.org/entity/Q155,Brazil,694534
http://www.wikidata.org/entity/Q1757,Helsinki,http://www.wikidata.org/entity/Q33,Finland,694392
http://www.wikidata.org/entity/Q1757,Helsinki.,http://www.wikidata.org/entity/Q33,Finland,694392
http://www.wikidata.org/entity/Q1757,Helsinki,http://www.wikidata.org/entity/Q33,Finland,694392
http://www.wikidata.org/entity/Q1757,  Helsinki ,http://www.wikidata.org/entity/Q33,Finland,694392
http://www.wikidata.org/entity/Q868527,TURPAN,http://www.wikidata.org/entity/Q148,People's Republic of China,693988
http://www.wikidata.org/entity/Q868527,turpan,http://www.wikidata.org/entity/Q148,People's Republic of China,693988
http://www.wikidata.org/entity/Q811144,Bauchi,http://www.wikidata.org/entity/Q1033,Nigeria,693700
http://www.wikidata.org/entity/Q9863,Salem,http://www.wikidata.org/entity/Q668,India,693236
http://www.wikidata.org/entity/Q9863,Salem,http://www.wikidata.org/entity/Q668,India,693236
http://www.wikidata.org/entity/Q1209,  Bremen ,http://www.wikidata.org/entity/Q183,Germany,693204
http://www.wikidata.org/entity/Q938835,Guadalupe,http://www.wikidata.org/entity/Q96,Mexico,691931
http://www.wikidata.org/entity/Q938835,Guadalupe,http://www.wikidata.org/entity/Q96,Mexico,691931 
http://www.wikidata.org/entity/Q170762,Cuiabá,http://www.wikidata.org/entity/Q155,Brazil,691875
http://www.wikidata.org/entity/Q194328,Uberlândia.,http://www.wikidata.org/entity/Q155,Brazil,691305
http://www.wikidata.org/entity/Q271393,Jaboatão dos Guararapes,http://www.wikidata.org/entity/Q155, Brazil ,691125
http://www.wikidata.org/entity/Q386991,  Torreón ,http://www.wikidata.org/entity/Q96,Mexico,690193
http://www.wikidata.org/entity/Q386991,TORREÓN,http://www.wikidata.org/entity/Q96,Mexico,690193
http://www.wikidata.org/entity/Q199909,karbala,http://www.wikidata.org/entity/Q796,Iraq,690100
http://www.wikidata.org/entity/Q199909,Karbala,http://www.wikidata.org/entity/Q796,Iraq,690100
http://www.wikidata.org/entity/Q349979,Qitaihe,http://www.wikidata.org/entity/Q148,People's Republic of China,689611
http://www.wikidata.org/entity/Q349979,Qitaihe,http://www.wikidata.org/entity/Q148,People's Republic of China,689611
http://www.wikidata.org/entity/Q61,"  Washington, D.C. ",http://www.wikidata.org/entity/Q30,United States,689545
http://www.wikidata.org/entity/Q61,"Washington, D.C.",http://www.wikidata.org/entity/Q30,United States,689545
http://www.wikidata.org/entity/Q61,"Washington, D.C.",http://www.wikidata.org/entity/Q30,United States,
http://www.wikidata.org/entity/Q61,"Washington,  D.C.",http://www.wikidata.org/entity/Q30,United States,689545
http://www.wikidata.org/entity/Q61,"Washington, D.C.",http://www.wikidata.org/entity/Q30,United States,689545
http://www.wikidata.org/entity/Q23197,Nashville,http://www.wikidata.org/entity/Q30,United States,689447
http://www.wikidata.org/entity/Q23197,  Nashville ,http://www.wikidata.org/entity/Q30,United States,689447
http://www.wikidata.org/entity/Q23197,NASHVILLE,http://www.wikidata.org/entity/Q30,United States,689447
http://www.wikidata.org/entity/Q191642,são josé dos campos,http://www.wikidata.org/entity/Q155,Brazil,688597
http://www.wikidata.org/entity/Q271393,Jaboatão Dos Guararapes,http://www.wikidata.org/entity/Q155,Brazil,687688
http://www.wikidata.org/entity/Q271393,Jaboatão dos Guararapes,http://www.wikidata.org/entity/Q155,Brazil,686122
http://www.wikidata.org/entity/Q2193,Q2193,http://www.wikidata.org/entity/Q928,Philippines,685688
http://www.wikidata.org/entity/Q174691,  Shizuoka ,http://www.wikidata.org/entity/Q17,Japan,685589
http://www.wikidata.org/entity/Q174691,Shizuoka,http://www.wikidata.org/entity/Q17,Japan,685589
http://www.wikidata.org/entity/Q174691,Shizuoka,http://www.wikidata.org/entity/Q17,Japan,685589
http://www.wikidata.org/entity/Q174691,Shizuoka,http://www.wikidata.org/entity/Q17,Japan,685589
http://www.wikidata.org/entity/Q271393,Jaboatão dos Guararapes.,http://www.wikidata.org/entity/Q155,Brazil,684293
http://www.wikidata.org/entity/Q55893348,Seville city,http://www.wikidata.org/entity/Q29,Spain,684025
http://www.wikidata.org/entity/Q55893348,  Seville city ,http://www.wikidata.org/entity/Q29,Spain,683312
http://www.wikidata.org/entity/Q271393,JABOATÃO DOS GUARARAPES,http://www.wikidata.org/entity/Q155,Brazil,683285
http://www.wikidata.org/entity/Q194328,uberlândia,http://www.wikidata.org/entity/Q155,Brazil,683247
http://www.wikidata.org/entity/Q170762,Cuiabá,http://www.wikidata.org/entity/Q155,Brazil,682932
http://www.wikidata.org/entity/Q188892,Ribeirão Preto,http://www.wikidata.org/entity/Q155,Brazil,682302
http://www.wikidata.org/entity/Q14773,Macau,http://www.wikidata.org/entity/Q148,People's Republic of China,682100
http://www.wikidata.org/entity/Q14773,  Macau ,http://www.wikidata.org/entity/Q148,People's Republic of China,682100
http://www.wikidata.org/entity/Q34863,Oklahoma City,http://www.wikidata.org/entity/Q30,United States,681054
http://www.wikidata.org/entity/Q34863,Oklahoma City,http://www.wikidata.org/entity/Q30,United States,681054
http://www.wikidata.org/entity/Q191642,São  José  dos  Campos,http://www.wikidata.org/entity/Q155,Brazil,681036
http://www.wikidata.org/entity/Q271393,Jaboatão dos Guararapes.,http://www.wikidata.org/entity/Q155,Brazil,680943
http://www.wikidata.org/entity/Q14168,Pontianak,http://www.wikidata.org/entity/Q252,Indonesia,680880
http://www.wikidata.org/entity/Q14168,  Pontianak ,http://www.wikidata.org/entity/Q188161,Dutch East Indies,680880
http://www.wikidata.org/entity/Q178373,RASHT,http://www.wikidata.org/entity/Q794,Iran,679995
http://www.wikidata.org/entity/Q1211183,shigatse,http://www.wikidata.org/entity/Q148,People's Republic of China,679771
http://www.wikidata.org/entity/Q1211183,Shigatse,http://www.wikidata.org/entity/Q148, People's Republic of China ,679771
http://www.wikidata.org/entity/Q16562,El Paso,http://www.wikidata.org/entity/Q30,United States,678815
http://www.wikidata.org/entity/Q16562,El Paso,http://www.wikidata.org/entity/Q30,United States,
http://www.wikidata.org/entity/Q16562,  El Paso ,http://www.wikidata.org/entity/Q30,United States,678815
http://www.wikidata.org/entity/Q271393,Jaboatão dos Guararapes,http://www.wikidata.org/entity/Q155,Brazil,678346 
http://www.wikidata.org/entity/Q10399,Tasikmalaya,http://www.wikidata.org/entity/Q252,Indonesia,678027
http://www.wikidata.org/entity/Q1800,Kochi,http://www.wikidata.org/entity/Q668,India,677381
http://www.wikidata.org/entity/Q1800,Kochi.,http://www.wikidata.org/entity/Q668,India,677381
http://www.wikidata.org/entity/Q194328,Uberlândia,http://www.wikidata.org/entity/Q155,Brazil,676613
http://www.wikidata.org/entity/Q100,  Boston ,http://www.wikidata.org/entity/Q30,United States,675647
http://www.wikidata.org/entity/Q100,BOSTON,http://www.wikidata.org/entity/Q30,United States,675647
http://www.wikidata.org/entity/Q271393,jaboatão dos guararapes,http://www.wikidata.org/entity/Q155,Brazil,675599
http://www.wikidata.org/entity/Q25287,Gothenburg,http://www.wikidata.org/entity/Q34,Sweden,674529
http://www.wikidata.org/entity/Q25287,Gothenburg,http://www.wikidata.org/entity/Q34,Sweden,674529
http://www.wikidata.org/entity/Q188892,Ribeirão Preto,http://www.wikidata.org/entity/Q155,Brazil,674405
http://www.wikidata.org/entity/Q271333,  Contagem ,http://www.wikidata.org/entity/Q155,Brazil,673849
http://www.wikidata.org/entity/Q1799,Wrocław,http://www.wikidata.org/entity/Q36,Poland,673531
http://www.wikidata.org/entity/Q81398,Acapulco de Juárez,http://www.wikidata.org/entity/Q96,Mexico,"673,478"
http://www.wikidata.org/entity/Q81398,Acapulco  de  Juárez,http://www.wikidata.org/entity/Q96,Mexico,673478
http://www.wikidata.org/entity/Q81398,Acapulco de Juárez.,http://www.wikidata.org/entity/Q96,Mexico,673478
http://www.wikidata.org/entity/Q5584396,Gorakhpur,http://www.wikidata.org/entity/Q668,India,673446
http://www.wikidata.org/entity/Q5584396,  Gorakhpur ,http://www.wikidata.org/entity/Q668,India,673446
http://www.wikidata.org/entity/Q989892,HAMI,http://www.wikidata.org/entity/Q148,People's Republic of China,673383
http://www.wikidata.org/entity/Q191642,são josé dos campos,http://www.wikidata.org/entity/Q155,Brazil,673255
http://www.wikidata.org/entity/Q11506,Denpasar,http://www.wikidata.org/entity/Q252,Indonesia,670210
http://www.wikidata.org/entity/Q194328,Uberlândia,http://www.wikidata.org/entity/Q155,Brazil,669672
http://www.wikidata.org/entity/Q271333,Contagem,http://www.wikidata.org/entity/Q155,Brazil,668949
http://www.wikidata.org/entity/Q109336,  Chongjin ,http://www.wikidata.org/entity/Q423,North Korea,667929
http://www.wikidata.org/entity/Q109336,Chongjin,http://www.wikidata.org/entity/Q423,North Korea,667929
http://www.wikidata.org/entity/Q1748,Copenhagen,http://www.wikidata.org/entity/Q35,Denmark,667099
http://www.wikidata.org/entity/Q1748,Copenhagen,http://www.wikidata.org/entity/Q35,Denmark,667099
http://www.wikidata.org/entity/Q1748,Copenhagen.,http://www.wikidata.org/entity/Q35,Denmark,667099
http://www.wikidata.org/entity/Q1748,Copenhagen,http://www.wikidata.org/entity/Q35,Denmark,667099
http://www.wikidata.org/entity/Q1748,  Copenhagen ,http://www.wikidata.org/entity/Q35,Denmark,667099
http://www.wikidata.org/entity/Q31926034,ZARAGOZA CITY,http://www.wikidata.org/entity/Q29,Spain,666880
http://www.wikidata.org/entity/Q31926034,zaragoza city,http://www.wikidata.org/entity/Q175276,Kingdom of Leon,
http://www.wikidata.org/entity/Q31926034,Zaragoza City,http://www.wikidata.org/entity/Q199442,Kingdom of Aragon,666880
http://www.wikidata.org/entity/Q31926034,Zaragoza City,http://www.wikidata.org/entity/Q29,Spain,666880
http://www.wikidata.org/entity/Q31926034,Zaragoza City,http://www.wikidata.org/entity/Q175276,Kingdom of Leon,666880
http://www.wikidata.org/entity/Q31926034,  Zaragoza City ,http://www.wikidata.org/entity/Q199442,Kingdom of Aragon,666880
http://www.wikidata.org/entity/Q31926034,Zaragoza City,http://www.wikidata.org/entity/Q29, Spain ,666880
http://www.wikidata.org/entity/Q31926034,Zaragoza City,http://www.wikidata.org/entity/Q175276,Kingdom of Leon,666880
http://www.wikidata.org/entity/Q31926034,Zaragoza  City,http://www.wikidata.org/entity/Q199442,Kingdom of Aragon,666880
http://www.wikidata.org/entity/Q31926034,Zaragoza City.,http://www.wikidata.org/entity/Q29,Spain,666880
http://www.wikidata.org/entity/Q31926034,Zaragoza City,http://www.wikidata.org/entity/Q175276,Kingdom of Leon,666880
http://www.wikidata.org/entity/Q31926034,  Zaragoza City ,http://www.wikidata.org/entity/Q199442,Kingdom of Aragon,666880
http://www.wikidata.org/entity/Q188892,RIBEIRÃO PRETO,http://www.wikidata.org/entity/Q155,Brazil,666323
http://www.wikidata.org/entity/Q193250,bulawayo,http://www.wikidata.org/entity/Q954,Zimbabwe,665940
http://www.wikidata.org/entity/Q193250,Bulawayo,http://www.wikidata.org/entity/Q954,Zimbabwe,665940
http://www.wikidata.org/entity/Q207322,Huambo,http://www.wikidata.org/entity/Q916,Angola,665564
http://www.wikidata.org/entity/Q207322,Huambo,http://www.wikidata.org/entity/Q916,Angola,665564
http://www.wikidata.org/entity/Q156819,  Joinville ,http://www.wikidata.org/entity/Q155,Brazil,664541 
http://www.wikidata.org/entity/Q34370,Rotterdam,http://www.wikidata.org/entity/Q55,Netherlands,664311
http://www.wikidata.org/entity/Q34370,Rotterdam,http://www.wikidata.org/entity/Q55,Netherlands,664311
http://www.wikidata.org/entity/Q34370,Rotterdam,http://www.wikidata.org/entity/Q55,Netherlands,664311
http://www.wikidata.org/entity/Q749224,Villavicencio.,http://www.wikidata.org/entity/Q739,Colombia,664148
http://www.wikidata.org/entity/Q749224,Villavicencio,http://www.wikidata.org/entity/Q739,Colombia,664148
http://www.wikidata.org/entity/Q271333,  Contagem ,http://www.wikidata.org/entity/Q155,Brazil,663855
http://www.wikidata.org/entity/Q1341,TOLYATTI,http://www.wikidata.org/entity/Q159,Russia,662683
http://www.wikidata.org/entity/Q5168,makhachkala,http://www.wikidata.org/entity/Q159,Russia,662660
http://www.wikidata.org/entity/Q5168,Makhachkala,http://www.wikidata.org/entity/Q159,Russia,662660
http://www.wikidata.org/entity/Q5168,Makhachkala,http://www.wikidata.org/entity/Q159,Russia,662660
http://www.wikidata.org/entity/Q194328,Uberlândia,http://www.wikidata.org/entity/Q155,Brazil,662362
http://www.wikidata.org/entity/Q24639,  Vancouver ,http://www.wikidata.org/entity/Q16,Canada,662248
http://www.wikidata.org/entity/Q24639,Vancouver,http://www.wikidata.org/entity/Q16,Canada,662248
http://www.wikidata.org/entity/Q24639,Vancouver,http://www.wikidata.org/entity/Q16,Canada,662248
http://www.wikidata.org/entity/Q14182,Banjarmasin,http://www.wikidata.org/entity/Q252,Indonesia,662230
http://www.wikidata.org/entity/Q2725457,Catia La Mar.,http://www.wikidata.org/entity/Q717,Venezuela,661897
http://www.wikidata.org/entity/Q2725457,Catia La Mar,http://www.wikidata.org/entity/Q717,Venezuela,
http://www.wikidata.org/entity/Q63129,  Bacoor ,http://www.wikidata.org/entity/Q928,Philippines,661381
http://www.wikidata.org/entity/Q194343,FEIRA DE SANTANA,http://www.wikidata.org/entity/Q155,Brazil,660806
http://www.wikidata.org/entity/Q1023720,jalingo,http://www.wikidata.org/entity/Q1033,Nigeria,660213
http://www.wikidata.org/entity/Q855997,Sargodha,http://www.wikidata.org/entity/Q843,Pakistan,659862
http://www.wikidata.org/entity/Q855997,Sargodha,http://www.wikidata.org/entity/Q843,Pakistan,659862
http://www.wikidata.org/entity/Q271333,Contagem,http://www.wikidata.org/entity/Q155,Brazil,659070
http://www.wikidata.org/entity/Q3854,  Bujumbura ,http://www.wikidata.org/entity/Q967,Burundi,658859
http://www.wikidata.org/entity/Q3854,Bujumbura,http://www.wikidata.org/entity/Q967,Burundi,658859
http://www.wikidata.org/entity/Q271333,Contagem,http://www.wikidata.org/entity/Q155,Brazil,658580
http://www.wikidata.org/entity/Q188892,Ribeirão  Preto,http://www.wikidata.org/entity/Q155,Brazil,658059
http://www.wikidata.org/entity/Q194343,Feira de Santana.,http://www.wikidata.org/entity/Q155,Brazil,657948
http://www.wikidata.org/entity/Q42146,Cheonan,http://www.wikidata.org/entity/Q884, South Korea ,656583
http://www.wikidata.org/entity/Q42146,  Cheonan ,http://www.wikidata.org/entity/Q884,South Korea,656583
http://www.wikidata.org/entity/Q44198,BRAMPTON,http://www.wikidata.org/entity/Q16,Canada,656480
http://www.wikidata.org/entity/Q44198,brampton,http://www.wikidata.org/entity/Q16,Canada,656480
http://www.wikidata.org/entity/Q156819,Joinville,http://www.wikidata.org/entity/Q155,Brazil,654888
http://www.wikidata.org/entity/Q112813,Victoria de Durango,http://www.wikidata.org/entity/Q96,Mexico,654876
http://www.wikidata.org/entity/Q271393,Jaboatão dos Guararapes,http://www.wikidata.org/entity/Q155,Brazil,654786
http://www.wikidata.org/entity/Q194328,  Uberlândia ,http://www.wikidata.org/entity/Q155,Brazil,654681
http://www.wikidata.org/entity/Q271333,Contagem,http://www.wikidata.org/entity/Q155,Brazil,653800
http://www.wikidata.org/entity/Q42140,Jeonju,http://www.wikidata.org/entity/Q884,South Korea,653055
http://www.wikidata.org/entity/Q42140,Jeonju,http://www.wikidata.org/entity/Q884,South Korea,653055
http://www.wikidata.org/entity/Q42140,Jeonju.,http://www.wikidata.org/entity/Q884,South Korea,653055
http://www.wikidata.org/entity/Q42140,Jeonju,http://www.wikidata.org/entity/Q884,South Korea,653055
http://www.wikidata.org/entity/Q31926034,  Zaragoza City ,http://www.wikidata.org/entity/Q29,Spain,652651
http://www.wikidata.org/entity/Q31926034,ZARAGOZA CITY,http://www.wikidata.org/entity/Q175276,Kingdom of Leon,652651
http://www.wikidata.org/entity/Q31926034,zaragoza city,http://www.wikidata.org/entity/Q199442,Kingdom of Aragon,652651
http://www.wikidata.org/entity/Q31926034,Zaragoza City,http://www.wikidata.org/entity/Q29,Spain,652651
http://www.wikidata.org/entity/Q31926034,Zaragoza City,http://www.wikidata.org/entity/Q175276,Kingdom of Leon,652651
http://www.wikidata.org/entity/Q31926034,Zaragoza City,http://www.wikidata.org/entity/Q199442,Kingdom of Aragon,652651 
http://www.wikidata.org/entity/Q31926034,  Zaragoza City ,http://www.wikidata.org/entity/Q29,Spain,652651
http://www.wikidata.org/entity/Q31926034,Zaragoza City,http://www.wikidata.org/entity/Q175276,Kingdom of Leon,652651
http://www.wikidata.org/entity/Q31926034,Zaragoza City,http://www.wikidata.org/entity/Q199442,Kingdom of Aragon,
http://www.wikidata.org/entity/Q31926034,Zaragoza  City,http://www.wikidata.org/entity/Q29,Spain,652651
http://www.wikidata.org/entity/Q31926034,Zaragoza City.,http://www.wikidata.org/entity/Q175276,Kingdom of Leon,652651
http://www.wikidata.org/entity/Q31926034,Zaragoza City,http://www.wikidata.org/entity/Q199442,Kingdom of Aragon,652651
http://www.wikidata.org/entity/Q6106,  Portland ,http://www.wikidata.org/entity/Q30,United States,652503
http://www.wikidata.org/entity/Q6106,PORTLAND,http://www.wikidata.org/entity/Q30,United States,652503
http://www.wikidata.org/entity/Q271333,contagem,http://www.wikidata.org/entity/Q155,Brazil,651718
http://www.wikidata.org/entity/Q170762,Cuiabá,http://www.wikidata.org/entity/Q155,Brazil,"650,877"
http://www.wikidata.org/entity/Q31926034,Zaragoza City,http://www.wikidata.org/entity/Q29,Spain,650695
http://www.wikidata.org/entity/Q31926034,Zaragoza City,http://www.wikidata.org/entity/Q175276,Kingdom of Leon,650695
http://www.wikidata.org/entity/Q31926034,  Zaragoza City ,http://www.wikidata.org/entity/Q199442,Kingdom of Aragon,650695
http://www.wikidata.org/entity/Q31926034,Zaragoza City,http://www.wikidata.org/entity/Q29,Spain,650695
http://www.wikidata.org/entity/Q31926034,Zaragoza City,http://www.wikidata.org/entity/Q175276,Kingdom of Leon,650695
http://www.wikidata.org/entity/Q31926034,Zaragoza  City,http://www.wikidata.org/entity/Q199442,Kingdom of Aragon,650695
http://www.wikidata.org/entity/Q31926034,Zaragoza City.,http://www.wikidata.org/entity/Q29,Spain,650695
http://www.wikidata.org/entity/Q31926034,Zaragoza City,http://www.wikidata.org/entity/Q175276,Kingdom of Leon,650695
http://www.wikidata.org/entity/Q31926034,  Zaragoza City ,http://www.wikidata.org/entity/Q199442,Kingdom of Aragon,650695
http://www.wikidata.org/entity/Q31926034,ZARAGOZA CITY,http://www.wikidata.org/entity/Q29,Spain,650695
http://www.wikidata.org/entity/Q31926034,zaragoza city,http://www.wikidata.org/entity/Q175276,Kingdom of Leon,650695
http://www.wikidata.org/entity/Q31926034,Zaragoza City,http://www.wikidata.org/entity/Q199442, Kingdom of Aragon ,650695
http://www.wikidata.org/entity/Q155277,Tlaquepaque,http://www.wikidata.org/entity/Q96,Mexico,650123
http://www.wikidata.org/entity/Q155277,Tlaquepaque,http://www.wikidata.org/entity/Q96,Mexico,650123
http://www.wikidata.org/entity/Q155277,  Tlaquepaque ,http://www.wikidata.org/entity/Q96,Mexico,650123
http://www.wikidata.org/entity/Q271333,Contagem,http://www.wikidata.org/entity/Q155,Brazil,649975
http://www.wikidata.org/entity/Q271393,Jaboatão dos Guararapes,http://www.wikidata.org/entity/Q155,Brazil,649787
http://www.wikidata.org/entity/Q188892,Ribeirão  Preto,http://www.wikidata.org/entity/Q155,Brazil,649556
http://www.wikidata.org/entity/Q271333,Contagem.,http://www.wikidata.org/entity/Q155,Brazil,648766
http://www.wikidata.org/entity/Q580,Łódź,http://www.wikidata.org/entity/Q36,Poland,648711
http://www.wikidata.org/entity/Q580,  Łódź ,http://www.wikidata.org/entity/Q36,Poland,648711
http://www.wikidata.org/entity/Q580,ŁÓDŹ,http://www.wikidata.org/entity/Q36,Poland,648711
http://www.wikidata.org/entity/Q35381,colombo,http://www.wikidata.org/entity/Q854,Sri Lanka,647557
http://www.wikidata.org/entity/Q35381,Colombo,http://www.wikidata.org/entity/Q854,Sri Lanka,647557
http://www.wikidata.org/entity/Q35381,Colombo,http://www.wikidata.org/entity/Q854,Sri Lanka,647557
http://www.wikidata.org/entity/Q35381,Colombo,http://www.wikidata.org/entity/Q854,Sri Lanka,
http://www.wikidata.org/entity/Q35381,  Colombo ,http://www.wikidata.org/entity/Q854,Sri Lanka,647557
http://www.wikidata.org/entity/Q35381,Colombo,http://www.wikidata.org/entity/Q854,Sri Lanka,647557
http://www.wikidata.org/entity/Q3120966,Guntur,http://www.wikidata.org/entity/Q668,India,647508
http://www.wikidata.org/entity/Q194328,Uberlândia,http://www.wikidata.org/entity/Q155,Brazil,646673
http://www.wikidata.org/entity/Q271393,Jaboatão dos Guararapes.,http://www.wikidata.org/entity/Q155,Brazil,644620
http://www.wikidata.org/entity/Q271393,Jaboatão dos Guararapes,http://www.wikidata.org/entity/Q155,Brazil,644037
http://www.wikidata.org/entity/Q191642,  São José dos Campos ,http://www.wikidata.org/entity/Q155,Brazil,643603
http://www.wikidata.org/entity/Q271333,CONTAGEM,http://www.wikidata.org/entity/Q155,Brazil,643476
http://www.wikidata.org/entity/Q1524,athens,http://www.wikidata.org/entity/Q41,Greece,643452
http://www.wikidata.org/entity/Q1524,Athens,http://www.wikidata.org/entity/Q41,Greece,643452
http://www.wikidata.org/entity/Q1524,Athens,http://www.wikidata.org/entity/Q41,Greece,643452 
http://www.wikidata.org/entity/Q1524,Athens,http://www.wikidata.org/entity/Q41,Greece,643452
http://www.wikidata.org/entity/Q1524,  Athens ,http://www.wikidata.org/entity/Q41,Greece,643452
http://www.wikidata.org/entity/Q23768,Las Vegas,http://www.wikidata.org/entity/Q30,United States,641903
http://www.wikidata.org/entity/Q23768,Las Vegas,http://www.wikidata.org/entity/Q30,United States,641903
http://www.wikidata.org/entity/Q23768,Las  Vegas,http://www.wikidata.org/entity/Q30,United States,641903
http://www.wikidata.org/entity/Q271417,Funabashi.,http://www.wikidata.org/entity/Q17,Japan,641499
http://www.wikidata.org/entity/Q271417,Funabashi,http://www.wikidata.org/entity/Q17,Japan,641499
http://www.wikidata.org/entity/Q12439,  Detroit ,http://www.wikidata.org/entity/Q30,United States,639111
http://www.wikidata.org/entity/Q12439,DETROIT,http://www.wikidata.org/entity/Q30,United States,639111
http://www.wikidata.org/entity/Q12439,detroit,http://www.wikidata.org/entity/Q30,United States,639111
http://www.wikidata.org/entity/Q864965,Petaling Jaya,http://www.wikidata.org/entity/Q833,Malaysia,638516
http://www.wikidata.org/entity/Q864965,Petaling Jaya,http://www.wikidata.org/entity/Q833,Malaysia,638516
http://www.wikidata.org/entity/Q271333,Contagem,http://www.wikidata.org/entity/Q155,Brazil,637961
http://www.wikidata.org/entity/Q278204,  Noida ,http://www.wikidata.org/entity/Q668,India,637272
http://www.wikidata.org/entity/Q191642,São José dos Campos,http://www.wikidata.org/entity/Q155, Brazil ,636876
http://www.wikidata.org/entity/Q194328,Uberlândia,http://www.wikidata.org/entity/Q155,Brazil,634345
http://www.wikidata.org/entity/Q1022,Stuttgart,http://www.wikidata.org/entity/Q183,Germany,633484
http://www.wikidata.org/entity/Q1022,Stuttgart.,http://www.wikidata.org/entity/Q183,Germany,633484
http://www.wikidata.org/entity/Q1022,Stuttgart,http://www.wikidata.org/entity/Q183,Germany,633484
http://www.wikidata.org/entity/Q1022,  Stuttgart ,http://www.wikidata.org/entity/Q183,Germany,633484
http://www.wikidata.org/entity/Q1022,STUTTGART,http://www.wikidata.org/entity/Q183,Germany,633484
http://www.wikidata.org/entity/Q16563,memphis,http://www.wikidata.org/entity/Q30,United States,
http://www.wikidata.org/entity/Q16563,Memphis,http://www.wikidata.org/entity/Q30,United States,633104
http://www.wikidata.org/entity/Q170578,Aracaju,http://www.wikidata.org/entity/Q155,Brazil,632744
http://www.wikidata.org/entity/Q796739,Bidhannagar,http://www.wikidata.org/entity/Q668,India,632107
http://www.wikidata.org/entity/Q183124,  Cochabamba ,http://www.wikidata.org/entity/Q750,Bolivia,632013
http://www.wikidata.org/entity/Q183124,Cochabamba,http://www.wikidata.org/entity/Q750,Bolivia,632013
http://www.wikidata.org/entity/Q40816,Benghazi,http://www.wikidata.org/entity/Q1016,Libya,631555
http://www.wikidata.org/entity/Q40816,Benghazi,http://www.wikidata.org/entity/Q1016,Libya,631555
http://www.wikidata.org/entity/Q40816,Benghazi.,http://www.wikidata.org/entity/Q1016,Libya,631555
http://www.wikidata.org/entity/Q42140,Jeonju,http://www.wikidata.org/entity/Q884,South Korea,631532
http://www.wikidata.org/entity/Q42140,  Jeonju ,http://www.wikidata.org/entity/Q884,South Korea,631532
http://www.wikidata.org/entity/Q42140,JEONJU,http://www.wikidata.org/entity/Q884,South Korea,631532
http://www.wikidata.org/entity/Q42140,jeonju,http://www.wikidata.org/entity/Q884,South Korea,631532
http://www.wikidata.org/entity/Q1718,Düsseldorf,http://www.wikidata.org/entity/Q183,Germany,631217
http://www.wikidata.org/entity/Q1718,Düsseldorf,http://www.wikidata.org/entity/Q183,Germany,631217
http://www.wikidata.org/entity/Q1718,Düsseldorf,http://www.wikidata.org/entity/Q183,Germany,631217
http://www.wikidata.org/entity/Q1718,  Düsseldorf ,http://www.wikidata.org/entity/Q183,Germany,631217
http://www.wikidata.org/entity/Q2656,Palermo,http://www.wikidata.org/entity/Q38,Italy,630167
http://www.wikidata.org/entity/Q2656,Palermo,http://www.wikidata.org/entity/Q38,Italy,630167
http://www.wikidata.org/entity/Q191642,São  José  dos  Campos,http://www.wikidata.org/entity/Q155,Brazil,629921
http://www.wikidata.org/entity/Q194343,Feira de Santana.,http://www.wikidata.org/entity/Q155,Brazil,627477
http://www.wikidata.org/entity/Q4093,Glasgow,http://www.wikidata.org/entity/Q145,United Kingdom,626410
http://www.wikidata.org/entity/Q4093,  Glasgow ,http://www.wikidata.org/entity/Q145,United Kingdom,626410
http://www.wikidata.org/entity/Q4093,GLASGOW,http://www.wikidata.org/entity/Q145,United Kingdom,626410
http://www.wikidata.org/entity/Q492552,namangan,http://www.wikidata.org/entity/Q265,Uzbekistan,626120
http://www.wikidata.org/entity/Q492552,Namangan,http://www.wikidata.org/entity/Q265,Uzbekistan,626120 
http://www.wikidata.org/entity/Q242144,Bhilai,http://www.wikidata.org/entity/Q668,India,625700
http://www.wikidata.org/entity/Q242144,Bhilai,http://www.wikidata.org/entity/Q668,India,625700
http://www.wikidata.org/entity/Q271333,  Contagem ,http://www.wikidata.org/entity/Q155,Brazil,625393
http://www.wikidata.org/entity/Q239580,Kitwe,http://www.wikidata.org/entity/Q953,Zambia,625000
http://www.wikidata.org/entity/Q239580,Kitwe,http://www.wikidata.org/entity/Q953,Zambia,625000
http://www.wikidata.org/entity/Q5217,Q5217,http://www.wikidata.org/entity/Q928,Philippines,624787
http://www.wikidata.org/entity/Q194343,Feira de Santana.,http://www.wikidata.org/entity/Q155,Brazil,"624,107"
http://www.wikidata.org/entity/Q127041,Mangaluru,http://www.wikidata.org/entity/Q668, India ,
http://www.wikidata.org/entity/Q170762,  Cuiabá ,http://www.wikidata.org/entity/Q155,Brazil,623614
http://www.wikidata.org/entity/Q42117,ANSAN,http://www.wikidata.org/entity/Q884,South Korea,623256
http://www.wikidata.org/entity/Q42117,ansan,http://www.wikidata.org/entity/Q884,South Korea,623256
http://www.wikidata.org/entity/Q6014,Barnaul,http://www.wikidata.org/entity/Q159,Russia,623057
http://www.wikidata.org/entity/Q868527,Turpan,http://www.wikidata.org/entity/Q148,People's Republic of China,622903
http://www.wikidata.org/entity/Q868527,Turpan,http://www.wikidata.org/entity/Q148,People's Republic of China,622903
http://www.wikidata.org/entity/Q321079,  Jos ,http://www.wikidata.org/entity/Q1033,Nigeria,622802
http://www.wikidata.org/entity/Q194343,Feira de Santana,http://www.wikidata.org/entity/Q155,Brazil,622639
http://www.wikidata.org/entity/Q194328,Uberlândia,http://www.wikidata.org/entity/Q155,Brazil,622441
http://www.wikidata.org/entity/Q223587,Mansoura,http://www.wikidata.org/entity/Q79,Egypt,621953
http://www.wikidata.org/entity/Q223587,Mansoura.,http://www.wikidata.org/entity/Q79,Egypt,621953
http://www.wikidata.org/entity/Q271333,Contagem,http://www.wikidata.org/entity/Q155,Brazil,621863
http://www.wikidata.org/entity/Q2079,  Leipzig ,http://www.wikidata.org/entity/Q183,Germany,619879
http://www.wikidata.org/entity/Q2079,LEIPZIG,http://www.wikidata.org/entity/Q183,Germany,619879
http://www.wikidata.org/entity/Q2079,leipzig,http://www.wikidata.org/entity/Q183,Germany,619879
http://www.wikidata.org/entity/Q2079,Leipzig,http://www.wikidata.org/entity/Q183,Germany,619879
http://www.wikidata.org/entity/Q188892,Ribeirão Preto,http://www.wikidata.org/entity/Q155,Brazil,619746
http://www.wikidata.org/entity/Q194343,Feira de Santana,http://www.wikidata.org/entity/Q155,Brazil,619609
http://www.wikidata.org/entity/Q194328,  Uberlândia ,http://www.wikidata.org/entity/Q155,Brazil,619536
http://www.wikidata.org/entity/Q771345,Helwan,http://www.wikidata.org/entity/Q79,Egypt,619293
http://www.wikidata.org/entity/Q771345,Helwan,http://www.wikidata.org/entity/Q79,Egypt,619293
http://www.wikidata.org/entity/Q170762,Cuiabá,http://www.wikidata.org/entity/Q155,Brazil,618124
http://www.wikidata.org/entity/Q270041,Al Hudaydah.,http://www.wikidata.org/entity/Q805,Yemen,617871
http://www.wikidata.org/entity/Q270041,Al Hudaydah,http://www.wikidata.org/entity/Q805,Yemen,617871
http://www.wikidata.org/entity/Q271333,  Contagem ,http://www.wikidata.org/entity/Q155,Brazil,617749
http://www.wikidata.org/entity/Q194343,FEIRA DE SANTANA,http://www.wikidata.org/entity/Q155,Brazil,617528
http://www.wikidata.org/entity/Q156819,joinville,http://www.wikidata.org/entity/Q155,Brazil,616317
http://www.wikidata.org/entity/Q5426,Izhevsk,http://www.wikidata.org/entity/Q159,Russia,616297
http://www.wikidata.org/entity/Q194343,Feira de Santana,http://www.wikidata.org/entity/Q155,Brazil,616272
http://www.wikidata.org/entity/Q191642,São José dos Campos,http://www.wikidata.org/entity/Q155,Brazil,615871
http://www.wikidata.org/entity/Q4454,  Khabarovsk ,http://www.wikidata.org/entity/Q159,Russia,615600
http://www.wikidata.org/entity/Q8854,Las Piñas,http://www.wikidata.org/entity/Q928,Philippines,615549
http://www.wikidata.org/entity/Q466216,Ta'izz,http://www.wikidata.org/entity/Q805,Yemen,
http://www.wikidata.org/entity/Q466216,Ta'izz,http://www.wikidata.org/entity/Q805,Yemen,615000
http://www.wikidata.org/entity/Q194343,Feira de Santana.,http://www.wikidata.org/entity/Q155,Brazil,614872
http://www.wikidata.org/entity/Q243766,Bucaramanga,http://www.wikidata.org/entity/Q739,Colombia,614860
http://www.wikidata.org/entity/Q243766,  Bucaramanga ,http://www.wikidata.org/entity/Q739,Colombia,614860
http://www.wikidata.org/entity/Q45604,KANDAHAR,http://www.wikidata.org/entity/Q889,Afghanistan,614254
http://www.wikidata.org/entity/Q45604,kandahar,http://www.wikidata.org/entity/Q889,Afghanistan,614254 
http://www.wikidata.org/entity/Q271333,Contagem,http://www.wikidata.org/entity/Q155, Brazil ,613815
http://www.wikidata.org/entity/Q10126,Serang,http://www.wikidata.org/entity/Q252,Indonesia,613356
http://www.wikidata.org/entity/Q10126,Serang,http://www.wikidata.org/entity/Q188161,Dutch East Indies,613356
http://www.wikidata.org/entity/Q10126,  Serang ,http://www.wikidata.org/entity/Q734867,Banten Sultanate,613356
http://www.wikidata.org/entity/Q5627,Ulyanovsk,http://www.wikidata.org/entity/Q159,Russia,613334
http://www.wikidata.org/entity/Q170762,Cuiabá,http://www.wikidata.org/entity/Q155,Brazil,612547
http://www.wikidata.org/entity/Q188892,Ribeirão  Preto,http://www.wikidata.org/entity/Q155,Brazil,612339
http://www.wikidata.org/entity/Q7578,Jambi.,http://www.wikidata.org/entity/Q252,Indonesia,612162
http://www.wikidata.org/entity/Q194343,Feira de Santana,http://www.wikidata.org/entity/Q155,Brazil,612000
http://www.wikidata.org/entity/Q194328,  Uberlândia ,http://www.wikidata.org/entity/Q155,Brazil,611903
http://www.wikidata.org/entity/Q194343,FEIRA DE SANTANA,http://www.wikidata.org/entity/Q155,Brazil,609913
http://www.wikidata.org/entity/Q191642,são josé dos campos,http://www.wikidata.org/entity/Q155,Brazil,609229
http://www.wikidata.org/entity/Q386991,Torreón,http://www.wikidata.org/entity/Q96,Mexico,608836
http://www.wikidata.org/entity/Q386991,Torreón,http://www.wikidata.org/entity/Q96,Mexico,608836
http://www.wikidata.org/entity/Q271333,Contagem,http://www.wikidata.org/entity/Q155,Brazil,608714
http://www.wikidata.org/entity/Q817578,  Kuantan ,http://www.wikidata.org/entity/Q833,Malaysia,607778
http://www.wikidata.org/entity/Q817578,Kuantan,http://www.wikidata.org/entity/Q833,Malaysia,607778
http://www.wikidata.org/entity/Q140075,Gold Coast,http://www.wikidata.org/entity/Q408,Australia,607665
http://www.wikidata.org/entity/Q140075,Gold  Coast,http://www.wikidata.org/entity/Q408,Australia,607665
http://www.wikidata.org/entity/Q42154,Pyeongtaek.,http://www.wikidata.org/entity/Q884,South Korea,607435
http://www.wikidata.org/entity/Q42154,Pyeongtaek,http://www.wikidata.org/entity/Q884,South Korea,607435
http://www.wikidata.org/entity/Q170762,  Cuiabá ,http://www.wikidata.org/entity/Q155,Brazil,607153
http://www.wikidata.org/entity/Q194343,FEIRA DE SANTANA,http://www.wikidata.org/entity/Q155,Brazil,606139
http://www.wikidata.org/entity/Q207324,cuttack,http://www.wikidata.org/entity/Q668,India,606007
http://www.wikidata.org/entity/Q207324,Cuttack,http://www.wikidata.org/entity/Q668,India,606007
http://www.wikidata.org/entity/Q6576,Irkutsk,http://www.wikidata.org/entity/Q159,Russia,605708
http://www.wikidata.org/entity/Q6576,Irkutsk,http://www.wikidata.org/entity/Q159,Russia,
http://www.wikidata.org/entity/Q156819,  Joinville ,http://www.wikidata.org/entity/Q155,Brazil,604708
http://www.wikidata.org/entity/Q188892,Ribeirão Preto,http://www.wikidata.org/entity/Q155,Brazil,604682
http://www.wikidata.org/entity/Q621001,Malanje,http://www.wikidata.org/entity/Q916,Angola,604215
http://www.wikidata.org/entity/Q194328,Uberlândia,http://www.wikidata.org/entity/Q155,Brazil,604013
http://www.wikidata.org/entity/Q157137,Kryvyi Rih.,http://www.wikidata.org/entity/Q212,Ukraine,603904
http://www.wikidata.org/entity/Q157137,Kryvyi Rih,http://www.wikidata.org/entity/Q212,Ukraine,603904
http://www.wikidata.org/entity/Q157137,  Kryvyi Rih ,http://www.wikidata.org/entity/Q212,Ukraine,603904
http://www.wikidata.org/entity/Q3604,DJIBOUTI,http://www.wikidata.org/entity/Q977,Djibouti,603900
http://www.wikidata.org/entity/Q3604,djibouti,http://www.wikidata.org/entity/Q977,Djibouti,603900
http://www.wikidata.org/entity/Q3604,Djibouti,http://www.wikidata.org/entity/Q977,Djibouti,603900
http://www.wikidata.org/entity/Q271333,Contagem,http://www.wikidata.org/entity/Q155,Brazil,603442
http://www.wikidata.org/entity/Q3572,Tunis,http://www.wikidata.org/entity/Q948,Tunisia,602560
http://www.wikidata.org/entity/Q44255,  San Miguel de Tucumán ,http://www.wikidata.org/entity/Q414,Argentina,601888
http://www.wikidata.org/entity/Q44255,San Miguel de Tucumán,http://www.wikidata.org/entity/Q414, Argentina ,601888
http://www.wikidata.org/entity/Q178663,Meknes,http://www.wikidata.org/entity/Q1028,Morocco,601000
http://www.wikidata.org/entity/Q178663,Meknes,http://www.wikidata.org/entity/Q1028,Morocco,601000
http://www.wikidata.org/entity/Q26823312,Vitarte.,http://www.wikidata.org/entity/Q419,Peru,599196
http://www.wikidata.org/entity/Q1012419,Chamdo,http://www.wikidata.org/entity/Q148,People's Republic of China,598862
http://www.wikidata.org/entity/Q1012419,  Chamdo ,http://www.wikidata.org/entity/Q148,PRC,598862
http://www.wikidata.org/entity/Q14492,BALIKPAPAN,http://www.wikidata.org/entity/Q252,Indonesia,598043 
http://www.wikidata.org/entity/Q156819,joinville,http://www.wikidata.org/entity/Q155,Brazil,597658
http://www.wikidata.org/entity/Q1295,Dortmund,http://www.wikidata.org/entity/Q183,Germany,595471
http://www.wikidata.org/entity/Q1295,Dortmund,http://www.wikidata.org/entity/Q183,Germany,595471
http://www.wikidata.org/entity/Q1295,Dortmund,http://www.wikidata.org/entity/Q183,Germany,"595,471"
http://www.wikidata.org/entity/Q1295,  Dortmund ,http://www.wikidata.org/entity/Q183,Germany,595471
http://www.wikidata.org/entity/Q5468,Durban,http://www.wikidata.org/entity/Q258,South Africa,595061
http://www.wikidata.org/entity/Q5468,Durban,http://www.wikidata.org/entity/Q258,South Africa,595061
http://www.wikidata.org/entity/Q5468,Durban,http://www.wikidata.org/entity/Q258,South Africa,595061
http://www.wikidata.org/entity/Q1773,Riga.,http://www.wikidata.org/entity/Q211,Latvia,595053
http://www.wikidata.org/entity/Q1773,Riga,http://www.wikidata.org/entity/Q211,Latvia,595053
http://www.wikidata.org/entity/Q1773,  Riga ,http://www.wikidata.org/entity/Q211,Latvia,595053
http://www.wikidata.org/entity/Q36307,SALTA,http://www.wikidata.org/entity/Q414,Argentina,594772
http://www.wikidata.org/entity/Q36307,salta,http://www.wikidata.org/entity/Q414,Argentina,
http://www.wikidata.org/entity/Q387136,Kawaguchi,http://www.wikidata.org/entity/Q17,Japan,593900
http://www.wikidata.org/entity/Q15674,Kagoshima,http://www.wikidata.org/entity/Q17,Japan,593754
http://www.wikidata.org/entity/Q15674,Kagoshima,http://www.wikidata.org/entity/Q17,Japan,593754
http://www.wikidata.org/entity/Q15674,  Kagoshima ,http://www.wikidata.org/entity/Q17,Japan,593754
http://www.wikidata.org/entity/Q52607,Mar del Plata,http://www.wikidata.org/entity/Q414,Argentina,593337
http://www.wikidata.org/entity/Q52607,Mar del Plata,http://www.wikidata.org/entity/Q414,Argentina,593337
http://www.wikidata.org/entity/Q816845,Irapuato,http://www.wikidata.org/entity/Q96,Mexico,592953
http://www.wikidata.org/entity/Q816845,Irapuato.,http://www.wikidata.org/entity/Q96,Mexico,592953
http://www.wikidata.org/entity/Q1761,Dublin,http://www.wikidata.org/entity/Q27,Ireland,592713
http://www.wikidata.org/entity/Q1761,  Dublin ,http://www.wikidata.org/entity/Q27,Ireland,592713
http://www.wikidata.org/entity/Q1761,DUBLIN,http://www.wikidata.org/entity/Q27,Ireland,592713
http://www.wikidata.org/entity/Q312723,el mahalla el kubra,http://www.wikidata.org/entity/Q79,Egypt,592573
http://www.wikidata.org/entity/Q312723,El Mahalla El Kubra,http://www.wikidata.org/entity/Q79,Egypt,592573
http://www.wikidata.org/entity/Q194343,Feira de Santana,http://www.wikidata.org/entity/Q155,Brazil,591707
http://www.wikidata.org/entity/Q643883,Sialkot,http://www.wikidata.org/entity/Q843,Pakistan,591668
http://www.wikidata.org/entity/Q959,  Vladivostok ,http://www.wikidata.org/entity/Q159,Russia,591628
http://www.wikidata.org/entity/Q51111,Pereira,http://www.wikidata.org/entity/Q739,Colombia,590554
http://www.wikidata.org/entity/Q51111,Pereira,http://www.wikidata.org/entity/Q739,Colombia,590554
http://www.wikidata.org/entity/Q47492,Gaza  City,http://www.wikidata.org/entity/Q219060,Palestine,590481
http://www.wikidata.org/entity/Q47492,Gaza City.,http://www.wikidata.org/entity/Q219060,Palestine,590481
http://www.wikidata.org/entity/Q156819,Joinville,http://www.wikidata.org/entity/Q155, Brazil ,590466
http://www.wikidata.org/entity/Q170762,  Cuiabá ,http://www.wikidata.org/entity/Q155,Brazil,590118
http://www.wikidata.org/entity/Q738303,REYNOSA,http://www.wikidata.org/entity/Q96,Mexico,589466
http://www.wikidata.org/entity/Q738303,reynosa,http://www.wikidata.org/entity/Q96,Mexico,589466
http://www.wikidata.org/entity/Q140561,Zahedan,http://www.wikidata.org/entity/Q794,Iran,587730
http://www.wikidata.org/entity/Q132997,Florianópolis,http://www.wikidata.org/entity/Q155,Brazil,587486
http://www.wikidata.org/entity/Q2066,Essen,http://www.wikidata.org/entity/Q183,Germany,586608
http://www.wikidata.org/entity/Q2066,  Essen ,http://www.wikidata.org/entity/Q183,Germany,586608
http://www.wikidata.org/entity/Q2066,Essen,http://www.wikidata.org/entity/Q183,Germany,586608
http://www.wikidata.org/entity/Q2066,Essen,http://www.wikidata.org/entity/Q183,Germany,586608
http://www.wikidata.org/entity/Q2066,Essen,http://www.wikidata.org/entity/Q183,Germany,586608
http://www.wikidata.org/entity/Q10394,Cimahi.,http://www.wikidata.org/entity/Q252,Indonesia,586580
http://www.wikidata.org/entity/Q1015727,Mbale City,http://www.wikidata.org/entity/Q1036,Uganda,
http://www.wikidata.org/entity/Q5092,  Baltimore ,http://www.wikidata.org/entity/Q30,United States,585708 
http://www.wikidata.org/entity/Q170762,CUIABÁ,http://www.wikidata.org/entity/Q155,Brazil,585367
http://www.wikidata.org/entity/Q194343,feira de santana,http://www.wikidata.org/entity/Q155,Brazil,584497
http://www.wikidata.org/entity/Q75961,Biñan,http://www.wikidata.org/entity/Q928,Philippines,584479
http://www.wikidata.org/entity/Q500033,Shah Alam,http://www.wikidata.org/entity/Q833,Malaysia,584340
http://www.wikidata.org/entity/Q500033,Shah Alam,http://www.wikidata.org/entity/Q833,Malaysia,584340
http://www.wikidata.org/entity/Q156819,  Joinville ,http://www.wikidata.org/entity/Q155,Brazil,583144
http://www.wikidata.org/entity/Q271393,Jaboatão dos Guararapes,http://www.wikidata.org/entity/Q155,Brazil,581556
http://www.wikidata.org/entity/Q216,Vilnius,http://www.wikidata.org/entity/Q37,Lithuania,581475
http://www.wikidata.org/entity/Q216,Vilnius,http://www.wikidata.org/entity/Q37,Lithuania,581475
http://www.wikidata.org/entity/Q192387,Londrina.,http://www.wikidata.org/entity/Q155,Brazil,581382
http://www.wikidata.org/entity/Q192387,Londrina,http://www.wikidata.org/entity/Q155,Brazil,580870
http://www.wikidata.org/entity/Q170762,  Cuiabá ,http://www.wikidata.org/entity/Q155,Brazil,580489
http://www.wikidata.org/entity/Q182640,TA'IF,http://www.wikidata.org/entity/Q851,Saudi Arabia,579970
http://www.wikidata.org/entity/Q208718,port sudan,http://www.wikidata.org/entity/Q1049,Sudan,579942
http://www.wikidata.org/entity/Q208718,Port Sudan,http://www.wikidata.org/entity/Q1049,Sudan,579942
http://www.wikidata.org/entity/Q927537,Serra,http://www.wikidata.org/entity/Q155,Brazil,579720
http://www.wikidata.org/entity/Q207429,Tuxtla Gutiérrez,http://www.wikidata.org/entity/Q96,Mexico,578830
http://www.wikidata.org/entity/Q199528,  Dehradun ,http://www.wikidata.org/entity/Q668,India,578420
http://www.wikidata.org/entity/Q199528,Dehradun,http://www.wikidata.org/entity/Q668,India,578420
http://www.wikidata.org/entity/Q199528,Dehradun,http://www.wikidata.org/entity/Q668,India,578420
http://www.wikidata.org/entity/Q192387,Londrina,http://www.wikidata.org/entity/Q155,Brazil,577318
http://www.wikidata.org/entity/Q37836,Milwaukee.,http://www.wikidata.org/entity/Q30,United States,577222
http://www.wikidata.org/entity/Q37836,Milwaukee,http://www.wikidata.org/entity/Q30,United States,577222
http://www.wikidata.org/entity/Q156819,  Joinville ,http://www.wikidata.org/entity/Q155,Brazil,577077
http://www.wikidata.org/entity/Q24879,BREMEN,http://www.wikidata.org/entity/Q183,Germany,577026
http://www.wikidata.org/entity/Q24879,bremen,http://www.wikidata.org/entity/Q183,Germany,577026
http://www.wikidata.org/entity/Q24879,Bremen,http://www.wikidata.org/entity/Q183, Germany ,577026
http://www.wikidata.org/entity/Q24879,Bremen,http://www.wikidata.org/entity/Q183,Germany,577026
http://www.wikidata.org/entity/Q24879,Bremen,http://www.wikidata.org/entity/Q183,Germany,577026
http://www.wikidata.org/entity/Q208863,  Hachiōji-shi ,http://www.wikidata.org/entity/Q17,Japan,575721
http://www.wikidata.org/entity/Q208863,Hachiōji-shi,http://www.wikidata.org/entity/Q17,Japan,575721
http://www.wikidata.org/entity/Q208863,Hachiōji-shi,http://www.wikidata.org/entity/Q17,Japan,
http://www.wikidata.org/entity/Q170762,Cuiabá,http://www.wikidata.org/entity/Q155,Brazil,575480
http://www.wikidata.org/entity/Q192387,Londrina.,http://www.wikidata.org/entity/Q155,Brazil,575377
http://www.wikidata.org/entity/Q75978,Calamba,http://www.wikidata.org/entity/Q928,Philippines,575046
http://www.wikidata.org/entity/Q2145,  Quebec City ,http://www.wikidata.org/entity/Q16,Canada,574482
http://www.wikidata.org/entity/Q51594,PUENTE ALTO,http://www.wikidata.org/entity/Q298,Chile,573935
http://www.wikidata.org/entity/Q3792,lomé,http://www.wikidata.org/entity/Q945,Togo,573000
http://www.wikidata.org/entity/Q3792,Lomé,http://www.wikidata.org/entity/Q945,Togo,573000
http://www.wikidata.org/entity/Q3792,Lomé,http://www.wikidata.org/entity/Q945,Togo,573000
http://www.wikidata.org/entity/Q3792,Lomé,http://www.wikidata.org/entity/Q945,Togo,573000
http://www.wikidata.org/entity/Q3551,  Rabat ,http://www.wikidata.org/entity/Q1028,Morocco,572717
http://www.wikidata.org/entity/Q3551,Rabat,http://www.wikidata.org/entity/Q1028,Morocco,572717
http://www.wikidata.org/entity/Q3551,Rabat,http://www.wikidata.org/entity/Q1028,Morocco,572717
http://www.wikidata.org/entity/Q989892,Hami,http://www.wikidata.org/entity/Q148,People's Republic of China,572400
http://www.wikidata.org/entity/Q927537,Serra.,http://www.wikidata.org/entity/Q155,Brazil,572274
http://www.wikidata.org/entity/Q3191660,Kabinda,http://www.wikidata.org/entity/Q974,Democratic Republic of the Congo,572000 
http://www.wikidata.org/entity/Q170762,  Cuiabá ,http://www.wikidata.org/entity/Q155,Brazil,"569,830"
http://www.wikidata.org/entity/Q192387,LONDRINA,http://www.wikidata.org/entity/Q155,Brazil,569733
http://www.wikidata.org/entity/Q156819,joinville,http://www.wikidata.org/entity/Q155,Brazil,569645
http://www.wikidata.org/entity/Q133116,Hamilton,http://www.wikidata.org/entity/Q16,Canada,569353
http://www.wikidata.org/entity/Q133116,Hamilton,http://www.wikidata.org/entity/Q16,Canada,569353
http://www.wikidata.org/entity/Q390583,Surrey,http://www.wikidata.org/entity/Q16,Canada,568322
http://www.wikidata.org/entity/Q390583,  Surrey ,http://www.wikidata.org/entity/Q16,Canada,568322
http://www.wikidata.org/entity/Q194343,Feira de Santana,http://www.wikidata.org/entity/Q155,Brazil,568099
http://www.wikidata.org/entity/Q26906,Ciudad Bolívar,http://www.wikidata.org/entity/Q717,Venezuela,567953
http://www.wikidata.org/entity/Q105037,Callao,http://www.wikidata.org/entity/Q419,Peru,567702
http://www.wikidata.org/entity/Q105037,Callao.,http://www.wikidata.org/entity/Q419,Peru,567702
http://www.wikidata.org/entity/Q5668715,Dar El Salam,http://www.wikidata.org/entity/Q79,Egypt,567516
http://www.wikidata.org/entity/Q2423,  Yaroslavl ,http://www.wikidata.org/entity/Q159,Russia,567443
http://www.wikidata.org/entity/Q21197,CHIȘINĂU,http://www.wikidata.org/entity/Q217,Moldova,567038
http://www.wikidata.org/entity/Q21197,chișinău,http://www.wikidata.org/entity/Q217,Moldova,567038
http://www.wikidata.org/entity/Q5088,Durgapur,http://www.wikidata.org/entity/Q668,India,566517
http://www.wikidata.org/entity/Q1731,Dresden,http://www.wikidata.org/entity/Q183,Germany,566222
http://www.wikidata.org/entity/Q1731,Dresden,http://www.wikidata.org/entity/Q183,Germany,
http://www.wikidata.org/entity/Q1731,  Dresden ,http://www.wikidata.org/entity/Q183,Germany,566222
http://www.wikidata.org/entity/Q34804,Albuquerque,http://www.wikidata.org/entity/Q30, United States ,564559
http://www.wikidata.org/entity/Q34804,Albuquerque,http://www.wikidata.org/entity/Q30,United States,564559
http://www.wikidata.org/entity/Q192387,Londrina,http://www.wikidata.org/entity/Q155,Brazil,563943
http://www.wikidata.org/entity/Q202139,Asansol.,http://www.wikidata.org/entity/Q668,India,563917
http://www.wikidata.org/entity/Q188892,Ribeirão Preto,http://www.wikidata.org/entity/Q155,Brazil,563107
http://www.wikidata.org/entity/Q194343,  Feira de Santana ,http://www.wikidata.org/entity/Q155,Brazil,562466
http://www.wikidata.org/entity/Q156819,JOINVILLE,http://www.wikidata.org/entity/Q155,Brazil,562151
http://www.wikidata.org/entity/Q29962,asyut,http://www.wikidata.org/entity/Q79,Egypt,562061
http://www.wikidata.org/entity/Q29962,Asyut,http://www.wikidata.org/entity/Q79,Egypt,562061
http://www.wikidata.org/entity/Q214248,Benguela,http://www.wikidata.org/entity/Q916,Angola,561775
http://www.wikidata.org/entity/Q214248,Benguela,http://www.wikidata.org/entity/Q916,Angola,561775
http://www.wikidata.org/entity/Q170762,  Cuiabá ,http://www.wikidata.org/entity/Q155,Brazil,561329
http://www.wikidata.org/entity/Q309475,El-Obeid,http://www.wikidata.org/entity/Q1049,Sudan,560471
http://www.wikidata.org/entity/Q1449,Genoa,http://www.wikidata.org/entity/Q38,Italy,558745
http://www.wikidata.org/entity/Q1449,Genoa,http://www.wikidata.org/entity/Q38,Italy,558745
http://www.wikidata.org/entity/Q192387,Londrina.,http://www.wikidata.org/entity/Q155,Brazil,558439
http://www.wikidata.org/entity/Q188892,Ribeirão Preto,http://www.wikidata.org/entity/Q155,Brazil,558136
http://www.wikidata.org/entity/Q656189,  Ensenada ,http://www.wikidata.org/entity/Q96,Mexico,557430
http://www.wikidata.org/entity/Q194343,FEIRA DE SANTANA,http://www.wikidata.org/entity/Q155,Brazil,556642
http://www.wikidata.org/entity/Q570768,wuhai,http://www.wikidata.org/entity/Q148,People's Republic of China,556621
http://www.wikidata.org/entity/Q570768,Wuhai,http://www.wikidata.org/entity/Q148,People's Republic of China,556621
http://www.wikidata.org/entity/Q170762,Cuiabá,http://www.wikidata.org/entity/Q155,Brazil,556298
http://www.wikidata.org/entity/Q45313,Herat,http://www.wikidata.org/entity/Q889,Afghanistan,556205
http://www.wikidata.org/entity/Q45313,  Herat ,http://www.wikidata.org/entity/Q889,Afghanistan,556205
http://www.wikidata.org/entity/Q459711,Aparecida de Goiânia,http://www.wikidata.org/entity/Q155,Brazil,556021
http://www.wikidata.org/entity/Q192387,Londrina,http://www.wikidata.org/entity/Q155,Brazil,555965
http://www.wikidata.org/entity/Q156819,Joinville,http://www.wikidata.org/entity/Q155,Brazil,554601
http://www.wikidata.org/entity/Q28587,Hamadan.,http://www.wikidata.org/entity/Q794,Iran,554406 
http://www.wikidata.org/entity/Q192387,Londrina,http://www.wikidata.org/entity/Q155,Brazil,553393
http://www.wikidata.org/entity/Q260911,  Chiclayo ,http://www.wikidata.org/entity/Q419,Peru,552508
http://www.wikidata.org/entity/Q260911,CHICLAYO,http://www.wikidata.org/entity/Q419,Peru,552508
http://www.wikidata.org/entity/Q17176,muntinlupa,http://www.wikidata.org/entity/Q928,Philippines,
http://www.wikidata.org/entity/Q4803,Surakarta,http://www.wikidata.org/entity/Q252,Indonesia,552118
http://www.wikidata.org/entity/Q170762,Cuiabá,http://www.wikidata.org/entity/Q155,Brazil,551098
http://www.wikidata.org/entity/Q170762,Cuiabá,http://www.wikidata.org/entity/Q155,Brazil,550562
http://www.wikidata.org/entity/Q391221,  Q391221 ,http://www.wikidata.org/entity/Q717,Venezuela,550122
http://www.wikidata.org/entity/Q391221,Q391221,http://www.wikidata.org/entity/Q717,Venezuela,550122
http://www.wikidata.org/entity/Q2145,Quebec City,http://www.wikidata.org/entity/Q16,Canada,549459
http://www.wikidata.org/entity/Q269899,Amravati,http://www.wikidata.org/entity/Q668,India,549370
http://www.wikidata.org/entity/Q36600,The Hague.,http://www.wikidata.org/entity/Q55,Netherlands,548320
http://www.wikidata.org/entity/Q192387,Londrina,http://www.wikidata.org/entity/Q155, Brazil ,548249
http://www.wikidata.org/entity/Q95041,  Naberezhnye Chelny ,http://www.wikidata.org/entity/Q159,Russia,548221
http://www.wikidata.org/entity/Q1715,HANOVER,http://www.wikidata.org/entity/Q183,Germany,548186
http://www.wikidata.org/entity/Q1715,hanover,http://www.wikidata.org/entity/Q183,Germany,548186
http://www.wikidata.org/entity/Q1715,Hanover,http://www.wikidata.org/entity/Q183,Germany,548186
http://www.wikidata.org/entity/Q487656,Andijan,http://www.wikidata.org/entity/Q265,Uzbekistan,547800
http://www.wikidata.org/entity/Q18125,Manchester,http://www.wikidata.org/entity/Q145,United Kingdom,547627
http://www.wikidata.org/entity/Q18125,  Manchester ,http://www.wikidata.org/entity/Q145,United Kingdom,547627
http://www.wikidata.org/entity/Q61434,Nellore,http://www.wikidata.org/entity/Q668,India,547621
http://www.wikidata.org/entity/Q61434,Nellore,http://www.wikidata.org/entity/Q668,India,547621
http://www.wikidata.org/entity/Q156819,Joinville,http://www.wikidata.org/entity/Q155,Brazil,546981
http://www.wikidata.org/entity/Q268,Poznań.,http://www.wikidata.org/entity/Q36,Poland,546859
http://www.wikidata.org/entity/Q268,Poznań,http://www.wikidata.org/entity/Q36,Poland,546859
http://www.wikidata.org/entity/Q268,  Poznań ,http://www.wikidata.org/entity/Q36,Poland,546859
http://www.wikidata.org/entity/Q268,POZNAŃ,http://www.wikidata.org/entity/Q36,Poland,546859
http://www.wikidata.org/entity/Q5753,samarkand,http://www.wikidata.org/entity/Q265,Uzbekistan,546303
http://www.wikidata.org/entity/Q222755,Ibagué,http://www.wikidata.org/entity/Q739,Colombia,546003
http://www.wikidata.org/entity/Q222755,Ibagué,http://www.wikidata.org/entity/Q739,Colombia,546003
http://www.wikidata.org/entity/Q597,Lisbon,http://www.wikidata.org/entity/Q45,Portugal,545796
http://www.wikidata.org/entity/Q597,  Lisbon ,http://www.wikidata.org/entity/Q45,Portugal,545796
http://www.wikidata.org/entity/Q597,Lisbon,http://www.wikidata.org/entity/Q45,Portugal,545796
http://www.wikidata.org/entity/Q170762,Cuiabá,http://www.wikidata.org/entity/Q155,Brazil,544737
http://www.wikidata.org/entity/Q976,Tomsk,http://www.wikidata.org/entity/Q159,Russia,544566
http://www.wikidata.org/entity/Q376903,Valledupar.,http://www.wikidata.org/entity/Q739,Colombia,544134
http://www.wikidata.org/entity/Q376903,Valledupar,http://www.wikidata.org/entity/Q739,Colombia,
http://www.wikidata.org/entity/Q116450968,  Málaga City ,http://www.wikidata.org/entity/Q29,Spain,543392
http://www.wikidata.org/entity/Q116450968,MÁLAGA CITY,http://www.wikidata.org/entity/Q29,Spain,543392
http://www.wikidata.org/entity/Q192387,londrina,http://www.wikidata.org/entity/Q155,Brazil,543003
http://www.wikidata.org/entity/Q6066,Kemerovo,http://www.wikidata.org/entity/Q159,Russia,542928
http://www.wikidata.org/entity/Q6066,Kemerovo,http://www.wikidata.org/entity/Q159,Russia,542928
http://www.wikidata.org/entity/Q18575,Tucson,http://www.wikidata.org/entity/Q30,United States,542629
http://www.wikidata.org/entity/Q18575,  Tucson ,http://www.wikidata.org/entity/Q30,United States,542629
http://www.wikidata.org/entity/Q200049,Ajmer,http://www.wikidata.org/entity/Q668,India,"542,321"
http://www.wikidata.org/entity/Q200049,Ajmer,http://www.wikidata.org/entity/Q668,India,542321
http://www.wikidata.org/entity/Q43301,Fresno,http://www.wikidata.org/entity/Q30,United States,542107 
http://www.wikidata.org/entity/Q43301,Fresno.,http://www.wikidata.org/entity/Q30,United States,542107
http://www.wikidata.org/entity/Q43301,Fresno,http://www.wikidata.org/entity/Q30,United States,542107
http://www.wikidata.org/entity/Q116450968,  Málaga City ,http://www.wikidata.org/entity/Q29,Spain,542090
http://www.wikidata.org/entity/Q116450968,MÁLAGA CITY,http://www.wikidata.org/entity/Q29,Spain,542090
http://www.wikidata.org/entity/Q738353,matamoros,http://www.wikidata.org/entity/Q96,Mexico,541979
http://www.wikidata.org/entity/Q738353,Matamoros,http://www.wikidata.org/entity/Q96, Mexico ,541979
http://www.wikidata.org/entity/Q738353,Matamoros,http://www.wikidata.org/entity/Q96,Mexico,541979
http://www.wikidata.org/entity/Q989892,Hami,http://www.wikidata.org/entity/Q148,People's Republic of China,541836
http://www.wikidata.org/entity/Q38811,  Nasiriyah ,http://www.wikidata.org/entity/Q796,Iraq,541600
http://www.wikidata.org/entity/Q38811,Nasiriyah,http://www.wikidata.org/entity/Q796,Iraq,541600
http://www.wikidata.org/entity/Q160450,Samsun,http://www.wikidata.org/entity/Q43,Turkey,541300
http://www.wikidata.org/entity/Q160450,Samsun,http://www.wikidata.org/entity/Q43,Turkey,541300
http://www.wikidata.org/entity/Q160450,Samsun.,http://www.wikidata.org/entity/Q43,Turkey,541300
http://www.wikidata.org/entity/Q243846,Hillah,http://www.wikidata.org/entity/Q796,Iraq,541034
http://www.wikidata.org/entity/Q243846,  Hillah ,http://www.wikidata.org/entity/Q796,Iraq,541034
http://www.wikidata.org/entity/Q193019,JUIZ DE FORA,http://www.wikidata.org/entity/Q155,Brazil,540756
http://www.wikidata.org/entity/Q243293,sekondi-takoradi,http://www.wikidata.org/entity/Q117,Ghana,539548
http://www.wikidata.org/entity/Q191642,São José Dos Campos,http://www.wikidata.org/entity/Q155,Brazil,539313
http://www.wikidata.org/entity/Q271333,Contagem,http://www.wikidata.org/entity/Q155,Brazil,538017
http://www.wikidata.org/entity/Q170525,Agadir,http://www.wikidata.org/entity/Q1028,Morocco,538000
http://www.wikidata.org/entity/Q171714,  Kerman ,http://www.wikidata.org/entity/Q794,Iran,537718
http://www.wikidata.org/entity/Q192387,Londrina,http://www.wikidata.org/entity/Q155,Brazil,537566
http://www.wikidata.org/entity/Q105037,Callao,http://www.wikidata.org/entity/Q419,Peru,
http://www.wikidata.org/entity/Q105037,Callao,http://www.wikidata.org/entity/Q419,Peru,537377
http://www.wikidata.org/entity/Q927537,Serra.,http://www.wikidata.org/entity/Q155,Brazil,536765
http://www.wikidata.org/entity/Q5468,Durban,http://www.wikidata.org/entity/Q258,South Africa,536644
http://www.wikidata.org/entity/Q5468,  Durban ,http://www.wikidata.org/entity/Q258,South Africa,536644
http://www.wikidata.org/entity/Q5468,DURBAN,http://www.wikidata.org/entity/Q258,South Africa,536644
http://www.wikidata.org/entity/Q5337,orenburg,http://www.wikidata.org/entity/Q159,Russia,536515
http://www.wikidata.org/entity/Q39121,Leeds,http://www.wikidata.org/entity/Q145,United Kingdom,536280
http://www.wikidata.org/entity/Q39121,Leeds,http://www.wikidata.org/entity/Q145,United Kingdom,536280
http://www.wikidata.org/entity/Q39121,Leeds,http://www.wikidata.org/entity/Q145,United Kingdom,536280
http://www.wikidata.org/entity/Q686813,  Kassala ,http://www.wikidata.org/entity/Q1049,Sudan,536009
http://www.wikidata.org/entity/Q686813,Kassala,http://www.wikidata.org/entity/Q1049,Sudan,536009
http://www.wikidata.org/entity/Q42082,Gimhae,http://www.wikidata.org/entity/Q884,South Korea,534124
http://www.wikidata.org/entity/Q42082,Gimhae,http://www.wikidata.org/entity/Q884,South Korea,534124
http://www.wikidata.org/entity/Q570768,Wuhai.,http://www.wikidata.org/entity/Q148,People's Republic of China,532902
http://www.wikidata.org/entity/Q570768,Wuhai,http://www.wikidata.org/entity/Q148,People's Republic of China,532902
http://www.wikidata.org/entity/Q211563,  Beira ,http://www.wikidata.org/entity/Q1029,Mozambique,530604
http://www.wikidata.org/entity/Q211563,BEIRA,http://www.wikidata.org/entity/Q1029,Mozambique,530604
http://www.wikidata.org/entity/Q182394,yazd,http://www.wikidata.org/entity/Q794,Iran,529673
http://www.wikidata.org/entity/Q12892,Antwerp,http://www.wikidata.org/entity/Q31,Belgium,529247
http://www.wikidata.org/entity/Q12892,Antwerp,http://www.wikidata.org/entity/Q31,Belgium,529247
http://www.wikidata.org/entity/Q12892,Antwerp,http://www.wikidata.org/entity/Q31,Belgium,529247
http://www.wikidata.org/entity/Q12892,  Antwerp ,http://www.wikidata.org/entity/Q31,Belgium,529247
http://www.wikidata.org/entity/Q657072,Touba,http://www.wikidata.org/entity/Q1041, Senegal ,529176
http://www.wikidata.org/entity/Q200718,Bikaner,http://www.wikidata.org/entity/Q668,India,529007 
http://www.wikidata.org/entity/Q200718,Bikaner,http://www.wikidata.org/entity/Q668,India,529007
http://www.wikidata.org/entity/Q587715,Kosti.,http://www.wikidata.org/entity/Q1049,Sudan,528458
http://www.wikidata.org/entity/Q219671,Ndola,http://www.wikidata.org/entity/Q953,Zambia,528330
http://www.wikidata.org/entity/Q219671,  Ndola ,http://www.wikidata.org/entity/Q953,Zambia,528330
http://www.wikidata.org/entity/Q948953,MIXCO,http://www.wikidata.org/entity/Q774,Guatemala,527828
http://www.wikidata.org/entity/Q209801,himeji,http://www.wikidata.org/entity/Q17,Japan,527596
http://www.wikidata.org/entity/Q209801,Himeji,http://www.wikidata.org/entity/Q17,Japan,527596
http://www.wikidata.org/entity/Q927537,Serra,http://www.wikidata.org/entity/Q155,Brazil,527240
http://www.wikidata.org/entity/Q154814,Bandar Abbas,http://www.wikidata.org/entity/Q794,Iran,
http://www.wikidata.org/entity/Q156819,  Joinville ,http://www.wikidata.org/entity/Q155,Brazil,526338
http://www.wikidata.org/entity/Q133118,Şanlıurfa,http://www.wikidata.org/entity/Q43,Turkey,526247
http://www.wikidata.org/entity/Q133118,Şanlıurfa,http://www.wikidata.org/entity/Q43,Turkey,526247
http://www.wikidata.org/entity/Q133118,Şanlıurfa,http://www.wikidata.org/entity/Q43,Turkey,526247
http://www.wikidata.org/entity/Q2090,Nuremberg.,http://www.wikidata.org/entity/Q183,Germany,526091
http://www.wikidata.org/entity/Q2090,Nuremberg,http://www.wikidata.org/entity/Q183,Germany,526091
http://www.wikidata.org/entity/Q2090,  Nuremberg ,http://www.wikidata.org/entity/Q183,Germany,526091
http://www.wikidata.org/entity/Q1390081,SANTA TERESA DEL TUY,http://www.wikidata.org/entity/Q717,Venezuela,525321
http://www.wikidata.org/entity/Q1390081,santa teresa del tuy,http://www.wikidata.org/entity/Q717,Venezuela,525321
http://www.wikidata.org/entity/Q18013,Sacramento,http://www.wikidata.org/entity/Q30,United States,524943
http://www.wikidata.org/entity/Q18013,Sacramento,http://www.wikidata.org/entity/Q30,United States,524943
http://www.wikidata.org/entity/Q18013,Sacramento,http://www.wikidata.org/entity/Q30,United States,524943
http://www.wikidata.org/entity/Q110017,  Caxias do Sul ,http://www.wikidata.org/entity/Q155,Brazil,523716
http://www.wikidata.org/entity/Q170454,Agartala,http://www.wikidata.org/entity/Q668,India,522613
http://www.wikidata.org/entity/Q212628,Arak,http://www.wikidata.org/entity/Q794,Iran,520944
http://www.wikidata.org/entity/Q156819,Joinville,http://www.wikidata.org/entity/Q155,Brazil,520905
http://www.wikidata.org/entity/Q927537,Serra.,http://www.wikidata.org/entity/Q155,Brazil,520653
http://www.wikidata.org/entity/Q42157,Pohang,http://www.wikidata.org/entity/Q884,South Korea,520305
http://www.wikidata.org/entity/Q42157,  Pohang ,http://www.wikidata.org/entity/Q884,South Korea,520305
http://www.wikidata.org/entity/Q2746,RYAZAN,http://www.wikidata.org/entity/Q159,Russia,519315
http://www.wikidata.org/entity/Q689868,campos dos goytacazes,http://www.wikidata.org/entity/Q155,Brazil,519259
http://www.wikidata.org/entity/Q456,Lyon,http://www.wikidata.org/entity/Q142,France,519127
http://www.wikidata.org/entity/Q456,Lyon,http://www.wikidata.org/entity/Q142,France,519127
http://www.wikidata.org/entity/Q203299,Faiyum,http://www.wikidata.org/entity/Q79,Egypt,519047
http://www.wikidata.org/entity/Q203299,  Faiyum ,http://www.wikidata.org/entity/Q79,Egypt,519047
http://www.wikidata.org/entity/Q689868,Campos dos Goytacazes,http://www.wikidata.org/entity/Q155,Brazil,519011
http://www.wikidata.org/entity/Q200589,Utsunomiya,http://www.wikidata.org/entity/Q17,Japan,518197
http://www.wikidata.org/entity/Q200589,Utsunomiya,http://www.wikidata.org/entity/Q17,Japan,518197
http://www.wikidata.org/entity/Q200589,Utsunomiya.,http://www.wikidata.org/entity/Q17,Japan,518197
http://www.wikidata.org/entity/Q42448,Sheffield,http://www.wikidata.org/entity/Q145, UK ,518090
http://www.wikidata.org/entity/Q42448,  Sheffield ,http://www.wikidata.org/entity/Q145,United Kingdom,518090
http://www.wikidata.org/entity/Q172512,PORTO VELHO,http://www.wikidata.org/entity/Q155,Brazil,517709
http://www.wikidata.org/entity/Q172512,porto velho,http://www.wikidata.org/entity/Q155,Brazil,
http://www.wikidata.org/entity/Q927537,Serra,http://www.wikidata.org/entity/Q155,Brazil,517510
http://www.wikidata.org/entity/Q110017,Caxias do Sul,http://www.wikidata.org/entity/Q155,Brazil,517451
http://www.wikidata.org/entity/Q192387,Londrina,http://www.wikidata.org/entity/Q155,Brazil,515707
http://www.wikidata.org/entity/Q484706,  Karaganda ,http://www.wikidata.org/entity/Q232,Kazakhstan,515632
http://www.wikidata.org/entity/Q484706,Karaganda,http://www.wikidata.org/entity/Q232,Kazakhstan,515632 
http://www.wikidata.org/entity/Q156819,Joinville,http://www.wikidata.org/entity/Q155,Brazil,515288
http://www.wikidata.org/entity/Q200119,Ujjain,http://www.wikidata.org/entity/Q668,India,515215
http://www.wikidata.org/entity/Q200119,Ujjain.,http://www.wikidata.org/entity/Q668,India,515215
http://www.wikidata.org/entity/Q200119,Ujjain,http://www.wikidata.org/entity/Q668,India,515215
http://www.wikidata.org/entity/Q133118,  Şanlıurfa ,http://www.wikidata.org/entity/Q43,Turkey,515199
http://www.wikidata.org/entity/Q133118,ŞANLIURFA,http://www.wikidata.org/entity/Q43,Turkey,515199
http://www.wikidata.org/entity/Q133118,şanlıurfa,http://www.wikidata.org/entity/Q43,Turkey,515199
http://www.wikidata.org/entity/Q7880,Toulouse,http://www.wikidata.org/entity/Q142,France,514819
http://www.wikidata.org/entity/Q7880,Toulouse,http://www.wikidata.org/entity/Q142,France,514819
http://www.wikidata.org/entity/Q689868,Campos dos Goytacazes,http://www.wikidata.org/entity/Q155,Brazil,514643
http://www.wikidata.org/entity/Q42113,  Siheung ,http://www.wikidata.org/entity/Q884,South Korea,514274
http://www.wikidata.org/entity/Q42113,Siheung,http://www.wikidata.org/entity/Q884,South Korea,514274
http://www.wikidata.org/entity/Q24826,Liverpool,http://www.wikidata.org/entity/Q145,United Kingdom,513441
http://www.wikidata.org/entity/Q24826,Liverpool,http://www.wikidata.org/entity/Q145,United Kingdom,513441
http://www.wikidata.org/entity/Q6647,Lalitpur.,http://www.wikidata.org/entity/Q837,Nepal,513200
http://www.wikidata.org/entity/Q6647,Lalitpur,http://www.wikidata.org/entity/Q837,Nepal,513200
http://www.wikidata.org/entity/Q673275,  Wolaita Sodo ,http://www.wikidata.org/entity/Q115,Ethiopia,512498
http://www.wikidata.org/entity/Q673275,WOLAITA SODO,http://www.wikidata.org/entity/Q115,Ethiopia,512498
http://www.wikidata.org/entity/Q366010,amarah,http://www.wikidata.org/entity/Q796,Iraq,511500
http://www.wikidata.org/entity/Q366010,Amarah,http://www.wikidata.org/entity/Q796,Iraq,511500
http://www.wikidata.org/entity/Q986207,Carrefour,http://www.wikidata.org/entity/Q790,Haiti,511345
http://www.wikidata.org/entity/Q986207,Carrefour,http://www.wikidata.org/entity/Q790,Haiti,511345
http://www.wikidata.org/entity/Q192387,  Londrina ,http://www.wikidata.org/entity/Q155,Brazil,511278
http://www.wikidata.org/entity/Q689868,Campos dos Goytacazes,http://www.wikidata.org/entity/Q155,Brazil,511168
http://www.wikidata.org/entity/Q110017,Caxias do Sul,http://www.wikidata.org/entity/Q155,Brazil,510906
http://www.wikidata.org/entity/Q192387,Londrina,http://www.wikidata.org/entity/Q155,Brazil,510707
http://www.wikidata.org/entity/Q41819,Kansas City.,http://www.wikidata.org/entity/Q30,United States,508090
http://www.wikidata.org/entity/Q41819,Kansas City,http://www.wikidata.org/entity/Q30,United States,
http://www.wikidata.org/entity/Q41819,  Kansas City ,http://www.wikidata.org/entity/Q30,United States,508090
http://www.wikidata.org/entity/Q386991,TORREÓN,http://www.wikidata.org/entity/Q96,Mexico,508000
http://www.wikidata.org/entity/Q386991,torreón,http://www.wikidata.org/entity/Q96,Mexico,508000
http://www.wikidata.org/entity/Q478207,Kenitra,http://www.wikidata.org/entity/Q1028, Morocco ,507736
http://www.wikidata.org/entity/Q478207,Kenitra,http://www.wikidata.org/entity/Q1028,Morocco,507736
http://www.wikidata.org/entity/Q927537,Serra,http://www.wikidata.org/entity/Q155,Brazil,507598
http://www.wikidata.org/entity/Q689868,  Campos dos Goytacazes ,http://www.wikidata.org/entity/Q155,Brazil,507548
http://www.wikidata.org/entity/Q242995,Jhansi,http://www.wikidata.org/entity/Q668,India,507000
http://www.wikidata.org/entity/Q242995,Jhansi,http://www.wikidata.org/entity/Q668,India,507000
http://www.wikidata.org/entity/Q200022,Matsuyama,http://www.wikidata.org/entity/Q17,Japan,506743
http://www.wikidata.org/entity/Q200022,Matsuyama.,http://www.wikidata.org/entity/Q17,Japan,506743
http://www.wikidata.org/entity/Q200022,Matsuyama,http://www.wikidata.org/entity/Q17,Japan,506743
http://www.wikidata.org/entity/Q192387,  Londrina ,http://www.wikidata.org/entity/Q155,Brazil,506701
http://www.wikidata.org/entity/Q170521,KASHGAR,http://www.wikidata.org/entity/Q148,PRC,506640
http://www.wikidata.org/entity/Q193802,oujda,http://www.wikidata.org/entity/Q1028,Morocco,506224
http://www.wikidata.org/entity/Q193802,Oujda,http://www.wikidata.org/entity/Q1028,Morocco,506224
http://www.wikidata.org/entity/Q4169280,Dublin City,http://www.wikidata.org/entity/Q27,Ireland,506211
http://www.wikidata.org/entity/Q460222,Ulhasnagar,http://www.wikidata.org/entity/Q668,India,506098
http://www.wikidata.org/entity/Q460222,  Ulhasnagar ,http://www.wikidata.org/entity/Q668,India,506098 
http://www.wikidata.org/entity/Q209016,Santa Marta,http://www.wikidata.org/entity/Q739,Colombia,505915
http://www.wikidata.org/entity/Q209016,Santa Marta,http://www.wikidata.org/entity/Q739,Colombia,505915
http://www.wikidata.org/entity/Q192387,Londrina,http://www.wikidata.org/entity/Q155,Brazil,505184
http://www.wikidata.org/entity/Q188892,Ribeirão Preto.,http://www.wikidata.org/entity/Q155,Brazil,504923
http://www.wikidata.org/entity/Q1012460,Nagqu,http://www.wikidata.org/entity/Q148,People's Republic of China,504838
http://www.wikidata.org/entity/Q1012460,  Nagqu ,http://www.wikidata.org/entity/Q148,People's Republic of China,504838
http://www.wikidata.org/entity/Q49261,MESA,http://www.wikidata.org/entity/Q30,United States,504258
http://www.wikidata.org/entity/Q49261,mesa,http://www.wikidata.org/entity/Q30,United States,504258
http://www.wikidata.org/entity/Q192181,São José Do Rio Preto,http://www.wikidata.org/entity/Q155,Brazil,504166
http://www.wikidata.org/entity/Q110017,Caxias do Sul,http://www.wikidata.org/entity/Q155,Brazil,504069
http://www.wikidata.org/entity/Q42157,Pohang,http://www.wikidata.org/entity/Q884,South Korea,503780
http://www.wikidata.org/entity/Q42157,  Pohang ,http://www.wikidata.org/entity/Q884,South Korea,503780
http://www.wikidata.org/entity/Q2100,Duisburg,http://www.wikidata.org/entity/Q183,Germany,503707
http://www.wikidata.org/entity/Q2100,Duisburg,http://www.wikidata.org/entity/Q183,Germany,
http://www.wikidata.org/entity/Q2100,Duisburg,http://www.wikidata.org/entity/Q183,Germany,503707
http://www.wikidata.org/entity/Q2100,Duisburg.,http://www.wikidata.org/entity/Q183,Germany,503707
http://www.wikidata.org/entity/Q2100,Duisburg,http://www.wikidata.org/entity/Q183,Germany,503707
http://www.wikidata.org/entity/Q689868,  Campos dos Goytacazes ,http://www.wikidata.org/entity/Q155,Brazil,503424
http://www.wikidata.org/entity/Q386991,TORREÓN,http://www.wikidata.org/entity/Q96,Mexico,502964
http://www.wikidata.org/entity/Q386991,torreón,http://www.wikidata.org/entity/Q96,Mexico,502964
http://www.wikidata.org/entity/Q927537,Serra,http://www.wikidata.org/entity/Q155,Brazil,502618
http://www.wikidata.org/entity/Q255455,Jammu,http://www.wikidata.org/entity/Q668,India,502197
http://www.wikidata.org/entity/Q180084,Ile Ife,http://www.wikidata.org/entity/Q1033,Nigeria,501952
http://www.wikidata.org/entity/Q180084,  Ile Ife ,http://www.wikidata.org/entity/Q1033,Nigeria,501952
http://www.wikidata.org/entity/Q192181,São José do Rio Preto,http://www.wikidata.org/entity/Q155, Brazil ,501597
http://www.wikidata.org/entity/Q40194,Mazatlán,http://www.wikidata.org/entity/Q96,Mexico,501441
http://www.wikidata.org/entity/Q40194,Mazatlán,http://www.wikidata.org/entity/Q96,Mexico,501441
http://www.wikidata.org/entity/Q194328,Uberlândia.,http://www.wikidata.org/entity/Q155,Brazil,501214
http://www.wikidata.org/entity/Q1947,Juba,http://www.wikidata.org/entity/Q958,South Sudan,500088
http://www.wikidata.org/entity/Q1947,  Juba ,http://www.wikidata.org/entity/Q958,South Sudan,500088
http://www.wikidata.org/entity/Q1947,JUBA,http://www.wikidata.org/entity/Q958,South Sudan,500088
http://www.wikidata.org/entity/Q337539,10th of ramadan city,http://www.wikidata.org/entity/Q79,Egypt,500000
http://www.wikidata.org/entity/Q386991,Torreón,http://www.wikidata.org/entity/Q96,Mexico,500000
http://www.wikidata.org/entity/Q727233,Belas,http://www.wikidata.org/entity/Q916,Angola,500000
http://www.wikidata.org/entity/Q192541,Ctesiphon,http://www.wikidata.org/entity/Q796,Iraq,500000
http://www.wikidata.org/entity/Q386991,  Torreón ,http://www.wikidata.org/entity/Q96,Mexico,500000
http://www.wikidata.org/entity/Q868631,Sukkur,http://www.wikidata.org/entity/Q843,Pakistan,499900
http://www.wikidata.org/entity/Q868631,Sukkur,http://www.wikidata.org/entity/Q843,Pakistan,499900
http://www.wikidata.org/entity/Q2678,Gomel,http://www.wikidata.org/entity/Q184,Belarus,"499,853"
http://www.wikidata.org/entity/Q249994,Hsinchu City.,http://www.wikidata.org/entity/Q865,Taiwan,499348
http://www.wikidata.org/entity/Q249994,Hsinchu City,http://www.wikidata.org/entity/Q865,Taiwan,499348
http://www.wikidata.org/entity/Q249994,  Hsinchu City ,http://www.wikidata.org/entity/Q865,Taiwan,499348
http://www.wikidata.org/entity/Q23556,ATLANTA,http://www.wikidata.org/entity/Q30,United States,498715
http://www.wikidata.org/entity/Q23556,atlanta,http://www.wikidata.org/entity/Q30,United States,498715
http://www.wikidata.org/entity/Q133118,Şanlıurfa,http://www.wikidata.org/entity/Q43,Turkey,498111
http://www.wikidata.org/entity/Q133118,Şanlıurfa,http://www.wikidata.org/entity/Q43,Turkey,498111
http://www.wikidata.org/entity/Q133118,Şanlıurfa,http://www.wikidata.org/entity/Q43,Turkey,
http://www.wikidata.org/entity/Q574903,  Lapu-Lapu ,http://www.wikidata.org/entity/Q928,Philippines,497813
http://www.wikidata.org/entity/Q42153,Paju,http://www.wikidata.org/entity/Q884,South Korea,497775
http://www.wikidata.org/entity/Q42153,Paju,http://www.wikidata.org/entity/Q884,South Korea,497775
http://www.wikidata.org/entity/Q320943,Matsudo,http://www.wikidata.org/entity/Q17,Japan,497514
http://www.wikidata.org/entity/Q156819,Joinville.,http://www.wikidata.org/entity/Q155,Brazil,497331
http://www.wikidata.org/entity/Q231318,Johor Bahru,http://www.wikidata.org/entity/Q833,Malaysia,497097
http://www.wikidata.org/entity/Q5470,  Cheboksary ,http://www.wikidata.org/entity/Q159,Russia,497061
http://www.wikidata.org/entity/Q178725,NITERÓI,http://www.wikidata.org/entity/Q155,Brazil,496696
http://www.wikidata.org/entity/Q209785,ichikawa,http://www.wikidata.org/entity/Q17,Japan,495768
http://www.wikidata.org/entity/Q209785,Ichikawa,http://www.wikidata.org/entity/Q17,Japan,495768
http://www.wikidata.org/entity/Q18432,Staten Island,http://www.wikidata.org/entity/Q30,United States,495747
http://www.wikidata.org/entity/Q927537,Serra,http://www.wikidata.org/entity/Q155,Brazil,494109
http://www.wikidata.org/entity/Q811144,  Bauchi ,http://www.wikidata.org/entity/Q1033,Nigeria,493730
http://www.wikidata.org/entity/Q851576,Nyala,http://www.wikidata.org/entity/Q1049,Sudan,492984
http://www.wikidata.org/entity/Q851576,Nyala,http://www.wikidata.org/entity/Q1049,Sudan,492984
http://www.wikidata.org/entity/Q1018584,Villa  Nueva,http://www.wikidata.org/entity/Q774,Guatemala,492480
http://www.wikidata.org/entity/Q156819,Joinville.,http://www.wikidata.org/entity/Q155,Brazil,492101
http://www.wikidata.org/entity/Q989892,Hami,http://www.wikidata.org/entity/Q148, People's Republic of China ,492096
http://www.wikidata.org/entity/Q3739,  Bissau ,http://www.wikidata.org/entity/Q1007,Guinea-Bissau,492004
http://www.wikidata.org/entity/Q3739,BISSAU,http://www.wikidata.org/entity/Q1007,Guinea-Bissau,492004
http://www.wikidata.org/entity/Q651131,kota bharu,http://www.wikidata.org/entity/Q833,Malaysia,491237
http://www.wikidata.org/entity/Q243863,Higashiōsaka-Shi,http://www.wikidata.org/entity/Q17,Japan,490819
http://www.wikidata.org/entity/Q243863,Higashiōsaka-shi,http://www.wikidata.org/entity/Q17,Japan,490819
http://www.wikidata.org/entity/Q696605,Larkana,http://www.wikidata.org/entity/Q843,Pakistan,490508
http://www.wikidata.org/entity/Q696605,  Larkana ,http://www.wikidata.org/entity/Q843,Pakistan,490508
http://www.wikidata.org/entity/Q658240,Karamay,http://www.wikidata.org/entity/Q148,People's Republic of China,490348
http://www.wikidata.org/entity/Q658240,Karamay,http://www.wikidata.org/entity/Q148,People's Republic of China,490348
http://www.wikidata.org/entity/Q689868,Campos  dos  Goytacazes,http://www.wikidata.org/entity/Q155,Brazil,490288
http://www.wikidata.org/entity/Q530171,Ajman.,http://www.wikidata.org/entity/Q878,United Arab Emirates,490035
http://www.wikidata.org/entity/Q530171,Ajman,http://www.wikidata.org/entity/Q878,United Arab Emirates,490035
http://www.wikidata.org/entity/Q33428,  Vinh ,http://www.wikidata.org/entity/Q881,Vietnam,490000
http://www.wikidata.org/entity/Q1829,KALININGRAD,http://www.wikidata.org/entity/Q159,Russia,488690
http://www.wikidata.org/entity/Q270176,belgaum,http://www.wikidata.org/entity/Q668,India,
http://www.wikidata.org/entity/Q270176,Belgaum,http://www.wikidata.org/entity/Q668,India,488157
http://www.wikidata.org/entity/Q23436,Edinburgh,http://www.wikidata.org/entity/Q145,United Kingdom,488050
http://www.wikidata.org/entity/Q23436,Edinburgh,http://www.wikidata.org/entity/Q145,United Kingdom,488050
http://www.wikidata.org/entity/Q23436,  Edinburgh ,http://www.wikidata.org/entity/Q145,United Kingdom,488050
http://www.wikidata.org/entity/Q23436,Edinburgh,http://www.wikidata.org/entity/Q145,United Kingdom,488050
http://www.wikidata.org/entity/Q5540,Penza,http://www.wikidata.org/entity/Q159,Russia,487978
http://www.wikidata.org/entity/Q1792,Gdańsk,http://www.wikidata.org/entity/Q36,Poland,487834
http://www.wikidata.org/entity/Q1792,Gdańsk.,http://www.wikidata.org/entity/Q36,Poland,487834
http://www.wikidata.org/entity/Q1792,Gdańsk,http://www.wikidata.org/entity/Q36,Poland,487834
http://www.wikidata.org/entity/Q1792,  Gdańsk ,http://www.wikidata.org/entity/Q36,Poland,487834
http://www.wikidata.org/entity/Q689868,CAMPOS DOS GOYTACAZES,http://www.wikidata.org/entity/Q155,Brazil,487186
http://www.wikidata.org/entity/Q271393,jaboatão dos guararapes,http://www.wikidata.org/entity/Q155,Brazil,487119
http://www.wikidata.org/entity/Q243853,Nishinomiya,http://www.wikidata.org/entity/Q17,Japan,487010
http://www.wikidata.org/entity/Q243853,Nishinomiya,http://www.wikidata.org/entity/Q17,Japan,487010 
http://www.wikidata.org/entity/Q658240,Karamay,http://www.wikidata.org/entity/Q148,P.R. China,487000
http://www.wikidata.org/entity/Q658240,  Karamay ,http://www.wikidata.org/entity/Q148,People's Republic of China,487000
http://www.wikidata.org/entity/Q319660,Mbuji-Mayi,http://www.wikidata.org/entity/Q974,Democratic Republic of the Congo,486235
http://www.wikidata.org/entity/Q3935,Windhoek,http://www.wikidata.org/entity/Q1030,Namibia,486169
http://www.wikidata.org/entity/Q3935,Windhoek,http://www.wikidata.org/entity/Q1030,Namibia,486169
http://www.wikidata.org/entity/Q43199,Omaha.,http://www.wikidata.org/entity/Q30,United States,486051
http://www.wikidata.org/entity/Q43199,Omaha,http://www.wikidata.org/entity/Q30,United States,486051
http://www.wikidata.org/entity/Q7525,  Sevastopol ,http://www.wikidata.org/entity/Q159,Russia,485386
http://www.wikidata.org/entity/Q7525,SEVASTOPOL,http://www.wikidata.org/entity/Q212,Ukraine,485386
http://www.wikidata.org/entity/Q7525,sevastopol,http://www.wikidata.org/entity/Q159,Russia,485386
http://www.wikidata.org/entity/Q7525,Sevastopol,http://www.wikidata.org/entity/Q212, Ukraine ,485386
http://www.wikidata.org/entity/Q927537,Serra,http://www.wikidata.org/entity/Q155,Brazil,485376
http://www.wikidata.org/entity/Q300577,Vellore,http://www.wikidata.org/entity/Q668,India,484690
http://www.wikidata.org/entity/Q689868,  Campos dos Goytacazes ,http://www.wikidata.org/entity/Q155,Brazil,483970
http://www.wikidata.org/entity/Q689868,Campos dos Goytacazes,http://www.wikidata.org/entity/Q155,Brazil,483540
http://www.wikidata.org/entity/Q55741,Angeles,http://www.wikidata.org/entity/Q928,Philippines,483452
http://www.wikidata.org/entity/Q55741,Angeles,http://www.wikidata.org/entity/Q928,Philippines,483452
http://www.wikidata.org/entity/Q110017,Caxias do Sul.,http://www.wikidata.org/entity/Q155,Brazil,483377
http://www.wikidata.org/entity/Q170762,Cuiabá,http://www.wikidata.org/entity/Q155,Brazil,
http://www.wikidata.org/entity/Q737636,  Belford Roxo ,http://www.wikidata.org/entity/Q155,Brazil,483087
http://www.wikidata.org/entity/Q170762,CUIABÁ,http://www.wikidata.org/entity/Q155,Brazil,483044
http://www.wikidata.org/entity/Q62723,general trias,http://www.wikidata.org/entity/Q928,Philippines,482453
http://www.wikidata.org/entity/Q133118,Şanlıurfa,http://www.wikidata.org/entity/Q43,Turkey,482323
http://www.wikidata.org/entity/Q133118,Şanlıurfa,http://www.wikidata.org/entity/Q43,Turkey,482323
http://www.wikidata.org/entity/Q133118,Şanlıurfa,http://www.wikidata.org/entity/Q43,Turkey,482323
http://www.wikidata.org/entity/Q63145,  Q63145 ,http://www.wikidata.org/entity/Q928,Philippines,481949
http://www.wikidata.org/entity/Q148062,Zarqa,http://www.wikidata.org/entity/Q810,Jordan,481300
http://www.wikidata.org/entity/Q194343,Feira de Santana,http://www.wikidata.org/entity/Q155,Brazil,480949
http://www.wikidata.org/entity/Q1780,Bratislava,http://www.wikidata.org/entity/Q214,Slovakia,480902
http://www.wikidata.org/entity/Q1780,Bratislava.,http://www.wikidata.org/entity/Q214,Slovakia,480902
http://www.wikidata.org/entity/Q689868,Campos dos Goytacazes,http://www.wikidata.org/entity/Q155,Brazil,480648
http://www.wikidata.org/entity/Q192181,  São José do Rio Preto ,http://www.wikidata.org/entity/Q155,Brazil,480393
http://www.wikidata.org/entity/Q799808,BAFOUSSAM,http://www.wikidata.org/entity/Q1009,Cameroon,480000
http://www.wikidata.org/entity/Q1154,jamnagar,http://www.wikidata.org/entity/Q668,India,479920
http://www.wikidata.org/entity/Q1154,Jamnagar,http://www.wikidata.org/entity/Q668,India,479920
http://www.wikidata.org/entity/Q466221,Sylhet,http://www.wikidata.org/entity/Q902,Bangladesh,"479,837"
http://www.wikidata.org/entity/Q466221,Sylhet,http://www.wikidata.org/entity/Q902,Bangladesh,479837
http://www.wikidata.org/entity/Q110017,  Caxias do Sul ,http://www.wikidata.org/entity/Q155,Brazil,479599
http://www.wikidata.org/entity/Q110017,Caxias do Sul,http://www.wikidata.org/entity/Q155,Brazil,479256
http://www.wikidata.org/entity/Q110017,Caxias do Sul,http://www.wikidata.org/entity/Q155,Brazil,479236
http://www.wikidata.org/entity/Q49258,Colorado  Springs,http://www.wikidata.org/entity/Q30,United States,478961
http://www.wikidata.org/entity/Q49258,Colorado Springs.,http://www.wikidata.org/entity/Q30,United States,478961
http://www.wikidata.org/entity/Q485887,Ananindeua,http://www.wikidata.org/entity/Q155,Brazil,478778
http://www.wikidata.org/entity/Q209537,  East London ,http://www.wikidata.org/entity/Q258,South Africa,478676
http://www.wikidata.org/entity/Q209537,EAST LONDON,http://www.wikidata.org/entity/Q258,South Africa,478676
http://www.wikidata.org/entity/Q715975,taoyuan district,http://www.wikidata.org/entity/Q865,Taiwan,477988
http://www.wikidata.org/entity/Q1017651,Chiniot,http://www.wikidata.org/entity/Q843,Pakistan,477781 
http://www.wikidata.org/entity/Q1017651,Chiniot,http://www.wikidata.org/entity/Q843,Pakistan,477781
http://www.wikidata.org/entity/Q689868,Campos dos Goytacazes,http://www.wikidata.org/entity/Q155,Brazil,477208
http://www.wikidata.org/entity/Q199609,  Oita ,http://www.wikidata.org/entity/Q17,Japan,477186
http://www.wikidata.org/entity/Q199609,Oita,http://www.wikidata.org/entity/Q17, Japan ,477186
http://www.wikidata.org/entity/Q199609,Oita,http://www.wikidata.org/entity/Q17,Japan,
http://www.wikidata.org/entity/Q927537,Serra,http://www.wikidata.org/entity/Q155,Brazil,476428
http://www.wikidata.org/entity/Q1756617,Tongi.,http://www.wikidata.org/entity/Q902,Bangladesh,476350
http://www.wikidata.org/entity/Q5384,Kirov,http://www.wikidata.org/entity/Q159,Russia,475871
http://www.wikidata.org/entity/Q467487,  Kurashiki ,http://www.wikidata.org/entity/Q17,Japan,474862
http://www.wikidata.org/entity/Q467487,KURASHIKI,http://www.wikidata.org/entity/Q17,Japan,474862
http://www.wikidata.org/entity/Q110017,caxias do sul,http://www.wikidata.org/entity/Q155,Brazil,474853
http://www.wikidata.org/entity/Q251329,Gaya,http://www.wikidata.org/entity/Q668,India,474093
http://www.wikidata.org/entity/Q251329,Gaya,http://www.wikidata.org/entity/Q668,India,474093
http://www.wikidata.org/entity/Q459787,Iloilo City,http://www.wikidata.org/entity/Q928,Philippines,473728
http://www.wikidata.org/entity/Q972756,  Sheikhupura ,http://www.wikidata.org/entity/Q843,Pakistan,473129
http://www.wikidata.org/entity/Q972756,Sheikhupura,http://www.wikidata.org/entity/Q843,Pakistan,473129
http://www.wikidata.org/entity/Q223966,Piura,http://www.wikidata.org/entity/Q419,Peru,473025
http://www.wikidata.org/entity/Q223966,Piura,http://www.wikidata.org/entity/Q419,Peru,473025
http://www.wikidata.org/entity/Q334197,Vila Velha.,http://www.wikidata.org/entity/Q155,Brazil,472762
http://www.wikidata.org/entity/Q2361176,Russeifa,http://www.wikidata.org/entity/Q810,Jordan,472604
http://www.wikidata.org/entity/Q23154,  Bristol ,http://www.wikidata.org/entity/Q145,United Kingdom,472465
http://www.wikidata.org/entity/Q23154,BRISTOL,http://www.wikidata.org/entity/Q145,United Kingdom,472465
http://www.wikidata.org/entity/Q23154,bristol,http://www.wikidata.org/entity/Q145,United Kingdom,472465
http://www.wikidata.org/entity/Q23154,Bristol,http://www.wikidata.org/entity/Q145,United Kingdom,472465
http://www.wikidata.org/entity/Q689868,Campos dos Goytacazes,http://www.wikidata.org/entity/Q155,Brazil,472300
http://www.wikidata.org/entity/Q44241,San Juan,http://www.wikidata.org/entity/Q414,Argentina,471389
http://www.wikidata.org/entity/Q44241,  San Juan ,http://www.wikidata.org/entity/Q414,Argentina,471389
http://www.wikidata.org/entity/Q17175,Marikina,http://www.wikidata.org/entity/Q928,Philippines,471323
http://www.wikidata.org/entity/Q948050,Seeb,http://www.wikidata.org/entity/Q842,Oman,470878
http://www.wikidata.org/entity/Q211070,Mbandaka,http://www.wikidata.org/entity/Q974,Democratic Republic of the Congo,470307
http://www.wikidata.org/entity/Q110017,Caxias do Sul.,http://www.wikidata.org/entity/Q155,Brazil,470223
http://www.wikidata.org/entity/Q41572,Mykolaiv,http://www.wikidata.org/entity/Q212,Ukraine,470011
http://www.wikidata.org/entity/Q130469,  Mazar-i-Sharif ,http://www.wikidata.org/entity/Q889,Afghanistan,469247
http://www.wikidata.org/entity/Q130469,MAZAR-I-SHARIF,http://www.wikidata.org/entity/Q889,Afghanistan,469247
http://www.wikidata.org/entity/Q192181,são josé do rio preto,http://www.wikidata.org/entity/Q155,Brazil,469173
http://www.wikidata.org/entity/Q689868,Campos Dos Goytacazes,http://www.wikidata.org/entity/Q155,Brazil,468086
http://www.wikidata.org/entity/Q270821,Baqubah,http://www.wikidata.org/entity/Q796,Iraq,467900
http://www.wikidata.org/entity/Q270821,Baqubah,http://www.wikidata.org/entity/Q796,Iraq,
http://www.wikidata.org/entity/Q33935,  Tel Aviv ,http://www.wikidata.org/entity/Q801,Israel,467875
http://www.wikidata.org/entity/Q33935,Tel Aviv,http://www.wikidata.org/entity/Q801,Israel,467875
http://www.wikidata.org/entity/Q685318,Mactan,http://www.wikidata.org/entity/Q928,Philippines,467824
http://www.wikidata.org/entity/Q41087,Raleigh,http://www.wikidata.org/entity/Q30,United States,467665
http://www.wikidata.org/entity/Q41087,Raleigh.,http://www.wikidata.org/entity/Q30,United States,467665
http://www.wikidata.org/entity/Q41087,Raleigh,http://www.wikidata.org/entity/Q30, United States ,467665
http://www.wikidata.org/entity/Q259253,  Burayda ,http://www.wikidata.org/entity/Q851,Saudi Arabia,467410
http://www.wikidata.org/entity/Q927537,SERRA,http://www.wikidata.org/entity/Q155,Brazil,467318
http://www.wikidata.org/entity/Q16739,long beach,http://www.wikidata.org/entity/Q30,United States,466742 
http://www.wikidata.org/entity/Q16739,Long Beach,http://www.wikidata.org/entity/Q30,United States,466742
http://www.wikidata.org/entity/Q16739,Long Beach,http://www.wikidata.org/entity/Q30,United States,466742
http://www.wikidata.org/entity/Q217040,Tamale,http://www.wikidata.org/entity/Q117,Ghana,466723
http://www.wikidata.org/entity/Q217040,  Tamale ,http://www.wikidata.org/entity/Q117,Ghana,466723
http://www.wikidata.org/entity/Q14155,Kupang,http://www.wikidata.org/entity/Q252,Indonesia,466632
http://www.wikidata.org/entity/Q2770,Tula,http://www.wikidata.org/entity/Q159,Russia,466609
http://www.wikidata.org/entity/Q3927,Astrakhan,http://www.wikidata.org/entity/Q159,Russia,465990
http://www.wikidata.org/entity/Q3927,Astrakhan.,http://www.wikidata.org/entity/Q159,Russia,465990
http://www.wikidata.org/entity/Q9085,Mandaluyong,http://www.wikidata.org/entity/Q928,Philippines,465902
http://www.wikidata.org/entity/Q110017,  Caxias do Sul ,http://www.wikidata.org/entity/Q155,Brazil,465304
http://www.wikidata.org/entity/Q187346,CONSTANTINE,http://www.wikidata.org/entity/Q262,Algeria,465138
http://www.wikidata.org/entity/Q187346,constantine,http://www.wikidata.org/entity/Q262,Algeria,465138
http://www.wikidata.org/entity/Q192181,São José Do Rio Preto,http://www.wikidata.org/entity/Q155,Brazil,464983
http://www.wikidata.org/entity/Q532776,Jinchang,http://www.wikidata.org/entity/Q148,People's Republic of China,464050
http://www.wikidata.org/entity/Q532776,Jinchang,http://www.wikidata.org/entity/Q148,People's Republic of China,464050
http://www.wikidata.org/entity/Q689868,  Campos dos Goytacazes ,http://www.wikidata.org/entity/Q155,Brazil,463731
http://www.wikidata.org/entity/Q110017,Caxias do Sul,http://www.wikidata.org/entity/Q155,Brazil,463501
http://www.wikidata.org/entity/Q42135,Uijeongbu,http://www.wikidata.org/entity/Q884,South Korea,463324
http://www.wikidata.org/entity/Q42135,Uijeongbu,http://www.wikidata.org/entity/Q884,South Korea,463324
http://www.wikidata.org/entity/Q191130,Kanazawa.,http://www.wikidata.org/entity/Q17,Japan,462479
http://www.wikidata.org/entity/Q191130,Kanazawa,http://www.wikidata.org/entity/Q17,Japan,462479
http://www.wikidata.org/entity/Q191130,  Kanazawa ,http://www.wikidata.org/entity/Q17,Japan,462479
http://www.wikidata.org/entity/Q2933,ASUNCIÓN,http://www.wikidata.org/entity/Q733,Paraguay,462241
http://www.wikidata.org/entity/Q2933,asunción,http://www.wikidata.org/entity/Q733,Paraguay,
http://www.wikidata.org/entity/Q2933,Asunción,http://www.wikidata.org/entity/Q733,Paraguay,462241
http://www.wikidata.org/entity/Q2933,Asunción,http://www.wikidata.org/entity/Q733,Paraguay,462241
http://www.wikidata.org/entity/Q15847,Manado,http://www.wikidata.org/entity/Q252,Indonesia,461636
http://www.wikidata.org/entity/Q192181,  São José do Rio Preto ,http://www.wikidata.org/entity/Q155,Brazil,460671
http://www.wikidata.org/entity/Q30951,Jalgaon,http://www.wikidata.org/entity/Q668,India,460468
http://www.wikidata.org/entity/Q30951,Jalgaon,http://www.wikidata.org/entity/Q668,India,460468
http://www.wikidata.org/entity/Q661038,Fukuyama,http://www.wikidata.org/entity/Q17,Japan,459576
http://www.wikidata.org/entity/Q661038,Fukuyama.,http://www.wikidata.org/entity/Q17,Japan,459576
http://www.wikidata.org/entity/Q49259,Virginia Beach,http://www.wikidata.org/entity/Q30,United States,"459,470"
http://www.wikidata.org/entity/Q49259,  Virginia Beach ,http://www.wikidata.org/entity/Q30,United States,459470
http://www.wikidata.org/entity/Q1622565,LANÚS,http://www.wikidata.org/entity/Q414,Argentina,459263
http://www.wikidata.org/entity/Q1622565,lanús,http://www.wikidata.org/entity/Q414,Argentina,459263
http://www.wikidata.org/entity/Q3635276,Kurnool,http://www.wikidata.org/entity/Q668, India ,457633
http://www.wikidata.org/entity/Q1770,Tallinn,http://www.wikidata.org/entity/Q191,Estonia,457572
http://www.wikidata.org/entity/Q1770,Tallinn,http://www.wikidata.org/entity/Q191,Estonia,457572
http://www.wikidata.org/entity/Q1770,  Tallinn ,http://www.wikidata.org/entity/Q191,Estonia,457572
http://www.wikidata.org/entity/Q1770,Tallinn,http://www.wikidata.org/entity/Q191,Estonia,457572
http://www.wikidata.org/entity/Q192181,São José do Rio Preto,http://www.wikidata.org/entity/Q155,Brazil,456245
http://www.wikidata.org/entity/Q213318,Amagasaki,http://www.wikidata.org/entity/Q17,Japan,455555
http://www.wikidata.org/entity/Q213318,Amagasaki.,http://www.wikidata.org/entity/Q17,Japan,455555
http://www.wikidata.org/entity/Q61089,Malacca,http://www.wikidata.org/entity/Q833,Malaysia,455300
http://www.wikidata.org/entity/Q61089,  Malacca ,http://www.wikidata.org/entity/Q833,Malaysia,455300
http://www.wikidata.org/entity/Q249994,HSINCHU CITY,http://www.wikidata.org/entity/Q865,Taiwan,455275 
http://www.wikidata.org/entity/Q249994,hsinchu city,http://www.wikidata.org/entity/Q865,Taiwan,455275
http://www.wikidata.org/entity/Q249994,Hsinchu City,http://www.wikidata.org/entity/Q865,Taiwan,455275
http://www.wikidata.org/entity/Q235190,Manizales,http://www.wikidata.org/entity/Q739,Colombia,454494
http://www.wikidata.org/entity/Q17189,Pasay,http://www.wikidata.org/entity/Q928,Philippines,453186
http://www.wikidata.org/entity/Q72,  Zurich ,http://www.wikidata.org/entity/Q39,Switzerland,452421
http://www.wikidata.org/entity/Q72,Zurich,http://www.wikidata.org/entity/Q39,Switzerland,452421
http://www.wikidata.org/entity/Q137271,Kota Kinabalu,http://www.wikidata.org/entity/Q833,Malaysia,452058
http://www.wikidata.org/entity/Q137271,Kota  Kinabalu,http://www.wikidata.org/entity/Q833,Malaysia,452058
http://www.wikidata.org/entity/Q137271,Kota Kinabalu.,http://www.wikidata.org/entity/Q833,Malaysia,452058
http://www.wikidata.org/entity/Q200340,Udaipur,http://www.wikidata.org/entity/Q668,India,
http://www.wikidata.org/entity/Q194332,  Mogi das Cruzes ,http://www.wikidata.org/entity/Q155,Brazil,450785
http://www.wikidata.org/entity/Q5206,STAVROPOL,http://www.wikidata.org/entity/Q159,Russia,450680
http://www.wikidata.org/entity/Q192181,são josé do rio preto,http://www.wikidata.org/entity/Q155,Brazil,450657
http://www.wikidata.org/entity/Q141810,Laval,http://www.wikidata.org/entity/Q16,Canada,450629
http://www.wikidata.org/entity/Q737644,Betim,http://www.wikidata.org/entity/Q155,Brazil,450024
http://www.wikidata.org/entity/Q3792,Lomé,http://www.wikidata.org/entity/Q945,Togo,450000
http://www.wikidata.org/entity/Q3792,  Lomé ,http://www.wikidata.org/entity/Q945,Togo,450000
http://www.wikidata.org/entity/Q3792,Lomé,http://www.wikidata.org/entity/Q945,Togo,450000
http://www.wikidata.org/entity/Q3792,Lomé,http://www.wikidata.org/entity/Q945,Togo,450000
http://www.wikidata.org/entity/Q271333,Contagem,http://www.wikidata.org/entity/Q155,Brazil,449588
http://www.wikidata.org/entity/Q187346,Constantine.,http://www.wikidata.org/entity/Q262,Algeria,448374
http://www.wikidata.org/entity/Q187346,Constantine,http://www.wikidata.org/entity/Q262,Algeria,448374
http://www.wikidata.org/entity/Q1807947,  Maheshtala ,http://www.wikidata.org/entity/Q668,India,448317
http://www.wikidata.org/entity/Q862519,ESLAMSHAHR,http://www.wikidata.org/entity/Q794,Iran,448129
http://www.wikidata.org/entity/Q322155,rajshahi,http://www.wikidata.org/entity/Q902,Bangladesh,448087
http://www.wikidata.org/entity/Q192387,Londrina,http://www.wikidata.org/entity/Q155,Brazil,447065
http://www.wikidata.org/entity/Q110017,Caxias do Sul,http://www.wikidata.org/entity/Q155,Brazil,446911
http://www.wikidata.org/entity/Q359955,Ado Ekiti,http://www.wikidata.org/entity/Q1033,Nigeria,446749
http://www.wikidata.org/entity/Q192181,  São José do Rio Preto ,http://www.wikidata.org/entity/Q155,Brazil,446649
http://www.wikidata.org/entity/Q159835,Batman,http://www.wikidata.org/entity/Q43, Turkey ,445874
http://www.wikidata.org/entity/Q159835,Batman,http://www.wikidata.org/entity/Q43,Turkey,445874
http://www.wikidata.org/entity/Q117040,Santiago  de  Cuba,http://www.wikidata.org/entity/Q241,Cuba,444851
http://www.wikidata.org/entity/Q117040,Santiago de Cuba.,http://www.wikidata.org/entity/Q241,Cuba,444851
http://www.wikidata.org/entity/Q737644,Betim,http://www.wikidata.org/entity/Q155,Brazil,444784
http://www.wikidata.org/entity/Q134703,  Kahramanmaraş ,http://www.wikidata.org/entity/Q43,Turkey,443575
http://www.wikidata.org/entity/Q134703,KAHRAMANMARAŞ,http://www.wikidata.org/entity/Q43,Turkey,443575
http://www.wikidata.org/entity/Q134703,kahramanmaraş,http://www.wikidata.org/entity/Q43,Turkey,443575
http://www.wikidata.org/entity/Q180215,Macapá,http://www.wikidata.org/entity/Q155,Brazil,442933
http://www.wikidata.org/entity/Q192181,São José do Rio Preto,http://www.wikidata.org/entity/Q155,Brazil,442548
http://www.wikidata.org/entity/Q1798559,Tonalá,http://www.wikidata.org/entity/Q96,Mexico,442440
http://www.wikidata.org/entity/Q1798559,  Tonalá ,http://www.wikidata.org/entity/Q96,Mexico,442440
http://www.wikidata.org/entity/Q1798559,Tonalá,http://www.wikidata.org/entity/Q96,Mexico,442440
http://www.wikidata.org/entity/Q191642,São José dos Campos,http://www.wikidata.org/entity/Q155,Brazil,
http://www.wikidata.org/entity/Q8652,Miami,http://www.wikidata.org/entity/Q30,United States,442241
http://www.wikidata.org/entity/Q737644,Betim.,http://www.wikidata.org/entity/Q155,Brazil,441748
http://www.wikidata.org/entity/Q110017,Caxias do Sul,http://www.wikidata.org/entity/Q155,Brazil,441332
http://www.wikidata.org/entity/Q459690,  São João de Meriti ,http://www.wikidata.org/entity/Q155,Brazil,440962 
http://www.wikidata.org/entity/Q985627,KORHOGO,http://www.wikidata.org/entity/Q1008,Ivory Coast,440926
http://www.wikidata.org/entity/Q985627,korhogo,http://www.wikidata.org/entity/Q1008,Ivory Coast,440926
http://www.wikidata.org/entity/Q17042,Oakland,http://www.wikidata.org/entity/Q30,United States,440646
http://www.wikidata.org/entity/Q17042,Oakland,http://www.wikidata.org/entity/Q30,United States,440646
http://www.wikidata.org/entity/Q17042,Oakland,http://www.wikidata.org/entity/Q30,United States,440646
http://www.wikidata.org/entity/Q17042,  Oakland ,http://www.wikidata.org/entity/Q30,United States,440646
http://www.wikidata.org/entity/Q386991,Torreón,http://www.wikidata.org/entity/Q96,Mexico,439436
http://www.wikidata.org/entity/Q386991,Torreón,http://www.wikidata.org/entity/Q96,Mexico,439436
http://www.wikidata.org/entity/Q737644,Betim,http://www.wikidata.org/entity/Q155,Brazil,439340
http://www.wikidata.org/entity/Q141810,Laval.,http://www.wikidata.org/entity/Q16,Canada,438366
http://www.wikidata.org/entity/Q192181,São José do Rio Preto,http://www.wikidata.org/entity/Q155,Brazil,438354
http://www.wikidata.org/entity/Q532776,  Jinchang ,http://www.wikidata.org/entity/Q148,People's Republic of China,438026
http://www.wikidata.org/entity/Q532776,JINCHANG,http://www.wikidata.org/entity/Q148,PRC,438026
http://www.wikidata.org/entity/Q651906,montes claros,http://www.wikidata.org/entity/Q155,Brazil,437601
http://www.wikidata.org/entity/Q244652,Phrae,http://www.wikidata.org/entity/Q869,Thailand,437350
http://www.wikidata.org/entity/Q244652,Phrae,http://www.wikidata.org/entity/Q869,Thailand,437350
http://www.wikidata.org/entity/Q715946,Sunchon,http://www.wikidata.org/entity/Q423,North Korea,437000
http://www.wikidata.org/entity/Q715946,  Sunchon ,http://www.wikidata.org/entity/Q423,North Korea,437000
http://www.wikidata.org/entity/Q386661,Fujisawa,http://www.wikidata.org/entity/Q17,Japan,436744
http://www.wikidata.org/entity/Q386661,Fujisawa,http://www.wikidata.org/entity/Q17,Japan,436744
http://www.wikidata.org/entity/Q386661,Fujisawa,http://www.wikidata.org/entity/Q17,Japan,436744
http://www.wikidata.org/entity/Q188892,Ribeirão Preto.,http://www.wikidata.org/entity/Q155,Brazil,436682
http://www.wikidata.org/entity/Q429215,Sangli,http://www.wikidata.org/entity/Q668, India ,436639
http://www.wikidata.org/entity/Q429215,  Sangli ,http://www.wikidata.org/entity/Q668,India,436639
http://www.wikidata.org/entity/Q1100303,SIGUIRI,http://www.wikidata.org/entity/Q1006,Guinea,436555
http://www.wikidata.org/entity/Q223914,lobito,http://www.wikidata.org/entity/Q916,Angola,436467
http://www.wikidata.org/entity/Q110017,Caxias Do Sul,http://www.wikidata.org/entity/Q155,Brazil,435564
http://www.wikidata.org/entity/Q6816,Ulan-Ude,http://www.wikidata.org/entity/Q159,Russia,435067
http://www.wikidata.org/entity/Q8826,Palma,http://www.wikidata.org/entity/Q29,Spain,
http://www.wikidata.org/entity/Q3159,  Kursk ,http://www.wikidata.org/entity/Q159,Russia,"434,696"
http://www.wikidata.org/entity/Q210628,Machida,http://www.wikidata.org/entity/Q17,Japan,434414
http://www.wikidata.org/entity/Q651906,Montes Claros,http://www.wikidata.org/entity/Q155,Brazil,434321
http://www.wikidata.org/entity/Q192181,São  José  do  Rio  Preto,http://www.wikidata.org/entity/Q155,Brazil,434039
http://www.wikidata.org/entity/Q689868,Campos dos Goytacazes.,http://www.wikidata.org/entity/Q155,Brazil,434008
http://www.wikidata.org/entity/Q737644,Betim,http://www.wikidata.org/entity/Q155,Brazil,432575
http://www.wikidata.org/entity/Q689868,  Campos dos Goytacazes ,http://www.wikidata.org/entity/Q155,Brazil,431839
http://www.wikidata.org/entity/Q28729,KOZHIKODE,http://www.wikidata.org/entity/Q668,India,431560
http://www.wikidata.org/entity/Q28729,kozhikode,http://www.wikidata.org/entity/Q668,India,431560
http://www.wikidata.org/entity/Q737644,Betim,http://www.wikidata.org/entity/Q155,Brazil,431433
http://www.wikidata.org/entity/Q76010,Santa Rosa,http://www.wikidata.org/entity/Q928,Philippines,430920
http://www.wikidata.org/entity/Q146699,Zanjan,http://www.wikidata.org/entity/Q794,Iran,430871
http://www.wikidata.org/entity/Q759381,  Khamis Mushait ,http://www.wikidata.org/entity/Q851,Saudi Arabia,430828
http://www.wikidata.org/entity/Q44211,Corrientes,http://www.wikidata.org/entity/Q414,Argentina,430170
http://www.wikidata.org/entity/Q36091,Minneapolis,http://www.wikidata.org/entity/Q30,United States,429954
http://www.wikidata.org/entity/Q36091,Minneapolis,http://www.wikidata.org/entity/Q30,United States,429954
http://www.wikidata.org/entity/Q1999000,Uyo.,http://www.wikidata.org/entity/Q1033,Nigeria,429900
http://www.wikidata.org/entity/Q495387,Masan,http://www.wikidata.org/entity/Q884,South Korea,429612 
http://www.wikidata.org/entity/Q495387,  Masan ,http://www.wikidata.org/entity/Q884,South Korea,429612
http://www.wikidata.org/entity/Q156819,JOINVILLE,http://www.wikidata.org/entity/Q155,Brazil,429604
http://www.wikidata.org/entity/Q737644,betim,http://www.wikidata.org/entity/Q155,Brazil,429507
http://www.wikidata.org/entity/Q271771,Tanta,http://www.wikidata.org/entity/Q79,Egypt,429503
http://www.wikidata.org/entity/Q271771,Tanta,http://www.wikidata.org/entity/Q79,Egypt,429503
http://www.wikidata.org/entity/Q217156,Ismailia,http://www.wikidata.org/entity/Q79,Egypt,429465
http://www.wikidata.org/entity/Q217156,  Ismailia ,http://www.wikidata.org/entity/Q79,Egypt,429465
http://www.wikidata.org/entity/Q737644,Betim,http://www.wikidata.org/entity/Q155,Brazil,429236
http://www.wikidata.org/entity/Q5582862,Cusco,http://www.wikidata.org/entity/Q419,Peru,428450
http://www.wikidata.org/entity/Q5582862,Cusco,http://www.wikidata.org/entity/Q419,Peru,428450
http://www.wikidata.org/entity/Q173270,Veracruz.,http://www.wikidata.org/entity/Q96,Mexico,428323
http://www.wikidata.org/entity/Q173270,Veracruz,http://www.wikidata.org/entity/Q96,Mexico,428323
http://www.wikidata.org/entity/Q173270,  Veracruz ,http://www.wikidata.org/entity/Q96,Mexico,428323
http://www.wikidata.org/entity/Q336350,SOKOTO,http://www.wikidata.org/entity/Q1033,Nigeria,427760
http://www.wikidata.org/entity/Q319743,kashiwa,http://www.wikidata.org/entity/Q17,Japan,
http://www.wikidata.org/entity/Q319743,Kashiwa,http://www.wikidata.org/entity/Q17, Japan ,427603
http://www.wikidata.org/entity/Q737644,Betim,http://www.wikidata.org/entity/Q155,Brazil,427146
http://www.wikidata.org/entity/Q165995,Malatya,http://www.wikidata.org/entity/Q43,Turkey,426381
http://www.wikidata.org/entity/Q165995,  Malatya ,http://www.wikidata.org/entity/Q43,Turkey,426381
http://www.wikidata.org/entity/Q146790,Aomori,http://www.wikidata.org/entity/Q17,Japan,425962
http://www.wikidata.org/entity/Q146790,Aomori,http://www.wikidata.org/entity/Q17,Japan,425962
http://www.wikidata.org/entity/Q146790,Aomori,http://www.wikidata.org/entity/Q17,Japan,425962
http://www.wikidata.org/entity/Q146790,Aomori.,http://www.wikidata.org/entity/Q17,Japan,425962
http://www.wikidata.org/entity/Q207972,Tepic,http://www.wikidata.org/entity/Q96,Mexico,425942
http://www.wikidata.org/entity/Q207972,  Tepic ,http://www.wikidata.org/entity/Q96,Mexico,425942
http://www.wikidata.org/entity/Q213014,AKOLA,http://www.wikidata.org/entity/Q668,India,425817
http://www.wikidata.org/entity/Q213014,akola,http://www.wikidata.org/entity/Q668,India,425817
http://www.wikidata.org/entity/Q221051,Xalapa,http://www.wikidata.org/entity/Q96,Mexico,424755
http://www.wikidata.org/entity/Q261988,Rajpur Sonarpur,http://www.wikidata.org/entity/Q668,India,424368
http://www.wikidata.org/entity/Q330175,Piracicaba,http://www.wikidata.org/entity/Q155,Brazil,423323
http://www.wikidata.org/entity/Q185157,  Tétouan ,http://www.wikidata.org/entity/Q1028,Morocco,422757
http://www.wikidata.org/entity/Q7568,Yogyakarta,http://www.wikidata.org/entity/Q252,Indonesia,422732
http://www.wikidata.org/entity/Q927537,Serra,http://www.wikidata.org/entity/Q155,Brazil,422569
http://www.wikidata.org/entity/Q384,Skopje,http://www.wikidata.org/entity/Q221,North Macedonia,422540
http://www.wikidata.org/entity/Q384,Skopje.,http://www.wikidata.org/entity/Q221,North Macedonia,422540
http://www.wikidata.org/entity/Q18780,Likasi,http://www.wikidata.org/entity/Q974,Democratic Republic of the Congo,422535
http://www.wikidata.org/entity/Q18780,  Likasi ,http://www.wikidata.org/entity/Q974,Democratic Republic of the Congo,422535
http://www.wikidata.org/entity/Q737644,BETIM,http://www.wikidata.org/entity/Q155,Brazil,422354
http://www.wikidata.org/entity/Q92561,london,http://www.wikidata.org/entity/Q16,Canada,422324
http://www.wikidata.org/entity/Q92561,London,http://www.wikidata.org/entity/Q16,Canada,422324
http://www.wikidata.org/entity/Q201117,Toyota,http://www.wikidata.org/entity/Q17,Japan,422106
http://www.wikidata.org/entity/Q201117,Toyota,http://www.wikidata.org/entity/Q17,Japan,422106
http://www.wikidata.org/entity/Q174060,  Elazığ ,http://www.wikidata.org/entity/Q43,Turkey,421726
http://www.wikidata.org/entity/Q174060,Elazığ,http://www.wikidata.org/entity/Q43,Turkey,421726
http://www.wikidata.org/entity/Q42135,Uijeongbu,http://www.wikidata.org/entity/Q884,South Korea,421579
http://www.wikidata.org/entity/Q42135,Uijeongbu,http://www.wikidata.org/entity/Q884,South Korea,421579
http://www.wikidata.org/entity/Q1209404,Hpa-An.,http://www.wikidata.org/entity/Q836,Myanmar,421525 
http://www.wikidata.org/entity/Q1209404,Hpa-An,http://www.wikidata.org/entity/Q836,Myanmar,
http://www.wikidata.org/entity/Q42073,  Gumi ,http://www.wikidata.org/entity/Q884,South Korea,421075
http://www.wikidata.org/entity/Q42073,GUMI,http://www.wikidata.org/entity/Q884,South Korea,421075
http://www.wikidata.org/entity/Q989297,rahim yar khan,http://www.wikidata.org/entity/Q843,Pakistan,420419
http://www.wikidata.org/entity/Q147089,Manisa,http://www.wikidata.org/entity/Q43,Turkey,420015
http://www.wikidata.org/entity/Q147089,Manisa,http://www.wikidata.org/entity/Q43,Turkey,420015
http://www.wikidata.org/entity/Q147089,Manisa,http://www.wikidata.org/entity/Q43,Turkey,420015
http://www.wikidata.org/entity/Q192181,  São José do Rio Preto ,http://www.wikidata.org/entity/Q155,Brazil,419632
http://www.wikidata.org/entity/Q847610,Seremban,http://www.wikidata.org/entity/Q833, Malaysia ,419536
http://www.wikidata.org/entity/Q847610,Seremban,http://www.wikidata.org/entity/Q833,Malaysia,419536
http://www.wikidata.org/entity/Q193016,Campina  Grande,http://www.wikidata.org/entity/Q155,Brazil,419379
http://www.wikidata.org/entity/Q81882,Santos.,http://www.wikidata.org/entity/Q155,Brazil,418608
http://www.wikidata.org/entity/Q842143,Petrolina,http://www.wikidata.org/entity/Q155,Brazil,418444
http://www.wikidata.org/entity/Q486545,  Taraz ,http://www.wikidata.org/entity/Q232,Kazakhstan,418368
http://www.wikidata.org/entity/Q486545,TARAZ,http://www.wikidata.org/entity/Q232,Kazakhstan,418368
http://www.wikidata.org/entity/Q331300,mauá,http://www.wikidata.org/entity/Q155,Brazil,418261
http://www.wikidata.org/entity/Q271404,Kolwezi,http://www.wikidata.org/entity/Q974,Democratic Republic of the Congo,418000
http://www.wikidata.org/entity/Q134279,Luhansk,http://www.wikidata.org/entity/Q212,Ukraine,417990
http://www.wikidata.org/entity/Q200707,Takamatsu,http://www.wikidata.org/entity/Q17,Japan,417814
http://www.wikidata.org/entity/Q200707,  Takamatsu ,http://www.wikidata.org/entity/Q17,Japan,417814
http://www.wikidata.org/entity/Q200707,Takamatsu,http://www.wikidata.org/entity/Q17,Japan,417814
http://www.wikidata.org/entity/Q147089,Manisa,http://www.wikidata.org/entity/Q43,Turkey,417578
http://www.wikidata.org/entity/Q147089,Manisa,http://www.wikidata.org/entity/Q43,Turkey,417578
http://www.wikidata.org/entity/Q147089,Manisa.,http://www.wikidata.org/entity/Q43,Turkey,417578
http://www.wikidata.org/entity/Q651906,Montes Claros,http://www.wikidata.org/entity/Q155,Brazil,417478
http://www.wikidata.org/entity/Q737644,  Betim ,http://www.wikidata.org/entity/Q155,Brazil,417307
http://www.wikidata.org/entity/Q4301,ARUSHA,http://www.wikidata.org/entity/Q924,Tanzania,"416,442"
http://www.wikidata.org/entity/Q4301,arusha,http://www.wikidata.org/entity/Q924,Tanzania,416442
http://www.wikidata.org/entity/Q927537,Serra,http://www.wikidata.org/entity/Q155,Brazil,416028
http://www.wikidata.org/entity/Q105037,Callao,http://www.wikidata.org/entity/Q419,Peru,415888
http://www.wikidata.org/entity/Q105037,Callao,http://www.wikidata.org/entity/Q419,Peru,415888
http://www.wikidata.org/entity/Q192181,  São José do Rio Preto ,http://www.wikidata.org/entity/Q155,Brazil,415769
http://www.wikidata.org/entity/Q42153,Paju,http://www.wikidata.org/entity/Q884,South Korea,415345
http://www.wikidata.org/entity/Q42153,Paju,http://www.wikidata.org/entity/Q884,South Korea,
http://www.wikidata.org/entity/Q1012460,Nagqu,http://www.wikidata.org/entity/Q148,People's Republic of China,414554
http://www.wikidata.org/entity/Q1012460,Nagqu.,http://www.wikidata.org/entity/Q148,People's Republic of China,414554
http://www.wikidata.org/entity/Q192181,São José do Rio Preto,http://www.wikidata.org/entity/Q155,Brazil,414272
http://www.wikidata.org/entity/Q651906,  Montes Claros ,http://www.wikidata.org/entity/Q155,Brazil,414240
http://www.wikidata.org/entity/Q1026616,JHANG,http://www.wikidata.org/entity/Q843,Pakistan,414131
http://www.wikidata.org/entity/Q1026616,jhang,http://www.wikidata.org/entity/Q843,Pakistan,414131
http://www.wikidata.org/entity/Q651906,Montes Claros,http://www.wikidata.org/entity/Q155,Brazil,413487
http://www.wikidata.org/entity/Q181056,Boa Vista,http://www.wikidata.org/entity/Q155,Brazil,413486
http://www.wikidata.org/entity/Q27860,Jayapura,http://www.wikidata.org/entity/Q252,Indonesia,413283
http://www.wikidata.org/entity/Q44989,  Tulsa ,http://www.wikidata.org/entity/Q30,United States,413066
http://www.wikidata.org/entity/Q44989,Tulsa,http://www.wikidata.org/entity/Q30,United States,413066
http://www.wikidata.org/entity/Q204266,Toyama,http://www.wikidata.org/entity/Q17,Japan,413028
http://www.wikidata.org/entity/Q204266,Toyama,http://www.wikidata.org/entity/Q17,Japan,413028 
http://www.wikidata.org/entity/Q204266,Toyama.,http://www.wikidata.org/entity/Q17,Japan,413028
http://www.wikidata.org/entity/Q204266,Toyama,http://www.wikidata.org/entity/Q17, Japan ,413028
http://www.wikidata.org/entity/Q2288,  Tver ,http://www.wikidata.org/entity/Q159,Russia,412806
http://www.wikidata.org/entity/Q272093,SANANDAJ,http://www.wikidata.org/entity/Q794,Iran,412767
http://www.wikidata.org/entity/Q192181,são josé do rio preto,http://www.wikidata.org/entity/Q155,Brazil,412075
http://www.wikidata.org/entity/Q737644,Betim,http://www.wikidata.org/entity/Q155,Brazil,412003
http://www.wikidata.org/entity/Q737644,Betim,http://www.wikidata.org/entity/Q155,Brazil,411846
http://www.wikidata.org/entity/Q213248,Tirunelveli,http://www.wikidata.org/entity/Q668,India,411298
http://www.wikidata.org/entity/Q320015,  Pasto ,http://www.wikidata.org/entity/Q739,Colombia,410835
http://www.wikidata.org/entity/Q147089,Manisa,http://www.wikidata.org/entity/Q43,Turkey,410440
http://www.wikidata.org/entity/Q147089,Manisa,http://www.wikidata.org/entity/Q43,Turkey,410440
http://www.wikidata.org/entity/Q147089,Manisa,http://www.wikidata.org/entity/Q43,Turkey,410440
http://www.wikidata.org/entity/Q760714,Bhagalpur.,http://www.wikidata.org/entity/Q668,India,410210
http://www.wikidata.org/entity/Q760714,Bhagalpur,http://www.wikidata.org/entity/Q668,India,410210
http://www.wikidata.org/entity/Q110017,  Caxias do Sul ,http://www.wikidata.org/entity/Q155,Brazil,410166
http://www.wikidata.org/entity/Q208669,MARINGÁ,http://www.wikidata.org/entity/Q155,Brazil,409657
http://www.wikidata.org/entity/Q651906,montes claros,http://www.wikidata.org/entity/Q155,Brazil,409341
http://www.wikidata.org/entity/Q927537,Serra,http://www.wikidata.org/entity/Q155,Brazil,409267
http://www.wikidata.org/entity/Q14126,Mataram,http://www.wikidata.org/entity/Q252,Indonesia,408900
http://www.wikidata.org/entity/Q44244,Santa Fe,http://www.wikidata.org/entity/Q414,Argentina,
http://www.wikidata.org/entity/Q95449,  Magnitogorsk ,http://www.wikidata.org/entity/Q159,Russia,408487
http://www.wikidata.org/entity/Q192181,São José do Rio Preto,http://www.wikidata.org/entity/Q155,Brazil,408258
http://www.wikidata.org/entity/Q147975,Zaria,http://www.wikidata.org/entity/Q1033,Nigeria,408198
http://www.wikidata.org/entity/Q689868,Campos  dos  Goytacazes,http://www.wikidata.org/entity/Q155,Brazil,406989
http://www.wikidata.org/entity/Q737644,Betim.,http://www.wikidata.org/entity/Q155,Brazil,406474
http://www.wikidata.org/entity/Q194343,Feira de Santana,http://www.wikidata.org/entity/Q155,Brazil,406447
http://www.wikidata.org/entity/Q208162,  Patiala ,http://www.wikidata.org/entity/Q668,India,406192
http://www.wikidata.org/entity/Q208162,PATIALA,http://www.wikidata.org/entity/Q668,India,406192
http://www.wikidata.org/entity/Q25281,đà lạt,http://www.wikidata.org/entity/Q881,Vietnam,406105
http://www.wikidata.org/entity/Q110017,Caxias Do Sul,http://www.wikidata.org/entity/Q155,Brazil,405858
http://www.wikidata.org/entity/Q622830,Caruaru,http://www.wikidata.org/entity/Q155,Brazil,405408
http://www.wikidata.org/entity/Q176891,Carapicuíba,http://www.wikidata.org/entity/Q155,Brazil,405375
http://www.wikidata.org/entity/Q651906,  Montes Claros ,http://www.wikidata.org/entity/Q155,Brazil,404804
http://www.wikidata.org/entity/Q927537,Serra,http://www.wikidata.org/entity/Q155,Brazil,404688
http://www.wikidata.org/entity/Q49256,Bakersfield,http://www.wikidata.org/entity/Q30,United States,403455
http://www.wikidata.org/entity/Q49256,Bakersfield,http://www.wikidata.org/entity/Q30,United States,403455
http://www.wikidata.org/entity/Q49256,Bakersfield.,http://www.wikidata.org/entity/Q30,United States,403455
http://www.wikidata.org/entity/Q41538,South Dum Dum,http://www.wikidata.org/entity/Q668,India,403316
http://www.wikidata.org/entity/Q176891,  Carapicuíba ,http://www.wikidata.org/entity/Q155,Brazil,403183
http://www.wikidata.org/entity/Q170762,CUIABÁ,http://www.wikidata.org/entity/Q155,Brazil,402813
http://www.wikidata.org/entity/Q181578,qazvin,http://www.wikidata.org/entity/Q794,Iran,402748
http://www.wikidata.org/entity/Q14960,Brno,http://www.wikidata.org/entity/Q213, Czech Republic ,402739
http://www.wikidata.org/entity/Q14960,Brno,http://www.wikidata.org/entity/Q213,Czech Republic,402739
http://www.wikidata.org/entity/Q14960,Brno,http://www.wikidata.org/entity/Q213,Czech Republic,402739
http://www.wikidata.org/entity/Q14960,  Brno ,http://www.wikidata.org/entity/Q213,Czech Republic,402739
http://www.wikidata.org/entity/Q14960,Brno,http://www.wikidata.org/entity/Q213,Czech Republic,402739
http://www.wikidata.org/entity/Q622830,Caruaru,http://www.wikidata.org/entity/Q155,Brazil,402290 
http://www.wikidata.org/entity/Q651906,Montes  Claros,http://www.wikidata.org/entity/Q155,Brazil,402027
http://www.wikidata.org/entity/Q275109,Jundiaí.,http://www.wikidata.org/entity/Q155,Brazil,401896
http://www.wikidata.org/entity/Q5285,Tarlac City,http://www.wikidata.org/entity/Q928,Philippines,401892
http://www.wikidata.org/entity/Q29888,  Aswan ,http://www.wikidata.org/entity/Q79,Egypt,401890
http://www.wikidata.org/entity/Q29888,ASWAN,http://www.wikidata.org/entity/Q79,Egypt,401890
http://www.wikidata.org/entity/Q170762,cuiabá,http://www.wikidata.org/entity/Q155,Brazil,
http://www.wikidata.org/entity/Q1918837,Bogura,http://www.wikidata.org/entity/Q902,Bangladesh,400983
http://www.wikidata.org/entity/Q176891,Carapicuíba,http://www.wikidata.org/entity/Q155,Brazil,400927
http://www.wikidata.org/entity/Q147089,Manisa,http://www.wikidata.org/entity/Q43,Turkey,400686
http://www.wikidata.org/entity/Q147089,  Manisa ,http://www.wikidata.org/entity/Q43,Turkey,400686
http://www.wikidata.org/entity/Q147089,Manisa,http://www.wikidata.org/entity/Q43,Turkey,400686
http://www.wikidata.org/entity/Q45798,Gifu,http://www.wikidata.org/entity/Q17,Japan,400118
http://www.wikidata.org/entity/Q45798,Gifu,http://www.wikidata.org/entity/Q17,Japan,400118
http://www.wikidata.org/entity/Q45798,Gifu.,http://www.wikidata.org/entity/Q17,Japan,400118
http://www.wikidata.org/entity/Q403446,Douma,http://www.wikidata.org/entity/Q858,Syria,400000
http://www.wikidata.org/entity/Q852725,  Montería ,http://www.wikidata.org/entity/Q739,Colombia,400000
http://www.wikidata.org/entity/Q852725,MONTERÍA,http://www.wikidata.org/entity/Q739,Colombia,400000
http://www.wikidata.org/entity/Q403446,douma,http://www.wikidata.org/entity/Q858,Syria,400000
http://www.wikidata.org/entity/Q467479,Toyonaka,http://www.wikidata.org/entity/Q17,Japan,399263
http://www.wikidata.org/entity/Q467479,Toyonaka,http://www.wikidata.org/entity/Q17,Japan,399263
http://www.wikidata.org/entity/Q999076,Dera Ghazi Khan,http://www.wikidata.org/entity/Q843,Pakistan,399064
http://www.wikidata.org/entity/Q999076,  Dera Ghazi Khan ,http://www.wikidata.org/entity/Q843,Pakistan,399064
http://www.wikidata.org/entity/Q223422,Anápolis,http://www.wikidata.org/entity/Q155,Brazil,398869
http://www.wikidata.org/entity/Q176891,Carapicuíba,http://www.wikidata.org/entity/Q155,Brazil,"398,611"
http://www.wikidata.org/entity/Q176891,Carapicuíba,http://www.wikidata.org/entity/Q155,Brazil,398462
http://www.wikidata.org/entity/Q651906,Montes Claros.,http://www.wikidata.org/entity/Q155,Brazil,398288
http://www.wikidata.org/entity/Q176891,Carapicuíba,http://www.wikidata.org/entity/Q155,Brazil,398236
http://www.wikidata.org/entity/Q214485,  Kisumu ,http://www.wikidata.org/entity/Q114,Kenya,397957
http://www.wikidata.org/entity/Q214485,KISUMU,http://www.wikidata.org/entity/Q114,Kenya,397957
http://www.wikidata.org/entity/Q261887,kikwit,http://www.wikidata.org/entity/Q974,Democratic Republic of the Congo,397737
http://www.wikidata.org/entity/Q49266,Wichita,http://www.wikidata.org/entity/Q30,United States,397532
http://www.wikidata.org/entity/Q49266,Wichita,http://www.wikidata.org/entity/Q30,United States,397532
http://www.wikidata.org/entity/Q204308,Miyazaki,http://www.wikidata.org/entity/Q17,Japan,397476
http://www.wikidata.org/entity/Q204308,  Miyazaki ,http://www.wikidata.org/entity/Q17,Japan,397476
http://www.wikidata.org/entity/Q204308,Miyazaki,http://www.wikidata.org/entity/Q17, Japan ,397476
http://www.wikidata.org/entity/Q321475,Kollam,http://www.wikidata.org/entity/Q668,India,397419
http://www.wikidata.org/entity/Q321475,Kollam,http://www.wikidata.org/entity/Q668,India,397419
http://www.wikidata.org/entity/Q42069,Gwangju.,http://www.wikidata.org/entity/Q884,South Korea,397269
http://www.wikidata.org/entity/Q42069,Gwangju,http://www.wikidata.org/entity/Q884,South Korea,
http://www.wikidata.org/entity/Q927537,  Serra ,http://www.wikidata.org/entity/Q155,Brazil,397226
http://www.wikidata.org/entity/Q270912,HIRAKATA,http://www.wikidata.org/entity/Q17,Japan,396694
http://www.wikidata.org/entity/Q270912,hirakata,http://www.wikidata.org/entity/Q17,Japan,396694
http://www.wikidata.org/entity/Q22062839,Vitória Da Conquista,http://www.wikidata.org/entity/Q155,Brazil,396613
http://www.wikidata.org/entity/Q176891,Carapicuíba,http://www.wikidata.org/entity/Q155,Brazil,396587
http://www.wikidata.org/entity/Q137203,Sandakan,http://www.wikidata.org/entity/Q833,Malaysia,396290
http://www.wikidata.org/entity/Q137203,  Sandakan ,http://www.wikidata.org/entity/Q833,Malaysia,396290
http://www.wikidata.org/entity/Q183002,Surgut,http://www.wikidata.org/entity/Q159,Russia,395900 
http://www.wikidata.org/entity/Q518431,Chimbote,http://www.wikidata.org/entity/Q419,Peru,395100
http://www.wikidata.org/entity/Q518431,Chimbote,http://www.wikidata.org/entity/Q419,Peru,395100
http://www.wikidata.org/entity/Q176891,Carapicuíba.,http://www.wikidata.org/entity/Q155,Brazil,394465
http://www.wikidata.org/entity/Q651906,Montes Claros,http://www.wikidata.org/entity/Q155,Brazil,394350
http://www.wikidata.org/entity/Q17943,  Arlington ,http://www.wikidata.org/entity/Q30,United States,394266
http://www.wikidata.org/entity/Q17943,ARLINGTON,http://www.wikidata.org/entity/Q30,United States,394266
http://www.wikidata.org/entity/Q22062839,vitória da conquista,http://www.wikidata.org/entity/Q155,Brazil,394024
http://www.wikidata.org/entity/Q651891,Diadema,http://www.wikidata.org/entity/Q155,Brazil,393237
http://www.wikidata.org/entity/Q994114,Yola,http://www.wikidata.org/entity/Q1033,Nigeria,392854
http://www.wikidata.org/entity/Q2768828,Muzaffarnagar,http://www.wikidata.org/entity/Q668,India,392768
http://www.wikidata.org/entity/Q176891,  Carapicuíba ,http://www.wikidata.org/entity/Q155,Brazil,392701
http://www.wikidata.org/entity/Q176891,Carapicuíba,http://www.wikidata.org/entity/Q155,Brazil,392294
http://www.wikidata.org/entity/Q19491,Nha Trang,http://www.wikidata.org/entity/Q881,Vietnam,392279
http://www.wikidata.org/entity/Q20929,Sejong,http://www.wikidata.org/entity/Q884,South Korea,391984
http://www.wikidata.org/entity/Q20929,Sejong.,http://www.wikidata.org/entity/Q884,South Korea,391984
http://www.wikidata.org/entity/Q20929,Sejong,http://www.wikidata.org/entity/Q884,South Korea,391984
http://www.wikidata.org/entity/Q20929,  Sejong ,http://www.wikidata.org/entity/Q884,South Korea,391984
http://www.wikidata.org/entity/Q20929,SEJONG,http://www.wikidata.org/entity/Q884,South Korea,391984
http://www.wikidata.org/entity/Q694939,al diwaniyah,http://www.wikidata.org/entity/Q796,Iraq,391600
http://www.wikidata.org/entity/Q694939,Al Diwaniyah,http://www.wikidata.org/entity/Q796,Iraq,391600
http://www.wikidata.org/entity/Q600693,Thiès,http://www.wikidata.org/entity/Q1041,Senegal,391253
http://www.wikidata.org/entity/Q609831,San Pédro,http://www.wikidata.org/entity/Q1008,Ivory Coast,390654
http://www.wikidata.org/entity/Q609831,  San-Pédro ,http://www.wikidata.org/entity/Q1008,Ivory Coast,390654
http://www.wikidata.org/entity/Q929062,Gujrat,http://www.wikidata.org/entity/Q843,Pakistan,390533
http://www.wikidata.org/entity/Q929062,Gujrat,http://www.wikidata.org/entity/Q843,Pakistan,
http://www.wikidata.org/entity/Q200578,Yokosuka,http://www.wikidata.org/entity/Q17,Japan,390275
http://www.wikidata.org/entity/Q200578,Yokosuka.,http://www.wikidata.org/entity/Q17,Japan,390275
http://www.wikidata.org/entity/Q200578,Yokosuka,http://www.wikidata.org/entity/Q17, Japan ,390275
http://www.wikidata.org/entity/Q651906,  Montes Claros ,http://www.wikidata.org/entity/Q155,Brazil,390212
http://www.wikidata.org/entity/Q147089,MANISA,http://www.wikidata.org/entity/Q43,Turkey,390182
http://www.wikidata.org/entity/Q147089,manisa,http://www.wikidata.org/entity/Q43,Turkey,390182
http://www.wikidata.org/entity/Q147089,Manisa,http://www.wikidata.org/entity/Q43,Turkey,390182
http://www.wikidata.org/entity/Q192387,Londrina,http://www.wikidata.org/entity/Q155,Brazil,390100
http://www.wikidata.org/entity/Q176891,Carapicuíba,http://www.wikidata.org/entity/Q155,Brazil,390073
http://www.wikidata.org/entity/Q1344820,  Tieli ,http://www.wikidata.org/entity/Q148,People's Republic of China,390000
http://www.wikidata.org/entity/Q27400,Hafar Al-Batin,http://www.wikidata.org/entity/Q851,Saudi Arabia,389993
http://www.wikidata.org/entity/Q8861,Malabon,http://www.wikidata.org/entity/Q928,Philippines,389929
http://www.wikidata.org/entity/Q19689,Tirana,http://www.wikidata.org/entity/Q222,Albania,389323
http://www.wikidata.org/entity/Q19689,Tirana.,http://www.wikidata.org/entity/Q222,Albania,389323
http://www.wikidata.org/entity/Q19689,Tirana,http://www.wikidata.org/entity/Q222,Albania,389323
http://www.wikidata.org/entity/Q689868,  Campos dos Goytacazes ,http://www.wikidata.org/entity/Q155,Brazil,389109
http://www.wikidata.org/entity/Q737644,BETIM,http://www.wikidata.org/entity/Q155,Brazil,388873
http://www.wikidata.org/entity/Q176891,carapicuíba,http://www.wikidata.org/entity/Q155,Brazil,388532
http://www.wikidata.org/entity/Q1891,Bologna,http://www.wikidata.org/entity/Q38,Italy,387971
http://www.wikidata.org/entity/Q1891,Bologna,http://www.wikidata.org/entity/Q38,Italy,387971
http://www.wikidata.org/entity/Q1891,Bologna,http://www.wikidata.org/entity/Q38,Italy,387971
http://www.wikidata.org/entity/Q477232,  Aktobe ,http://www.wikidata.org/entity/Q232,Kazakhstan,387807 
http://www.wikidata.org/entity/Q477232,Aktobe,http://www.wikidata.org/entity/Q232,Kazakhstan,387807
http://www.wikidata.org/entity/Q176891,Carapicuíba,http://www.wikidata.org/entity/Q155,Brazil,387788
http://www.wikidata.org/entity/Q393,Szczecin,http://www.wikidata.org/entity/Q36,Poland,387700
http://www.wikidata.org/entity/Q393,Szczecin.,http://www.wikidata.org/entity/Q36,Poland,387700
http://www.wikidata.org/entity/Q393,Szczecin,http://www.wikidata.org/entity/Q36,Poland,387700
http://www.wikidata.org/entity/Q393,  Szczecin ,http://www.wikidata.org/entity/Q36,Poland,387700
http://www.wikidata.org/entity/Q393,SZCZECIN,http://www.wikidata.org/entity/Q36,Poland,387700
http://www.wikidata.org/entity/Q10124,cilegon,http://www.wikidata.org/entity/Q252,Indonesia,387543
http://www.wikidata.org/entity/Q1725,Lipa,http://www.wikidata.org/entity/Q928,Philippines,387392
http://www.wikidata.org/entity/Q841222,Cariacica,http://www.wikidata.org/entity/Q155,Brazil,387368
http://www.wikidata.org/entity/Q176891,Carapicuíba,http://www.wikidata.org/entity/Q155,Brazil,
http://www.wikidata.org/entity/Q146699,  Zanjan ,http://www.wikidata.org/entity/Q794,Iran,386851
http://www.wikidata.org/entity/Q841222,Cariacica,http://www.wikidata.org/entity/Q155,Brazil,386495
http://www.wikidata.org/entity/Q49246,Aurora,http://www.wikidata.org/entity/Q30,United States,386261
http://www.wikidata.org/entity/Q49246,Aurora,http://www.wikidata.org/entity/Q30,United States,386261
http://www.wikidata.org/entity/Q854914,Bhatpara.,http://www.wikidata.org/entity/Q668,India,386019
http://www.wikidata.org/entity/Q651906,Montes Claros,http://www.wikidata.org/entity/Q155,Brazil,385898
http://www.wikidata.org/entity/Q1686,  Butuan ,http://www.wikidata.org/entity/Q928,Philippines,385530
http://www.wikidata.org/entity/Q242783,OKAZAKI,http://www.wikidata.org/entity/Q17,Japan,385376
http://www.wikidata.org/entity/Q242783,okazaki,http://www.wikidata.org/entity/Q17,Japan,385376
http://www.wikidata.org/entity/Q242783,Okazaki,http://www.wikidata.org/entity/Q17, Japan ,"385,376"
http://www.wikidata.org/entity/Q49255,Tampa,http://www.wikidata.org/entity/Q30,United States,384959
http://www.wikidata.org/entity/Q49255,Tampa,http://www.wikidata.org/entity/Q30,United States,384959
http://www.wikidata.org/entity/Q653510,  Suita ,http://www.wikidata.org/entity/Q17,Japan,384953
http://www.wikidata.org/entity/Q653510,Suita,http://www.wikidata.org/entity/Q17,Japan,384953
http://www.wikidata.org/entity/Q1023910,Lianzhou,http://www.wikidata.org/entity/Q148,People's Republic of China,384700
http://www.wikidata.org/entity/Q500111,Arua,http://www.wikidata.org/entity/Q1036,Uganda,384656
http://www.wikidata.org/entity/Q841222,Cariacica.,http://www.wikidata.org/entity/Q155,Brazil,384621
http://www.wikidata.org/entity/Q282948,Yidu,http://www.wikidata.org/entity/Q148,People's Republic of China,384598
http://www.wikidata.org/entity/Q59018,  Kakinada ,http://www.wikidata.org/entity/Q668,India,384182
http://www.wikidata.org/entity/Q328846,NUEVO LAREDO,http://www.wikidata.org/entity/Q96,Mexico,384033
http://www.wikidata.org/entity/Q328846,nuevo laredo,http://www.wikidata.org/entity/Q96,Mexico,384033
http://www.wikidata.org/entity/Q34404,New Orleans,http://www.wikidata.org/entity/Q30,United States,383997
http://www.wikidata.org/entity/Q34404,New Orleans,http://www.wikidata.org/entity/Q30,United States,383997
http://www.wikidata.org/entity/Q34404,New Orleans,http://www.wikidata.org/entity/Q30,United States,383997
http://www.wikidata.org/entity/Q841222,  Cariacica ,http://www.wikidata.org/entity/Q155,Brazil,383917
http://www.wikidata.org/entity/Q737644,Betim,http://www.wikidata.org/entity/Q155,Brazil,383570
http://www.wikidata.org/entity/Q10690,Cardiff,http://www.wikidata.org/entity/Q145,United Kingdom,383536
http://www.wikidata.org/entity/Q10690,Cardiff,http://www.wikidata.org/entity/Q145,United Kingdom,383536
http://www.wikidata.org/entity/Q10690,Cardiff.,http://www.wikidata.org/entity/Q145,United Kingdom,383536
http://www.wikidata.org/entity/Q726993,Cotabato City,http://www.wikidata.org/entity/Q928,Philippines,383383
http://www.wikidata.org/entity/Q79990,  Christchurch ,http://www.wikidata.org/entity/Q664,New Zealand,383200
http://www.wikidata.org/entity/Q79990,CHRISTCHURCH,http://www.wikidata.org/entity/Q664,New Zealand,383200
http://www.wikidata.org/entity/Q600405,gusau,http://www.wikidata.org/entity/Q1033,Nigeria,
http://www.wikidata.org/entity/Q841222,Cariacica,http://www.wikidata.org/entity/Q155,Brazil,381802
http://www.wikidata.org/entity/Q3114,Canberra,http://www.wikidata.org/entity/Q408,Australia,381488
http://www.wikidata.org/entity/Q3114,Canberra,http://www.wikidata.org/entity/Q408,Australia,381488 
http://www.wikidata.org/entity/Q3114,  Canberra ,http://www.wikidata.org/entity/Q408,Australia,381488
http://www.wikidata.org/entity/Q3114,Canberra,http://www.wikidata.org/entity/Q408,Australia,381488
http://www.wikidata.org/entity/Q3114,Canberra,http://www.wikidata.org/entity/Q408,Australia,381488
http://www.wikidata.org/entity/Q841222,Cariacica,http://www.wikidata.org/entity/Q155,Brazil,381285
http://www.wikidata.org/entity/Q147089,Manisa.,http://www.wikidata.org/entity/Q43,Turkey,380368
http://www.wikidata.org/entity/Q147089,Manisa,http://www.wikidata.org/entity/Q43,Turkey,380368
http://www.wikidata.org/entity/Q147089,  Manisa ,http://www.wikidata.org/entity/Q43,Turkey,380368
http://www.wikidata.org/entity/Q638260,NEIVA,http://www.wikidata.org/entity/Q739,Colombia,380019
http://www.wikidata.org/entity/Q638260,neiva,http://www.wikidata.org/entity/Q739,Colombia,380019
http://www.wikidata.org/entity/Q27430,Jubail,http://www.wikidata.org/entity/Q851,Saudi Arabia,378949
http://www.wikidata.org/entity/Q841222,Cariacica,http://www.wikidata.org/entity/Q155,Brazil,378915
http://www.wikidata.org/entity/Q841222,Cariacica,http://www.wikidata.org/entity/Q155,Brazil,378603
http://www.wikidata.org/entity/Q468782,  Huancayo ,http://www.wikidata.org/entity/Q419,Peru,378203
http://www.wikidata.org/entity/Q468782,Huancayo,http://www.wikidata.org/entity/Q419, Peru ,378203
http://www.wikidata.org/entity/Q270810,Ichinomiya,http://www.wikidata.org/entity/Q17,Japan,378108
http://www.wikidata.org/entity/Q270810,Ichinomiya,http://www.wikidata.org/entity/Q17,Japan,378108
http://www.wikidata.org/entity/Q270810,Ichinomiya.,http://www.wikidata.org/entity/Q17,Japan,378108
http://www.wikidata.org/entity/Q737644,Betim,http://www.wikidata.org/entity/Q155,Brazil,378089
http://www.wikidata.org/entity/Q622830,  Caruaru ,http://www.wikidata.org/entity/Q155,Brazil,378048
http://www.wikidata.org/entity/Q80561,ANTAKYA,http://www.wikidata.org/entity/Q43,Turkey,377793
http://www.wikidata.org/entity/Q193289,iquitos,http://www.wikidata.org/entity/Q419,Peru,377609
http://www.wikidata.org/entity/Q193289,Iquitos,http://www.wikidata.org/entity/Q419,Peru,377609
http://www.wikidata.org/entity/Q328030,Kut,http://www.wikidata.org/entity/Q796,Iraq,377600
http://www.wikidata.org/entity/Q328030,Kut,http://www.wikidata.org/entity/Q796,Iraq,377600
http://www.wikidata.org/entity/Q55740,  San Fernando ,http://www.wikidata.org/entity/Q928,Philippines,377534
http://www.wikidata.org/entity/Q1801463,Panihati,http://www.wikidata.org/entity/Q668,India,377347
http://www.wikidata.org/entity/Q1023910,Lianzhou,http://www.wikidata.org/entity/Q148,People's Republic of China,377220
http://www.wikidata.org/entity/Q1001440,Pétion-Ville,http://www.wikidata.org/entity/Q790,Haiti,376834
http://www.wikidata.org/entity/Q1001440,Pétion-Ville.,http://www.wikidata.org/entity/Q790,Haiti,376834
http://www.wikidata.org/entity/Q335708,6th of October City,http://www.wikidata.org/entity/Q79,Egypt,
http://www.wikidata.org/entity/Q335708,  6th of October City ,http://www.wikidata.org/entity/Q79,Egypt,376302
http://www.wikidata.org/entity/Q841222,CARIACICA,http://www.wikidata.org/entity/Q155,Brazil,376200
http://www.wikidata.org/entity/Q129649,i̇zmit,http://www.wikidata.org/entity/Q43,Turkey,376056
http://www.wikidata.org/entity/Q841222,Cariacica,http://www.wikidata.org/entity/Q155,Brazil,375974
http://www.wikidata.org/entity/Q242906,Ponta Grossa,http://www.wikidata.org/entity/Q155,Brazil,375632
http://www.wikidata.org/entity/Q3792,Lomé,http://www.wikidata.org/entity/Q945,Togo,375499
http://www.wikidata.org/entity/Q3792,  Lomé ,http://www.wikidata.org/entity/Q945,Togo,375499
http://www.wikidata.org/entity/Q3792,Lomé,http://www.wikidata.org/entity/Q945,Togo,375499
http://www.wikidata.org/entity/Q3792,Lomé,http://www.wikidata.org/entity/Q945,Togo,375499
http://www.wikidata.org/entity/Q841222,Cariacica,http://www.wikidata.org/entity/Q155,Brazil,375485
http://www.wikidata.org/entity/Q47282,Osh.,http://www.wikidata.org/entity/Q813,Kyrgyzstan,375400
http://www.wikidata.org/entity/Q47282,Osh,http://www.wikidata.org/entity/Q813,Kyrgyzstan,375400
http://www.wikidata.org/entity/Q47282,  Osh ,http://www.wikidata.org/entity/Q813,Kyrgyzstan,375400
http://www.wikidata.org/entity/Q330202,ITAQUAQUECETUBA,http://www.wikidata.org/entity/Q155,Brazil,375011
http://www.wikidata.org/entity/Q319476,cumaná,http://www.wikidata.org/entity/Q717,Venezuela,374706
http://www.wikidata.org/entity/Q319476,Cumaná,http://www.wikidata.org/entity/Q717,Venezuela,374706
http://www.wikidata.org/entity/Q1453180,Rohtak,http://www.wikidata.org/entity/Q668,India,374292 
http://www.wikidata.org/entity/Q1453180,Rohtak,http://www.wikidata.org/entity/Q668,India,374292
http://www.wikidata.org/entity/Q502212,  Khorramabad ,http://www.wikidata.org/entity/Q794,Iran,373416
http://www.wikidata.org/entity/Q176891,Carapicuíba,http://www.wikidata.org/entity/Q155,Brazil,373358
http://www.wikidata.org/entity/Q2801,Bryansk,http://www.wikidata.org/entity/Q159,Russia,373310
http://www.wikidata.org/entity/Q336438,Takasaki,http://www.wikidata.org/entity/Q17,Japan,372639
http://www.wikidata.org/entity/Q336438,Takasaki.,http://www.wikidata.org/entity/Q17,Japan,372639
http://www.wikidata.org/entity/Q37320,Cleveland,http://www.wikidata.org/entity/Q30, United States ,372624
http://www.wikidata.org/entity/Q37320,  Cleveland ,http://www.wikidata.org/entity/Q30,United States,372624
http://www.wikidata.org/entity/Q37320,CLEVELAND,http://www.wikidata.org/entity/Q30,United States,372624
http://www.wikidata.org/entity/Q242906,ponta grossa,http://www.wikidata.org/entity/Q155,Brazil,372562
http://www.wikidata.org/entity/Q18970,Ambon,http://www.wikidata.org/entity/Q252,Indonesia,372249
http://www.wikidata.org/entity/Q336431,Toyohashi,http://www.wikidata.org/entity/Q17,Japan,371507
http://www.wikidata.org/entity/Q336431,Toyohashi,http://www.wikidata.org/entity/Q17,Japan,371507
http://www.wikidata.org/entity/Q176891,  Carapicuíba ,http://www.wikidata.org/entity/Q155,Brazil,371502
http://www.wikidata.org/entity/Q217040,Tamale,http://www.wikidata.org/entity/Q117,Ghana,371351
http://www.wikidata.org/entity/Q217040,Tamale,http://www.wikidata.org/entity/Q117,Ghana,
http://www.wikidata.org/entity/Q147089,Manisa,http://www.wikidata.org/entity/Q43,Turkey,370879
http://www.wikidata.org/entity/Q147089,Manisa.,http://www.wikidata.org/entity/Q43,Turkey,"370,879"
http://www.wikidata.org/entity/Q147089,Manisa,http://www.wikidata.org/entity/Q43,Turkey,370879
http://www.wikidata.org/entity/Q22062839,  Vitória da Conquista ,http://www.wikidata.org/entity/Q155,Brazil,370879
http://www.wikidata.org/entity/Q651906,MONTES CLAROS,http://www.wikidata.org/entity/Q155,Brazil,370216
http://www.wikidata.org/entity/Q227509,az zubayr,http://www.wikidata.org/entity/Q796,Iraq,370000
http://www.wikidata.org/entity/Q157144,Vinnytsia,http://www.wikidata.org/entity/Q212,Ukraine,369739
http://www.wikidata.org/entity/Q157144,Vinnytsia,http://www.wikidata.org/entity/Q212,Ukraine,369739
http://www.wikidata.org/entity/Q176891,Carapicuíba,http://www.wikidata.org/entity/Q155,Brazil,369584
http://www.wikidata.org/entity/Q250220,  Bharatpur ,http://www.wikidata.org/entity/Q837,Nepal,369377
http://www.wikidata.org/entity/Q622830,Caruaru,http://www.wikidata.org/entity/Q155,Brazil,369343
http://www.wikidata.org/entity/Q83065,Leicester,http://www.wikidata.org/entity/Q145,United Kingdom,368600
http://www.wikidata.org/entity/Q83065,Leicester,http://www.wikidata.org/entity/Q145,United Kingdom,368600
http://www.wikidata.org/entity/Q1822,Q1822.,http://www.wikidata.org/entity/Q928,Philippines,368426
http://www.wikidata.org/entity/Q285488,Iligan,http://www.wikidata.org/entity/Q928,Philippines,368132
http://www.wikidata.org/entity/Q183405,  Safi ,http://www.wikidata.org/entity/Q1028,Morocco,367249
http://www.wikidata.org/entity/Q183405,SAFI,http://www.wikidata.org/entity/Q1028,Morocco,367249
http://www.wikidata.org/entity/Q128849,nagano,http://www.wikidata.org/entity/Q17,Japan,367184
http://www.wikidata.org/entity/Q128849,Nagano,http://www.wikidata.org/entity/Q17,Japan,367184
http://www.wikidata.org/entity/Q128849,Nagano,http://www.wikidata.org/entity/Q17,Japan,367184
http://www.wikidata.org/entity/Q194328,Uberlândia,http://www.wikidata.org/entity/Q155,Brazil,367061
http://www.wikidata.org/entity/Q241645,  Bauru ,http://www.wikidata.org/entity/Q155,Brazil,366992
http://www.wikidata.org/entity/Q109386,Nampo,http://www.wikidata.org/entity/Q423,North Korea,366815
http://www.wikidata.org/entity/Q109386,Nampo,http://www.wikidata.org/entity/Q423,North Korea,366815
http://www.wikidata.org/entity/Q2103,Bochum,http://www.wikidata.org/entity/Q183,Germany,366385
http://www.wikidata.org/entity/Q2103,Bochum.,http://www.wikidata.org/entity/Q183,Germany,366385
http://www.wikidata.org/entity/Q2103,Bochum,http://www.wikidata.org/entity/Q183,Germany,366385
http://www.wikidata.org/entity/Q2103,  Bochum ,http://www.wikidata.org/entity/Q183,Germany,366385
http://www.wikidata.org/entity/Q2103,BOCHUM,http://www.wikidata.org/entity/Q183,Germany,366385
http://www.wikidata.org/entity/Q11959,alicante,http://www.wikidata.org/entity/Q29,Spain,366221
http://www.wikidata.org/entity/Q11959,Alicante,http://www.wikidata.org/entity/Q29, Spain ,366221 
http://www.wikidata.org/entity/Q651906,Montes Claros,http://www.wikidata.org/entity/Q155,Brazil,366134
http://www.wikidata.org/entity/Q753642,Avellaneda,http://www.wikidata.org/entity/Q414,Argentina,
http://www.wikidata.org/entity/Q753642,  Avellaneda ,http://www.wikidata.org/entity/Q414,Argentina,366117
http://www.wikidata.org/entity/Q841222,Cariacica,http://www.wikidata.org/entity/Q155,Brazil,365859
http://www.wikidata.org/entity/Q860452,Bilaspur,http://www.wikidata.org/entity/Q668,India,365579
http://www.wikidata.org/entity/Q860452,Bilaspur,http://www.wikidata.org/entity/Q668,India,365579
http://www.wikidata.org/entity/Q504587,Franca.,http://www.wikidata.org/entity/Q155,Brazil,365494
http://www.wikidata.org/entity/Q622830,Caruaru,http://www.wikidata.org/entity/Q155,Brazil,365278
http://www.wikidata.org/entity/Q107401,  Sivas ,http://www.wikidata.org/entity/Q43,Turkey,365274
http://www.wikidata.org/entity/Q107401,SIVAS,http://www.wikidata.org/entity/Q43,Turkey,365274
http://www.wikidata.org/entity/Q25096,cabuyao,http://www.wikidata.org/entity/Q928,Philippines,365202
http://www.wikidata.org/entity/Q171612,Rio Branco,http://www.wikidata.org/entity/Q155,Brazil,364756
http://www.wikidata.org/entity/Q1889017,Mandaue,http://www.wikidata.org/entity/Q928,Philippines,364482
http://www.wikidata.org/entity/Q147089,Manisa,http://www.wikidata.org/entity/Q43,Turkey,364332
http://www.wikidata.org/entity/Q147089,  Manisa ,http://www.wikidata.org/entity/Q43,Turkey,364332
http://www.wikidata.org/entity/Q147089,Manisa,http://www.wikidata.org/entity/Q43,Turkey,364332
http://www.wikidata.org/entity/Q504587,Franca,http://www.wikidata.org/entity/Q155,Brazil,364331
http://www.wikidata.org/entity/Q171810,Alanya,http://www.wikidata.org/entity/Q43,Turkey,364180
http://www.wikidata.org/entity/Q181376,Hrodna.,http://www.wikidata.org/entity/Q184,Belarus,363718
http://www.wikidata.org/entity/Q651906,Montes Claros,http://www.wikidata.org/entity/Q155,Brazil,363227
http://www.wikidata.org/entity/Q109374,  Wonsan ,http://www.wikidata.org/entity/Q423,North Korea,363127
http://www.wikidata.org/entity/Q109374,WONSAN,http://www.wikidata.org/entity/Q423,North Korea,363127
http://www.wikidata.org/entity/Q109374,wonsan,http://www.wikidata.org/entity/Q423,North Korea,363127
http://www.wikidata.org/entity/Q6225,Coventry,http://www.wikidata.org/entity/Q145,United Kingdom,362690
http://www.wikidata.org/entity/Q6225,Coventry,http://www.wikidata.org/entity/Q145,United Kingdom,362690
http://www.wikidata.org/entity/Q841222,Cariacica,http://www.wikidata.org/entity/Q155,Brazil,362277
http://www.wikidata.org/entity/Q651906,  Montes Claros ,http://www.wikidata.org/entity/Q155,Brazil,361915
http://www.wikidata.org/entity/Q54886,Cuenca,http://www.wikidata.org/entity/Q736,Ecuador,361524
http://www.wikidata.org/entity/Q155557,Blumenau,http://www.wikidata.org/entity/Q155,Brazil,361261
http://www.wikidata.org/entity/Q622830,Caruaru,http://www.wikidata.org/entity/Q155,Brazil,361118
http://www.wikidata.org/entity/Q2044,Florence.,http://www.wikidata.org/entity/Q38,Italy,360930
http://www.wikidata.org/entity/Q2044,Florence,http://www.wikidata.org/entity/Q38,Italy,360930
http://www.wikidata.org/entity/Q659450,  Santarém ,http://www.wikidata.org/entity/Q155,Brazil,360871
http://www.wikidata.org/entity/Q2907,SUCRE,http://www.wikidata.org/entity/Q750,Bolivia,360544
http://www.wikidata.org/entity/Q8042,bengkulu,http://www.wikidata.org/entity/Q252,Indonesia,
http://www.wikidata.org/entity/Q249996,Keelung,http://www.wikidata.org/entity/Q865,Taiwan,360429
http://www.wikidata.org/entity/Q249996,Keelung,http://www.wikidata.org/entity/Q865,Taiwan,360429
http://www.wikidata.org/entity/Q249996,Keelung,http://www.wikidata.org/entity/Q865,Taiwan,360429
http://www.wikidata.org/entity/Q110017,  Caxias do Sul ,http://www.wikidata.org/entity/Q155,Brazil,360419
http://www.wikidata.org/entity/Q1001440,Pétion-Ville,http://www.wikidata.org/entity/Q790, Haiti ,359615
http://www.wikidata.org/entity/Q1001440,Pétion-Ville,http://www.wikidata.org/entity/Q790,Haiti,359615
http://www.wikidata.org/entity/Q803,Utrecht,http://www.wikidata.org/entity/Q55,Netherlands,359370
http://www.wikidata.org/entity/Q15826,Palu.,http://www.wikidata.org/entity/Q252,Indonesia,359350
http://www.wikidata.org/entity/Q156243,Sinuiju,http://www.wikidata.org/entity/Q423,North Korea,359341
http://www.wikidata.org/entity/Q156243,  Sinuiju ,http://www.wikidata.org/entity/Q423,North Korea,359341
http://www.wikidata.org/entity/Q156243,SINUIJU,http://www.wikidata.org/entity/Q423,North Korea,359341
http://www.wikidata.org/entity/Q203301,umuahia,http://www.wikidata.org/entity/Q1033,Nigeria,359230 
http://www.wikidata.org/entity/Q2107,Wuppertal,http://www.wikidata.org/entity/Q183,Germany,358938
http://www.wikidata.org/entity/Q2107,Wuppertal,http://www.wikidata.org/entity/Q183,Germany,358938
http://www.wikidata.org/entity/Q2107,Wuppertal,http://www.wikidata.org/entity/Q183,Germany,358938
http://www.wikidata.org/entity/Q242906,  Ponta Grossa ,http://www.wikidata.org/entity/Q155,Brazil,358838
http://www.wikidata.org/entity/Q504587,Franca,http://www.wikidata.org/entity/Q155,Brazil,358539
http://www.wikidata.org/entity/Q192181,São José do Rio Preto,http://www.wikidata.org/entity/Q155,Brazil,358523
http://www.wikidata.org/entity/Q1853310,Ondo,http://www.wikidata.org/entity/Q1033,Nigeria,358430
http://www.wikidata.org/entity/Q242906,Ponta Grossa.,http://www.wikidata.org/entity/Q155,Brazil,358371
http://www.wikidata.org/entity/Q651906,Montes Claros,http://www.wikidata.org/entity/Q155,Brazil,358271
http://www.wikidata.org/entity/Q1723,  Batangas City ,http://www.wikidata.org/entity/Q928,Philippines,358267
http://www.wikidata.org/entity/Q102217,VITEBSK,http://www.wikidata.org/entity/Q184,Belarus,357899
http://www.wikidata.org/entity/Q33959,nice,http://www.wikidata.org/entity/Q142,France,357737
http://www.wikidata.org/entity/Q618643,Luena,http://www.wikidata.org/entity/Q916,Angola,357413
http://www.wikidata.org/entity/Q659450,Santarém,http://www.wikidata.org/entity/Q155,Brazil,357311
http://www.wikidata.org/entity/Q21194,Vũng Tàu,http://www.wikidata.org/entity/Q881,Vietnam,"357,124"
http://www.wikidata.org/entity/Q811144,  Bauchi ,http://www.wikidata.org/entity/Q1033,Nigeria,356923
http://www.wikidata.org/entity/Q622830,Caruaru,http://www.wikidata.org/entity/Q155,Brazil,356872
http://www.wikidata.org/entity/Q381733,Uberaba,http://www.wikidata.org/entity/Q155,Brazil,356781
http://www.wikidata.org/entity/Q147089,Manisa,http://www.wikidata.org/entity/Q43,Turkey,356702
http://www.wikidata.org/entity/Q147089,Manisa.,http://www.wikidata.org/entity/Q43,Turkey,356702
http://www.wikidata.org/entity/Q147089,Manisa,http://www.wikidata.org/entity/Q43,Turkey,
http://www.wikidata.org/entity/Q108155,  Kunduz ,http://www.wikidata.org/entity/Q889,Afghanistan,356536
http://www.wikidata.org/entity/Q852550,GONAÏVES,http://www.wikidata.org/entity/Q790,Haiti,356324
http://www.wikidata.org/entity/Q852550,gonaïves,http://www.wikidata.org/entity/Q790,Haiti,356324
http://www.wikidata.org/entity/Q622830,Caruaru,http://www.wikidata.org/entity/Q155,Brazil,356128
http://www.wikidata.org/entity/Q1000383,Ulanhot,http://www.wikidata.org/entity/Q148,People's Republic of China,356035
http://www.wikidata.org/entity/Q991006,Minatitlán,http://www.wikidata.org/entity/Q96,Mexico,356020
http://www.wikidata.org/entity/Q991006,  Minatitlán ,http://www.wikidata.org/entity/Q96,Mexico,356020
http://www.wikidata.org/entity/Q504587,Franca,http://www.wikidata.org/entity/Q155,Brazil,355901
http://www.wikidata.org/entity/Q817233,Caucaia,http://www.wikidata.org/entity/Q155,Brazil,355679
http://www.wikidata.org/entity/Q242906,Ponta  Grossa,http://www.wikidata.org/entity/Q155,Brazil,355336
http://www.wikidata.org/entity/Q311199,Al Qadarif.,http://www.wikidata.org/entity/Q1049,Sudan,354927
http://www.wikidata.org/entity/Q319740,Kawagoe,http://www.wikidata.org/entity/Q17, Japan ,354598
http://www.wikidata.org/entity/Q319740,  Kawagoe ,http://www.wikidata.org/entity/Q17,Japan,354598
http://www.wikidata.org/entity/Q381733,UBERABA,http://www.wikidata.org/entity/Q155,Brazil,354142
http://www.wikidata.org/entity/Q777171,lhoka,http://www.wikidata.org/entity/Q148,People's Republic of China,354035
http://www.wikidata.org/entity/Q52028,Chiang Mai,http://www.wikidata.org/entity/Q869,Thailand,354000
http://www.wikidata.org/entity/Q52028,Chiang Mai,http://www.wikidata.org/entity/Q869,Thailand,354000
http://www.wikidata.org/entity/Q6640,Pokhara,http://www.wikidata.org/entity/Q837,Nepal,353841
http://www.wikidata.org/entity/Q841222,  Cariacica ,http://www.wikidata.org/entity/Q155,Brazil,353491
http://www.wikidata.org/entity/Q200747,Wakayama,http://www.wikidata.org/entity/Q17,Japan,353299
http://www.wikidata.org/entity/Q200747,Wakayama,http://www.wikidata.org/entity/Q17,Japan,353299
http://www.wikidata.org/entity/Q200747,Wakayama,http://www.wikidata.org/entity/Q17,Japan,353299
http://www.wikidata.org/entity/Q504587,Franca.,http://www.wikidata.org/entity/Q155,Brazil,353187
http://www.wikidata.org/entity/Q154835,Mogilev,http://www.wikidata.org/entity/Q184,Belarus,352891
http://www.wikidata.org/entity/Q42080,  Gimpo ,http://www.wikidata.org/entity/Q884,South Korea,352683
http://www.wikidata.org/entity/Q42080,GIMPO,http://www.wikidata.org/entity/Q884,South Korea,352683 
http://www.wikidata.org/entity/Q504587,franca,http://www.wikidata.org/entity/Q155,Brazil,352536
http://www.wikidata.org/entity/Q841222,Cariacica,http://www.wikidata.org/entity/Q155,Brazil,352431
http://www.wikidata.org/entity/Q169134,Nara,http://www.wikidata.org/entity/Q17,Japan,352377
http://www.wikidata.org/entity/Q169134,Nara,http://www.wikidata.org/entity/Q17,Japan,352377
http://www.wikidata.org/entity/Q169134,  Nara ,http://www.wikidata.org/entity/Q17,Japan,352377
http://www.wikidata.org/entity/Q33682,Nam Định,http://www.wikidata.org/entity/Q881,Vietnam,352108
http://www.wikidata.org/entity/Q156243,Sinuiju,http://www.wikidata.org/entity/Q423,North Korea,
http://www.wikidata.org/entity/Q156243,Sinuiju,http://www.wikidata.org/entity/Q423,North Korea,352000
http://www.wikidata.org/entity/Q156243,Sinuiju.,http://www.wikidata.org/entity/Q423,North Korea,352000
http://www.wikidata.org/entity/Q242906,Ponta Grossa,http://www.wikidata.org/entity/Q155,Brazil,351736
http://www.wikidata.org/entity/Q723588,  Cabimas ,http://www.wikidata.org/entity/Q717,Venezuela,351735
http://www.wikidata.org/entity/Q723588,CABIMAS,http://www.wikidata.org/entity/Q717,Venezuela,351735
http://www.wikidata.org/entity/Q622830,caruaru,http://www.wikidata.org/entity/Q155,Brazil,351686
http://www.wikidata.org/entity/Q18094,Honolulu,http://www.wikidata.org/entity/Q30,United States,350964
http://www.wikidata.org/entity/Q18094,Honolulu,http://www.wikidata.org/entity/Q30,United States,350964
http://www.wikidata.org/entity/Q99648,Ibb,http://www.wikidata.org/entity/Q805,Yemen,350864
http://www.wikidata.org/entity/Q99648,  Ibb ,http://www.wikidata.org/entity/Q805,Yemen,350864
http://www.wikidata.org/entity/Q223517,Ahilyanagar,http://www.wikidata.org/entity/Q668,India,350859
http://www.wikidata.org/entity/Q188155,Gorgan,http://www.wikidata.org/entity/Q794,Iran,350676
http://www.wikidata.org/entity/Q841222,Cariacica,http://www.wikidata.org/entity/Q155,Brazil,350615
http://www.wikidata.org/entity/Q504587,Franca.,http://www.wikidata.org/entity/Q155,Brazil,350400
http://www.wikidata.org/entity/Q948448,Burao,http://www.wikidata.org/entity/Q1045,Somalia,350211
http://www.wikidata.org/entity/Q948448,  Burao ,http://www.wikidata.org/entity/Q34754,Somaliland,350211
http://www.wikidata.org/entity/Q61944,SEMEY,http://www.wikidata.org/entity/Q232,Kazakhstan,350201
http://www.wikidata.org/entity/Q61944,semey,http://www.wikidata.org/entity/Q232,Kazakhstan,350201
http://www.wikidata.org/entity/Q244154,Holguin,http://www.wikidata.org/entity/Q241, Cuba ,350191
http://www.wikidata.org/entity/Q244154,Holguin,http://www.wikidata.org/entity/Q241,Cuba,350191
http://www.wikidata.org/entity/Q192235,Ciudad del Este,http://www.wikidata.org/entity/Q733,Paraguay,350000
http://www.wikidata.org/entity/Q160450,  Samsun ,http://www.wikidata.org/entity/Q43,Turkey,350000
http://www.wikidata.org/entity/Q160450,Samsun,http://www.wikidata.org/entity/Q43,Turkey,350000
http://www.wikidata.org/entity/Q192235,Ciudad del Este,http://www.wikidata.org/entity/Q733,Paraguay,350000
http://www.wikidata.org/entity/Q192235,Ciudad  del  Este,http://www.wikidata.org/entity/Q733,Paraguay,350000
http://www.wikidata.org/entity/Q160450,Samsun.,http://www.wikidata.org/entity/Q43,Turkey,350000
http://www.wikidata.org/entity/Q28301,Olinda,http://www.wikidata.org/entity/Q155,Brazil,349976
http://www.wikidata.org/entity/Q851292,  Praia Grande ,http://www.wikidata.org/entity/Q155,Brazil,349935
http://www.wikidata.org/entity/Q478818,SÃO JOSÉ DOS PINHAIS,http://www.wikidata.org/entity/Q155,Brazil,349880
http://www.wikidata.org/entity/Q318306,quelimane,http://www.wikidata.org/entity/Q1029,Mozambique,349842
http://www.wikidata.org/entity/Q75933,Q75933,http://www.wikidata.org/entity/Q928,Philippines,348968
http://www.wikidata.org/entity/Q528432,Bamenda,http://www.wikidata.org/entity/Q1009,Cameroon,348766
http://www.wikidata.org/entity/Q528432,Bamenda,http://www.wikidata.org/entity/Q1009,Cameroon,
http://www.wikidata.org/entity/Q841222,  Cariacica ,http://www.wikidata.org/entity/Q155,Brazil,348738
http://www.wikidata.org/entity/Q22062839,Vitória da Conquista,http://www.wikidata.org/entity/Q155,Brazil,348718
http://www.wikidata.org/entity/Q689868,Campos dos Goytacazes,http://www.wikidata.org/entity/Q155,Brazil,348542
http://www.wikidata.org/entity/Q3612,Antofagasta,http://www.wikidata.org/entity/Q298,Chile,348517
http://www.wikidata.org/entity/Q3612,Antofagasta.,http://www.wikidata.org/entity/Q298,Chile,348517
http://www.wikidata.org/entity/Q205681,Cascavel,http://www.wikidata.org/entity/Q155,Brazil,348051
http://www.wikidata.org/entity/Q242906,  Ponta Grossa ,http://www.wikidata.org/entity/Q155,Brazil,348043 
http://www.wikidata.org/entity/Q194325,CANOAS,http://www.wikidata.org/entity/Q155,Brazil,347657
http://www.wikidata.org/entity/Q335423,takatsuki,http://www.wikidata.org/entity/Q17,Japan,347496
http://www.wikidata.org/entity/Q335423,Takatsuki,http://www.wikidata.org/entity/Q17,Japan,347496
http://www.wikidata.org/entity/Q282948,Yidu,http://www.wikidata.org/entity/Q148,People's Republic of China,347388
http://www.wikidata.org/entity/Q504587,Franca,http://www.wikidata.org/entity/Q155,Brazil,347237
http://www.wikidata.org/entity/Q156819,  Joinville ,http://www.wikidata.org/entity/Q155,Brazil,347151
http://www.wikidata.org/entity/Q140147,Brest,http://www.wikidata.org/entity/Q184,Belarus,347138
http://www.wikidata.org/entity/Q140147,Brest,http://www.wikidata.org/entity/Q184,Belarus,347138
http://www.wikidata.org/entity/Q622830,Caruaru,http://www.wikidata.org/entity/Q155,Brazil,347088
http://www.wikidata.org/entity/Q49247,Anaheim.,http://www.wikidata.org/entity/Q30,United States,346824
http://www.wikidata.org/entity/Q49247,Anaheim,http://www.wikidata.org/entity/Q30,United States,346824
http://www.wikidata.org/entity/Q49247,  Anaheim ,http://www.wikidata.org/entity/Q30,United States,"346,824"
http://www.wikidata.org/entity/Q134287,TARSUS,http://www.wikidata.org/entity/Q43,Turkey,346715
http://www.wikidata.org/entity/Q134287,tarsus,http://www.wikidata.org/entity/Q43,Turkey,346715
http://www.wikidata.org/entity/Q22062839,Vitória Da Conquista,http://www.wikidata.org/entity/Q155,Brazil,346069
http://www.wikidata.org/entity/Q513537,Tanchon,http://www.wikidata.org/entity/Q423,North Korea,345875
http://www.wikidata.org/entity/Q513537,Tanchon,http://www.wikidata.org/entity/Q423,North Korea,345875
http://www.wikidata.org/entity/Q478818,  São José dos Pinhais ,http://www.wikidata.org/entity/Q155,Brazil,345644
http://www.wikidata.org/entity/Q109188,Pelotas,http://www.wikidata.org/entity/Q155, Brazil ,345181
http://www.wikidata.org/entity/Q10686,Belfast,http://www.wikidata.org/entity/Q145,United Kingdom,345006
http://www.wikidata.org/entity/Q10686,Belfast,http://www.wikidata.org/entity/Q145,United Kingdom,345006
http://www.wikidata.org/entity/Q10686,Belfast.,http://www.wikidata.org/entity/Q145,United Kingdom,345006
http://www.wikidata.org/entity/Q753642,Avellaneda,http://www.wikidata.org/entity/Q414,Argentina,344991
http://www.wikidata.org/entity/Q753642,  Avellaneda ,http://www.wikidata.org/entity/Q414,Argentina,344991
http://www.wikidata.org/entity/Q30651,KADAPA,http://www.wikidata.org/entity/Q668,India,344893
http://www.wikidata.org/entity/Q504587,franca,http://www.wikidata.org/entity/Q155,Brazil,
http://www.wikidata.org/entity/Q176891,Carapicuíba,http://www.wikidata.org/entity/Q155,Brazil,344596
http://www.wikidata.org/entity/Q109188,Pelotas,http://www.wikidata.org/entity/Q155,Brazil,344385
http://www.wikidata.org/entity/Q242906,Ponta Grossa,http://www.wikidata.org/entity/Q155,Brazil,344332
http://www.wikidata.org/entity/Q109188,  Pelotas ,http://www.wikidata.org/entity/Q155,Brazil,343826
http://www.wikidata.org/entity/Q55595,Cabanatuan,http://www.wikidata.org/entity/Q928,Philippines,343672
http://www.wikidata.org/entity/Q109188,Pelotas,http://www.wikidata.org/entity/Q155,Brazil,343651
http://www.wikidata.org/entity/Q22062839,Vitória  da  Conquista,http://www.wikidata.org/entity/Q155,Brazil,343643
http://www.wikidata.org/entity/Q3909,Maseru.,http://www.wikidata.org/entity/Q1013,Lesotho,343541
http://www.wikidata.org/entity/Q3909,Maseru,http://www.wikidata.org/entity/Q1013,Lesotho,343541
http://www.wikidata.org/entity/Q3909,  Maseru ,http://www.wikidata.org/entity/Q1013,Lesotho,343541
http://www.wikidata.org/entity/Q22062839,VITÓRIA DA CONQUISTA,http://www.wikidata.org/entity/Q155,Brazil,343230
http://www.wikidata.org/entity/Q109188,pelotas,http://www.wikidata.org/entity/Q155,Brazil,343167
http://www.wikidata.org/entity/Q157134,Makiivka,http://www.wikidata.org/entity/Q212,Ukraine,343158
http://www.wikidata.org/entity/Q109188,Pelotas,http://www.wikidata.org/entity/Q155,Brazil,343132
http://www.wikidata.org/entity/Q109188,Pelotas,http://www.wikidata.org/entity/Q155,Brazil,342873
http://www.wikidata.org/entity/Q753642,  Avellaneda ,http://www.wikidata.org/entity/Q414,Argentina,342677
http://www.wikidata.org/entity/Q753642,Avellaneda,http://www.wikidata.org/entity/Q414,Argentina,342677
http://www.wikidata.org/entity/Q202907,Otsu,http://www.wikidata.org/entity/Q17,Japan,342607
http://www.wikidata.org/entity/Q202907,Otsu,http://www.wikidata.org/entity/Q17,Japan,342607
http://www.wikidata.org/entity/Q202907,Otsu.,http://www.wikidata.org/entity/Q17,Japan,342607
http://www.wikidata.org/entity/Q202907,Otsu,http://www.wikidata.org/entity/Q17,Japan,342607 
http://www.wikidata.org/entity/Q109188,  Pelotas ,http://www.wikidata.org/entity/Q155,Brazil,342405
http://www.wikidata.org/entity/Q134287,TARSUS,http://www.wikidata.org/entity/Q43,Turkey,342373
http://www.wikidata.org/entity/Q134287,tarsus,http://www.wikidata.org/entity/Q43,Turkey,342373
http://www.wikidata.org/entity/Q622830,Caruaru,http://www.wikidata.org/entity/Q155,Brazil,342328
http://www.wikidata.org/entity/Q1775128,Gómez Palacio,http://www.wikidata.org/entity/Q96,Mexico,342286
http://www.wikidata.org/entity/Q41211,San Juan,http://www.wikidata.org/entity/Q30,United States,342259
http://www.wikidata.org/entity/Q949833,  Paulista ,http://www.wikidata.org/entity/Q155,Brazil,342167
http://www.wikidata.org/entity/Q504587,Franca,http://www.wikidata.org/entity/Q155,Brazil,342112
http://www.wikidata.org/entity/Q109188,Pelotas,http://www.wikidata.org/entity/Q155,Brazil,342053
http://www.wikidata.org/entity/Q497952,Koshigaya,http://www.wikidata.org/entity/Q17,Japan,341784
http://www.wikidata.org/entity/Q497952,Koshigaya.,http://www.wikidata.org/entity/Q17,Japan,341784
http://www.wikidata.org/entity/Q109188,Pelotas,http://www.wikidata.org/entity/Q155, Brazil ,
http://www.wikidata.org/entity/Q22062839,  Vitória da Conquista ,http://www.wikidata.org/entity/Q155,Brazil,341597
http://www.wikidata.org/entity/Q2684,VLADIMIR,http://www.wikidata.org/entity/Q159,Russia,341579
http://www.wikidata.org/entity/Q42140,jeonju,http://www.wikidata.org/entity/Q884,South Korea,341545
http://www.wikidata.org/entity/Q42144,Jinju,http://www.wikidata.org/entity/Q884,South Korea,341545
http://www.wikidata.org/entity/Q42140,Jeonju,http://www.wikidata.org/entity/Q884,South Korea,341545
http://www.wikidata.org/entity/Q42140,Jeonju,http://www.wikidata.org/entity/Q884,South Korea,341545
http://www.wikidata.org/entity/Q42140,  Jeonju ,http://www.wikidata.org/entity/Q884,South Korea,341545
http://www.wikidata.org/entity/Q42144,Jinju,http://www.wikidata.org/entity/Q884,South Korea,341545
http://www.wikidata.org/entity/Q2722762,Alwar,http://www.wikidata.org/entity/Q668,India,341422
http://www.wikidata.org/entity/Q1788128,Owo,http://www.wikidata.org/entity/Q1033,Nigeria,341400
http://www.wikidata.org/entity/Q165857,Tokorozawa.,http://www.wikidata.org/entity/Q17,Japan,341289
http://www.wikidata.org/entity/Q10395,Cirebon,http://www.wikidata.org/entity/Q252,Indonesia,341235
http://www.wikidata.org/entity/Q179833,  Sumgait ,http://www.wikidata.org/entity/Q227,Azerbaijan,341200
http://www.wikidata.org/entity/Q109188,PELOTAS,http://www.wikidata.org/entity/Q155,Brazil,341180
http://www.wikidata.org/entity/Q242906,ponta grossa,http://www.wikidata.org/entity/Q155,Brazil,341130
http://www.wikidata.org/entity/Q22062839,Vitória Da Conquista,http://www.wikidata.org/entity/Q155,Brazil,341128
http://www.wikidata.org/entity/Q381733,Uberaba,http://www.wikidata.org/entity/Q155,Brazil,340277
http://www.wikidata.org/entity/Q3768,Yamoussoukro,http://www.wikidata.org/entity/Q1008,Ivory Coast,340234
http://www.wikidata.org/entity/Q22062839,  Vitória da Conquista ,http://www.wikidata.org/entity/Q155,Brazil,340199
http://www.wikidata.org/entity/Q210886,Villahermosa,http://www.wikidata.org/entity/Q96,Mexico,340060
http://www.wikidata.org/entity/Q160450,Samsun,http://www.wikidata.org/entity/Q43,Turkey,340000
http://www.wikidata.org/entity/Q12188944,Shorouk  city,http://www.wikidata.org/entity/Q79,Egypt,340000
http://www.wikidata.org/entity/Q160450,Samsun.,http://www.wikidata.org/entity/Q43,Turkey,340000
http://www.wikidata.org/entity/Q12188944,Shorouk city,http://www.wikidata.org/entity/Q79,Egypt,340000
http://www.wikidata.org/entity/Q33469,  Buôn Ma Thuột ,http://www.wikidata.org/entity/Q881,Vietnam,340000
http://www.wikidata.org/entity/Q160450,SAMSUN,http://www.wikidata.org/entity/Q43,Turkey,340000
http://www.wikidata.org/entity/Q134287,tarsus,http://www.wikidata.org/entity/Q43,Turkey,339676
http://www.wikidata.org/entity/Q134287,Tarsus,http://www.wikidata.org/entity/Q43,Turkey,339676
http://www.wikidata.org/entity/Q504587,Franca,http://www.wikidata.org/entity/Q155,Brazil,339461
http://www.wikidata.org/entity/Q2211,Malmö,http://www.wikidata.org/entity/Q34,Sweden,339316
http://www.wikidata.org/entity/Q2211,  Malmö ,http://www.wikidata.org/entity/Q34,Sweden,339316
http://www.wikidata.org/entity/Q22062839,Vitória da Conquista,http://www.wikidata.org/entity/Q155,Brazil,338885
http://www.wikidata.org/entity/Q44016,Markham,http://www.wikidata.org/entity/Q16,Canada,
http://www.wikidata.org/entity/Q44016,Markham,http://www.wikidata.org/entity/Q16,Canada,338503
http://www.wikidata.org/entity/Q2112,Bielefeld.,http://www.wikidata.org/entity/Q183,Germany,338410 
http://www.wikidata.org/entity/Q2112,Bielefeld,http://www.wikidata.org/entity/Q183,Germany,338410
http://www.wikidata.org/entity/Q2112,  Bielefeld ,http://www.wikidata.org/entity/Q183,Germany,338410
http://www.wikidata.org/entity/Q2112,BIELEFELD,http://www.wikidata.org/entity/Q183,Germany,338410
http://www.wikidata.org/entity/Q2112,bielefeld,http://www.wikidata.org/entity/Q183,Germany,338410
http://www.wikidata.org/entity/Q242906,Ponta Grossa,http://www.wikidata.org/entity/Q155, Brazil ,337865
http://www.wikidata.org/entity/Q381733,Uberaba,http://www.wikidata.org/entity/Q155,Brazil,337836
http://www.wikidata.org/entity/Q12185424,Jubail,http://www.wikidata.org/entity/Q851,Saudi Arabia,337778
http://www.wikidata.org/entity/Q622830,  Caruaru ,http://www.wikidata.org/entity/Q155,Brazil,337416
http://www.wikidata.org/entity/Q42144,Jinju,http://www.wikidata.org/entity/Q884,South Korea,"337,230"
http://www.wikidata.org/entity/Q42144,Jinju,http://www.wikidata.org/entity/Q884,South Korea,337230
http://www.wikidata.org/entity/Q381733,Uberaba,http://www.wikidata.org/entity/Q155,Brazil,337092
http://www.wikidata.org/entity/Q2296366,Randburg.,http://www.wikidata.org/entity/Q258,South Africa,337053
http://www.wikidata.org/entity/Q22062839,Vitória da Conquista,http://www.wikidata.org/entity/Q155,Brazil,336987
http://www.wikidata.org/entity/Q16895027,  Merkezefendi district ,http://www.wikidata.org/entity/Q43,Turkey,336818
http://www.wikidata.org/entity/Q504587,FRANCA,http://www.wikidata.org/entity/Q155,Brazil,336734
http://www.wikidata.org/entity/Q109188,pelotas,http://www.wikidata.org/entity/Q155,Brazil,336150
http://www.wikidata.org/entity/Q109188,Pelotas,http://www.wikidata.org/entity/Q155,Brazil,336131
http://www.wikidata.org/entity/Q274384,Iwaki,http://www.wikidata.org/entity/Q17,Japan,336111
http://www.wikidata.org/entity/Q274384,Iwaki,http://www.wikidata.org/entity/Q17,Japan,336111
http://www.wikidata.org/entity/Q4579677,  Shah Faisal Town ,http://www.wikidata.org/entity/Q843,Pakistan,335823
http://www.wikidata.org/entity/Q586,Bonn,http://www.wikidata.org/entity/Q183,Germany,335789
http://www.wikidata.org/entity/Q586,Bonn,http://www.wikidata.org/entity/Q183,Germany,335789
http://www.wikidata.org/entity/Q586,Bonn,http://www.wikidata.org/entity/Q183,Germany,335789
http://www.wikidata.org/entity/Q586,Bonn.,http://www.wikidata.org/entity/Q183,Germany,335789
http://www.wikidata.org/entity/Q586,Bonn,http://www.wikidata.org/entity/Q183,Germany,335789
http://www.wikidata.org/entity/Q586,  Bonn ,http://www.wikidata.org/entity/Q183,Germany,335789
http://www.wikidata.org/entity/Q19566,SIMFEROPOL,http://www.wikidata.org/entity/Q159,Russia,335009
http://www.wikidata.org/entity/Q19566,simferopol,http://www.wikidata.org/entity/Q212,Ukraine,335009
http://www.wikidata.org/entity/Q19566,Simferopol,http://www.wikidata.org/entity/Q159,Russia,335009
http://www.wikidata.org/entity/Q19566,Simferopol,http://www.wikidata.org/entity/Q212,Ukraine,335009
http://www.wikidata.org/entity/Q3070,San José,http://www.wikidata.org/entity/Q800,Costa Rica,
http://www.wikidata.org/entity/Q3070,  San José ,http://www.wikidata.org/entity/Q800,Costa Rica,335007
http://www.wikidata.org/entity/Q3070,San José,http://www.wikidata.org/entity/Q800,Costa Rica,335007
http://www.wikidata.org/entity/Q49233,Orlando,http://www.wikidata.org/entity/Q30,United States,334854
http://www.wikidata.org/entity/Q49233,Orlando,http://www.wikidata.org/entity/Q30,United States,334854
http://www.wikidata.org/entity/Q1015654,Santo Domingo.,http://www.wikidata.org/entity/Q736,Ecuador,334826
http://www.wikidata.org/entity/Q37333,Lublin,http://www.wikidata.org/entity/Q36,Poland,334681
http://www.wikidata.org/entity/Q37333,  Lublin ,http://www.wikidata.org/entity/Q36,Poland,334681
http://www.wikidata.org/entity/Q37333,LUBLIN,http://www.wikidata.org/entity/Q36,Poland,334681
http://www.wikidata.org/entity/Q478818,são josé dos pinhais,http://www.wikidata.org/entity/Q155,Brazil,334620
http://www.wikidata.org/entity/Q242906,Ponta Grossa,http://www.wikidata.org/entity/Q155,Brazil,334535
http://www.wikidata.org/entity/Q381733,Uberaba,http://www.wikidata.org/entity/Q155,Brazil,333783
http://www.wikidata.org/entity/Q10395,Cirebon,http://www.wikidata.org/entity/Q252,Indonesia,333303
http://www.wikidata.org/entity/Q1453196,  Muzaffarpur ,http://www.wikidata.org/entity/Q668,India,333200
http://www.wikidata.org/entity/Q1453196,Muzaffarpur,http://www.wikidata.org/entity/Q668, India ,333200
http://www.wikidata.org/entity/Q486282,Pavlodar,http://www.wikidata.org/entity/Q232,Kazakhstan,333190
http://www.wikidata.org/entity/Q486282,Pavlodar,http://www.wikidata.org/entity/Q232,Kazakhstan,333190 
http://www.wikidata.org/entity/Q53139,Chita.,http://www.wikidata.org/entity/Q159,Russia,333159
http://www.wikidata.org/entity/Q162548,Oskemen,http://www.wikidata.org/entity/Q232,Kazakhstan,333113
http://www.wikidata.org/entity/Q162548,  Oskemen ,http://www.wikidata.org/entity/Q232,Kazakhstan,333113
http://www.wikidata.org/entity/Q184345,VIÑA DEL MAR,http://www.wikidata.org/entity/Q298,Chile,332875
http://www.wikidata.org/entity/Q184345,viña del mar,http://www.wikidata.org/entity/Q298,Chile,332875
http://www.wikidata.org/entity/Q695631,Los Teques,http://www.wikidata.org/entity/Q717,Venezuela,332725
http://www.wikidata.org/entity/Q695631,Los Teques,http://www.wikidata.org/entity/Q717,Venezuela,332725
http://www.wikidata.org/entity/Q1294439,Salalah,http://www.wikidata.org/entity/Q842,Oman,331949
http://www.wikidata.org/entity/Q659450,  Santarém ,http://www.wikidata.org/entity/Q155,Brazil,331942
http://www.wikidata.org/entity/Q201613,Maebashi,http://www.wikidata.org/entity/Q17,Japan,331849
http://www.wikidata.org/entity/Q201613,Maebashi,http://www.wikidata.org/entity/Q17,Japan,331849
http://www.wikidata.org/entity/Q201613,Maebashi,http://www.wikidata.org/entity/Q17,Japan,331849
http://www.wikidata.org/entity/Q2837,Kaluga.,http://www.wikidata.org/entity/Q159,Russia,331842
http://www.wikidata.org/entity/Q759381,Khamis Mushait,http://www.wikidata.org/entity/Q851,Saudi Arabia,331615
http://www.wikidata.org/entity/Q131290,  Ganja ,http://www.wikidata.org/entity/Q227,Azerbaijan,331400
http://www.wikidata.org/entity/Q200740,ASAHIKAWA,http://www.wikidata.org/entity/Q17,Japan,331392
http://www.wikidata.org/entity/Q200740,asahikawa,http://www.wikidata.org/entity/Q17,Japan,
http://www.wikidata.org/entity/Q242906,Ponta Grossa,http://www.wikidata.org/entity/Q155,Brazil,331084
http://www.wikidata.org/entity/Q15379,Kendari,http://www.wikidata.org/entity/Q252,Indonesia,331013
http://www.wikidata.org/entity/Q504587,Franca,http://www.wikidata.org/entity/Q155,Brazil,330938
http://www.wikidata.org/entity/Q42131,  Wonju ,http://www.wikidata.org/entity/Q884,South Korea,330854
http://www.wikidata.org/entity/Q42131,Wonju,http://www.wikidata.org/entity/Q884,South Korea,330854
http://www.wikidata.org/entity/Q152831,Duhok,http://www.wikidata.org/entity/Q796,Iraq,330600
http://www.wikidata.org/entity/Q152831,Duhok,http://www.wikidata.org/entity/Q796,Iraq,330600
http://www.wikidata.org/entity/Q3110,San Salvador.,http://www.wikidata.org/entity/Q792,El Salvador,330543
http://www.wikidata.org/entity/Q271393,Jaboatão dos Guararapes,http://www.wikidata.org/entity/Q155,Brazil,330416
http://www.wikidata.org/entity/Q381733,  Uberaba ,http://www.wikidata.org/entity/Q155,Brazil,330361
http://www.wikidata.org/entity/Q68953,KAMARHATI,http://www.wikidata.org/entity/Q668,India,330211
http://www.wikidata.org/entity/Q777171,lhoka,http://www.wikidata.org/entity/Q148,People's Republic of China,330152
http://www.wikidata.org/entity/Q486545,Taraz,http://www.wikidata.org/entity/Q232,Kazakhstan,330125
http://www.wikidata.org/entity/Q486545,Taraz,http://www.wikidata.org/entity/Q232,Kazakhstan,330125
http://www.wikidata.org/entity/Q391980,Free Territory of Trieste,http://www.wikidata.org/entity/Q38,Italy,330000
http://www.wikidata.org/entity/Q272254,  São Vicente ,http://www.wikidata.org/entity/Q155,Brazil,329911
http://www.wikidata.org/entity/Q42159,Hanam,http://www.wikidata.org/entity/Q884,South Korea,329822
http://www.wikidata.org/entity/Q42159,Hanam,http://www.wikidata.org/entity/Q884,South Korea,329822
http://www.wikidata.org/entity/Q737689,Ribeirão  das  Neves,http://www.wikidata.org/entity/Q155,Brazil,329794
http://www.wikidata.org/entity/Q478818,São José dos Pinhais.,http://www.wikidata.org/entity/Q155,Brazil,329628
http://www.wikidata.org/entity/Q328153,Damanhur,http://www.wikidata.org/entity/Q79, Egypt ,329572
http://www.wikidata.org/entity/Q328153,  Damanhur ,http://www.wikidata.org/entity/Q79,Egypt,329572
http://www.wikidata.org/entity/Q188155,GORGAN,http://www.wikidata.org/entity/Q794,Iran,329536
http://www.wikidata.org/entity/Q134287,tarsus,http://www.wikidata.org/entity/Q43,Turkey,329494
http://www.wikidata.org/entity/Q134287,Tarsus,http://www.wikidata.org/entity/Q43,Turkey,329494
http://www.wikidata.org/entity/Q459,Plovdiv,http://www.wikidata.org/entity/Q219,Bulgaria,329489
http://www.wikidata.org/entity/Q109188,Pelotas,http://www.wikidata.org/entity/Q155,Brazil,329435
http://www.wikidata.org/entity/Q681340,  Ciudad Obregón ,http://www.wikidata.org/entity/Q96,Mexico,329404
http://www.wikidata.org/entity/Q478818,São José dos Pinhais,http://www.wikidata.org/entity/Q155,Brazil,329058
http://www.wikidata.org/entity/Q753642,Avellaneda,http://www.wikidata.org/entity/Q414,Argentina,328980 
http://www.wikidata.org/entity/Q753642,Avellaneda,http://www.wikidata.org/entity/Q414,Argentina,328980
http://www.wikidata.org/entity/Q109188,Pelotas.,http://www.wikidata.org/entity/Q155,Brazil,328864
http://www.wikidata.org/entity/Q747840,Barishal,http://www.wikidata.org/entity/Q902,Bangladesh,
http://www.wikidata.org/entity/Q747840,  Barishal ,http://www.wikidata.org/entity/Q902,Bangladesh,328278
http://www.wikidata.org/entity/Q109188,PELOTAS,http://www.wikidata.org/entity/Q155,Brazil,328275
http://www.wikidata.org/entity/Q381733,uberaba,http://www.wikidata.org/entity/Q155,Brazil,"328,272"
http://www.wikidata.org/entity/Q98967,Nizhny Tagil,http://www.wikidata.org/entity/Q159,Russia,328157
http://www.wikidata.org/entity/Q386991,Torreón,http://www.wikidata.org/entity/Q96,Mexico,328086
http://www.wikidata.org/entity/Q386991,Torreón,http://www.wikidata.org/entity/Q96,Mexico,328086
http://www.wikidata.org/entity/Q648298,  Bunia ,http://www.wikidata.org/entity/Q974,Democratic Republic of the Congo,327837
http://www.wikidata.org/entity/Q12191,Nantes,http://www.wikidata.org/entity/Q142,France,327734
http://www.wikidata.org/entity/Q3636023,Vijayapura,http://www.wikidata.org/entity/Q668,India,327427
http://www.wikidata.org/entity/Q3636023,Vijayapura,http://www.wikidata.org/entity/Q668,India,327427
http://www.wikidata.org/entity/Q504587,Franca.,http://www.wikidata.org/entity/Q155,Brazil,327176
http://www.wikidata.org/entity/Q1000383,Ulanhot,http://www.wikidata.org/entity/Q148,People's Republic of China,327081
http://www.wikidata.org/entity/Q264206,  Kōriyama ,http://www.wikidata.org/entity/Q17,Japan,327040
http://www.wikidata.org/entity/Q264206,KŌRIYAMA,http://www.wikidata.org/entity/Q17,Japan,327040
http://www.wikidata.org/entity/Q21194,vũng tàu,http://www.wikidata.org/entity/Q881,Vietnam,327000
http://www.wikidata.org/entity/Q2166182,Roodepoort,http://www.wikidata.org/entity/Q258,South Africa,326416
http://www.wikidata.org/entity/Q217071,Pucallpa,http://www.wikidata.org/entity/Q419,Peru,326040
http://www.wikidata.org/entity/Q217071,Pucallpa,http://www.wikidata.org/entity/Q419,Peru,326040
http://www.wikidata.org/entity/Q47034,  Espoo ,http://www.wikidata.org/entity/Q33,Finland,325716
http://www.wikidata.org/entity/Q109188,Pelotas,http://www.wikidata.org/entity/Q155,Brazil,325685
http://www.wikidata.org/entity/Q200251,Kochi,http://www.wikidata.org/entity/Q17,Japan,325535
http://www.wikidata.org/entity/Q200251,Kochi,http://www.wikidata.org/entity/Q17,Japan,325535
http://www.wikidata.org/entity/Q200251,Kochi.,http://www.wikidata.org/entity/Q17,Japan,325535
http://www.wikidata.org/entity/Q381733,Uberaba,http://www.wikidata.org/entity/Q155,Brazil,325279
http://www.wikidata.org/entity/Q220445,  Kuching ,http://www.wikidata.org/entity/Q833,Malaysia,325132
http://www.wikidata.org/entity/Q220445,KUCHING,http://www.wikidata.org/entity/Q833,Malaysia,325132
http://www.wikidata.org/entity/Q41252,bydgoszcz,http://www.wikidata.org/entity/Q36,Poland,324984
http://www.wikidata.org/entity/Q41252,Bydgoszcz,http://www.wikidata.org/entity/Q36, Poland ,324984
http://www.wikidata.org/entity/Q41252,Bydgoszcz,http://www.wikidata.org/entity/Q36,Poland,324984
http://www.wikidata.org/entity/Q41252,Bydgoszcz,http://www.wikidata.org/entity/Q36,Poland,324984
http://www.wikidata.org/entity/Q841222,  Cariacica ,http://www.wikidata.org/entity/Q155,Brazil,324285
http://www.wikidata.org/entity/Q27400,Hafar Al-Batin,http://www.wikidata.org/entity/Q851,Saudi Arabia,324246
http://www.wikidata.org/entity/Q622830,Caruaru,http://www.wikidata.org/entity/Q155,Brazil,
http://www.wikidata.org/entity/Q351427,Adama,http://www.wikidata.org/entity/Q115,Ethiopia,324000
http://www.wikidata.org/entity/Q218861,Gondar.,http://www.wikidata.org/entity/Q115,Ethiopia,323900
http://www.wikidata.org/entity/Q218861,Gondar,http://www.wikidata.org/entity/Q115,Ethiopia,323900
http://www.wikidata.org/entity/Q332319,  Mekele ,http://www.wikidata.org/entity/Q115,Ethiopia,323700
http://www.wikidata.org/entity/Q332319,MEKELE,http://www.wikidata.org/entity/Q115,Ethiopia,323700
http://www.wikidata.org/entity/Q478818,são josé dos pinhais,http://www.wikidata.org/entity/Q155,Brazil,323340
http://www.wikidata.org/entity/Q504587,Franca,http://www.wikidata.org/entity/Q155,Brazil,323307
http://www.wikidata.org/entity/Q109188,Pelotas,http://www.wikidata.org/entity/Q155,Brazil,323158
http://www.wikidata.org/entity/Q44013,Vaughan,http://www.wikidata.org/entity/Q16,Canada,323103
http://www.wikidata.org/entity/Q44013,  Vaughan ,http://www.wikidata.org/entity/Q16,Canada,323103
http://www.wikidata.org/entity/Q2742,Münster,http://www.wikidata.org/entity/Q183,Germany,322904 
http://www.wikidata.org/entity/Q2742,Münster,http://www.wikidata.org/entity/Q183,Germany,322904
http://www.wikidata.org/entity/Q2742,Münster,http://www.wikidata.org/entity/Q183,Germany,322904
http://www.wikidata.org/entity/Q2742,Münster.,http://www.wikidata.org/entity/Q183,Germany,322904
http://www.wikidata.org/entity/Q2742,Münster,http://www.wikidata.org/entity/Q183,Germany,322904
http://www.wikidata.org/entity/Q2742,  Münster ,http://www.wikidata.org/entity/Q183,Germany,322904
http://www.wikidata.org/entity/Q168376,VITÓRIA,http://www.wikidata.org/entity/Q155,Brazil,322869
http://www.wikidata.org/entity/Q49241,lexington,http://www.wikidata.org/entity/Q30,United States,322570
http://www.wikidata.org/entity/Q49241,Lexington,http://www.wikidata.org/entity/Q30,United States,322570
http://www.wikidata.org/entity/Q49241,Lexington,http://www.wikidata.org/entity/Q30,United States,322570
http://www.wikidata.org/entity/Q994105,Minna,http://www.wikidata.org/entity/Q1033,Nigeria,322163
http://www.wikidata.org/entity/Q381733,  Uberaba ,http://www.wikidata.org/entity/Q155,Brazil,322126
http://www.wikidata.org/entity/Q115329,Camagüey,http://www.wikidata.org/entity/Q241,Cuba,321992
http://www.wikidata.org/entity/Q2329701,Taourirt,http://www.wikidata.org/entity/Q1028,Morocco,321876
http://www.wikidata.org/entity/Q2329701,Taourirt,http://www.wikidata.org/entity/Q1028,Morocco,321876
http://www.wikidata.org/entity/Q3323,Belgorod.,http://www.wikidata.org/entity/Q159,Russia,321761
http://www.wikidata.org/entity/Q1136204,Camaçari,http://www.wikidata.org/entity/Q155,Brazil,321636
http://www.wikidata.org/entity/Q927537,  Serra ,http://www.wikidata.org/entity/Q155,Brazil,321181
http://www.wikidata.org/entity/Q504587,FRANCA,http://www.wikidata.org/entity/Q155,Brazil,321012
http://www.wikidata.org/entity/Q10397,sukabumi,http://www.wikidata.org/entity/Q252,Indonesia,320970
http://www.wikidata.org/entity/Q49240,Stockton,http://www.wikidata.org/entity/Q30,United States,320804
http://www.wikidata.org/entity/Q49240,Stockton,http://www.wikidata.org/entity/Q30,United States,320804
http://www.wikidata.org/entity/Q49240,Stockton,http://www.wikidata.org/entity/Q30,United States,
http://www.wikidata.org/entity/Q276534,  Wau ,http://www.wikidata.org/entity/Q958,South Sudan,320752
http://www.wikidata.org/entity/Q486545,Taraz,http://www.wikidata.org/entity/Q232, Kazakhstan ,320634
http://www.wikidata.org/entity/Q486545,Taraz,http://www.wikidata.org/entity/Q232,Kazakhstan,320634
http://www.wikidata.org/entity/Q737670,Suzano,http://www.wikidata.org/entity/Q155,Brazil,320261
http://www.wikidata.org/entity/Q2017187,Okene.,http://www.wikidata.org/entity/Q1033,Nigeria,320260
http://www.wikidata.org/entity/Q11864,Junagadh,http://www.wikidata.org/entity/Q668,India,320250
http://www.wikidata.org/entity/Q42114,  Asan ,http://www.wikidata.org/entity/Q884,South Korea,319929
http://www.wikidata.org/entity/Q42114,ASAN,http://www.wikidata.org/entity/Q884,South Korea,319929
http://www.wikidata.org/entity/Q489898,nukus,http://www.wikidata.org/entity/Q265,Uzbekistan,319583
http://www.wikidata.org/entity/Q489898,Nukus,http://www.wikidata.org/entity/Q265,Uzbekistan,319583
http://www.wikidata.org/entity/Q622830,Caruaru,http://www.wikidata.org/entity/Q155,Brazil,319579
http://www.wikidata.org/entity/Q716127,Kaechon,http://www.wikidata.org/entity/Q423,North Korea,319554
http://www.wikidata.org/entity/Q716127,  Kaechon ,http://www.wikidata.org/entity/Q423,North Korea,319554
http://www.wikidata.org/entity/Q1136204,Camaçari,http://www.wikidata.org/entity/Q155,Brazil,319394
http://www.wikidata.org/entity/Q502023,Coatzacoalcos,http://www.wikidata.org/entity/Q96,Mexico,319187
http://www.wikidata.org/entity/Q668180,Muhanga,http://www.wikidata.org/entity/Q1037,Rwanda,319141
http://www.wikidata.org/entity/Q983884,Várzea Grande.,http://www.wikidata.org/entity/Q155,Brazil,318922
http://www.wikidata.org/entity/Q22062839,Vitória da Conquista,http://www.wikidata.org/entity/Q155,Brazil,318901
http://www.wikidata.org/entity/Q381733,  Uberaba ,http://www.wikidata.org/entity/Q155,Brazil,318813
http://www.wikidata.org/entity/Q689868,CAMPOS DOS GOYTACAZES,http://www.wikidata.org/entity/Q155,Brazil,318806
http://www.wikidata.org/entity/Q737670,suzano,http://www.wikidata.org/entity/Q155,Brazil,318765
http://www.wikidata.org/entity/Q6506,Varna,http://www.wikidata.org/entity/Q219,Bulgaria,318737
http://www.wikidata.org/entity/Q504587,Franca,http://www.wikidata.org/entity/Q155,Brazil,318640
http://www.wikidata.org/entity/Q188892,Ribeirão Preto,http://www.wikidata.org/entity/Q155,Brazil,318544
http://www.wikidata.org/entity/Q937487,  Katsina ,http://www.wikidata.org/entity/Q1033,Nigeria,318459 
http://www.wikidata.org/entity/Q42066,Gwangmyeong,http://www.wikidata.org/entity/Q884,South Korea,318021
http://www.wikidata.org/entity/Q42066,Gwangmyeong,http://www.wikidata.org/entity/Q884,South Korea,318021
http://www.wikidata.org/entity/Q170540,Taubaté,http://www.wikidata.org/entity/Q155,Brazil,"317,915"
http://www.wikidata.org/entity/Q49242,Corpus Christi.,http://www.wikidata.org/entity/Q30,United States,317863
http://www.wikidata.org/entity/Q49242,Corpus Christi,http://www.wikidata.org/entity/Q30,United States,317863
http://www.wikidata.org/entity/Q600693,  Thiès ,http://www.wikidata.org/entity/Q1041,Senegal,317763
http://www.wikidata.org/entity/Q49267,HENDERSON,http://www.wikidata.org/entity/Q30,United States,317610
http://www.wikidata.org/entity/Q49267,henderson,http://www.wikidata.org/entity/Q30,United States,
http://www.wikidata.org/entity/Q16258125,Ortahisar,http://www.wikidata.org/entity/Q43,Turkey,317520
http://www.wikidata.org/entity/Q478818,São José dos Pinhais,http://www.wikidata.org/entity/Q155,Brazil,317476
http://www.wikidata.org/entity/Q36526,Port Moresby,http://www.wikidata.org/entity/Q691,Papua New Guinea,317374
http://www.wikidata.org/entity/Q36526,  Port Moresby ,http://www.wikidata.org/entity/Q691,Papua New Guinea,317374
http://www.wikidata.org/entity/Q242906,Ponta Grossa,http://www.wikidata.org/entity/Q155,Brazil,317339
http://www.wikidata.org/entity/Q966819,Kira Town,http://www.wikidata.org/entity/Q1036,Uganda,317157
http://www.wikidata.org/entity/Q2119,Mannheim,http://www.wikidata.org/entity/Q183,Germany,316877
http://www.wikidata.org/entity/Q2119,Mannheim.,http://www.wikidata.org/entity/Q183,Germany,316877
http://www.wikidata.org/entity/Q2119,Mannheim,http://www.wikidata.org/entity/Q183, Germany ,316877
http://www.wikidata.org/entity/Q2119,  Mannheim ,http://www.wikidata.org/entity/Q183,Germany,316877
http://www.wikidata.org/entity/Q2119,MANNHEIM,http://www.wikidata.org/entity/Q183,Germany,316877
http://www.wikidata.org/entity/Q461773,barueri,http://www.wikidata.org/entity/Q155,Brazil,316473
http://www.wikidata.org/entity/Q111739,Puerto Princesa,http://www.wikidata.org/entity/Q928,Philippines,316384
http://www.wikidata.org/entity/Q181966,Naha,http://www.wikidata.org/entity/Q17,Japan,316048
http://www.wikidata.org/entity/Q181966,Naha,http://www.wikidata.org/entity/Q17,Japan,316048
http://www.wikidata.org/entity/Q181966,  Naha ,http://www.wikidata.org/entity/Q17,Japan,316048
http://www.wikidata.org/entity/Q181966,Naha,http://www.wikidata.org/entity/Q17,Japan,316048
http://www.wikidata.org/entity/Q22062839,Vitória da Conquista,http://www.wikidata.org/entity/Q155,Brazil,315884
http://www.wikidata.org/entity/Q163798,Thrissur,http://www.wikidata.org/entity/Q668,India,315596
http://www.wikidata.org/entity/Q163798,Thrissur.,http://www.wikidata.org/entity/Q668,India,315596
http://www.wikidata.org/entity/Q3519,Bari,http://www.wikidata.org/entity/Q38,Italy,315473
http://www.wikidata.org/entity/Q3519,  Bari ,http://www.wikidata.org/entity/Q38,Italy,315473
http://www.wikidata.org/entity/Q381733,UBERABA,http://www.wikidata.org/entity/Q155,Brazil,315360
http://www.wikidata.org/entity/Q893274,bor,http://www.wikidata.org/entity/Q958,South Sudan,315351
http://www.wikidata.org/entity/Q893274,Bor,http://www.wikidata.org/entity/Q124943,Kingdom of Egypt,315351
http://www.wikidata.org/entity/Q893274,Bor,http://www.wikidata.org/entity/Q958,South Sudan,315351
http://www.wikidata.org/entity/Q893274,Bor,http://www.wikidata.org/entity/Q124943,Kingdom of Egypt,315351
http://www.wikidata.org/entity/Q25262,  Cà Mau ,http://www.wikidata.org/entity/Q881,Vietnam,315270
http://www.wikidata.org/entity/Q49243,Riverside,http://www.wikidata.org/entity/Q30,United States,314998
http://www.wikidata.org/entity/Q49243,Riverside,http://www.wikidata.org/entity/Q30,United States,314998
http://www.wikidata.org/entity/Q49243,Riverside,http://www.wikidata.org/entity/Q30,United States,314998
http://www.wikidata.org/entity/Q622830,Caruaru.,http://www.wikidata.org/entity/Q155,Brazil,314912
http://www.wikidata.org/entity/Q242906,Ponta Grossa,http://www.wikidata.org/entity/Q155,Brazil,
http://www.wikidata.org/entity/Q983884,  Várzea Grande ,http://www.wikidata.org/entity/Q155,Brazil,314627
http://www.wikidata.org/entity/Q989283,KASUR,http://www.wikidata.org/entity/Q843,Pakistan,314617
http://www.wikidata.org/entity/Q242906,ponta grossa,http://www.wikidata.org/entity/Q155,Brazil,314527
http://www.wikidata.org/entity/Q709267,Bardhaman,http://www.wikidata.org/entity/Q668,India,314265
http://www.wikidata.org/entity/Q22062839,Vitória da Conquista,http://www.wikidata.org/entity/Q155,Brazil,313898
http://www.wikidata.org/entity/Q98995,Volzhsky,http://www.wikidata.org/entity/Q159,Russia,313034 
http://www.wikidata.org/entity/Q532560,  Jiayuguan City ,http://www.wikidata.org/entity/Q148,People's Republic of China,312663
http://www.wikidata.org/entity/Q532560,Jiayuguan City,http://www.wikidata.org/entity/Q148,People's Republic of China,312663
http://www.wikidata.org/entity/Q44217,San Salvador de Jujuy,http://www.wikidata.org/entity/Q414,Argentina,312446
http://www.wikidata.org/entity/Q44217,San  Salvador  de  Jujuy,http://www.wikidata.org/entity/Q414,Argentina,312446
http://www.wikidata.org/entity/Q44217,San Salvador de Jujuy.,http://www.wikidata.org/entity/Q414,Argentina,312446
http://www.wikidata.org/entity/Q121551,Jhelum,http://www.wikidata.org/entity/Q843,Pakistan,312426
http://www.wikidata.org/entity/Q125434,  Gqeberha ,http://www.wikidata.org/entity/Q258,South Africa,312392
http://www.wikidata.org/entity/Q125434,GQEBERHA,http://www.wikidata.org/entity/Q258,South Africa,312392
http://www.wikidata.org/entity/Q125434,gqeberha,http://www.wikidata.org/entity/Q258,South Africa,312392
http://www.wikidata.org/entity/Q6610,Yakutsk,http://www.wikidata.org/entity/Q159, Russia ,311760
http://www.wikidata.org/entity/Q242906,Ponta Grossa,http://www.wikidata.org/entity/Q155,Brazil,311611
http://www.wikidata.org/entity/Q1903,Catania,http://www.wikidata.org/entity/Q38,Italy,311584
http://www.wikidata.org/entity/Q25395,  Newark ,http://www.wikidata.org/entity/Q30,United States,311549
http://www.wikidata.org/entity/Q25395,Newark,http://www.wikidata.org/entity/Q30,United States,311549
http://www.wikidata.org/entity/Q25395,Newark,http://www.wikidata.org/entity/Q30,United States,311549
http://www.wikidata.org/entity/Q28848,Saint  Paul,http://www.wikidata.org/entity/Q30,United States,311527
http://www.wikidata.org/entity/Q28848,Saint Paul.,http://www.wikidata.org/entity/Q30,United States,311527
http://www.wikidata.org/entity/Q28848,Saint Paul,http://www.wikidata.org/entity/Q30,United States,311527
http://www.wikidata.org/entity/Q44253,  Santiago del Estero ,http://www.wikidata.org/entity/Q414,Argentina,311487
http://www.wikidata.org/entity/Q44253,SANTIAGO DEL ESTERO,http://www.wikidata.org/entity/Q414,Argentina,311487
http://www.wikidata.org/entity/Q271374,guarujá,http://www.wikidata.org/entity/Q155,Brazil,311230
http://www.wikidata.org/entity/Q41473,Nizamabad,http://www.wikidata.org/entity/Q668,India,311152
http://www.wikidata.org/entity/Q41473,Nizamabad,http://www.wikidata.org/entity/Q668,India,311152
http://www.wikidata.org/entity/Q242906,Ponta Grossa,http://www.wikidata.org/entity/Q155,Brazil,311106
http://www.wikidata.org/entity/Q5343,  Saransk ,http://www.wikidata.org/entity/Q159,Russia,310898
http://www.wikidata.org/entity/Q675568,Ha'il,http://www.wikidata.org/entity/Q851,Saudi Arabia,310897
http://www.wikidata.org/entity/Q1771762,Purnia,http://www.wikidata.org/entity/Q668,India,
http://www.wikidata.org/entity/Q1771762,Purnia,http://www.wikidata.org/entity/Q668,India,310817
http://www.wikidata.org/entity/Q841241,Limeira.,http://www.wikidata.org/entity/Q155,Brazil,310783
http://www.wikidata.org/entity/Q2337,Smolensk,http://www.wikidata.org/entity/Q159,Russia,310460
http://www.wikidata.org/entity/Q26410,  Yokkaichi ,http://www.wikidata.org/entity/Q17,Japan,310263
http://www.wikidata.org/entity/Q26410,YOKKAICHI,http://www.wikidata.org/entity/Q17,Japan,310263
http://www.wikidata.org/entity/Q6441,montpellier,http://www.wikidata.org/entity/Q142,France,310240
http://www.wikidata.org/entity/Q49244,Santa Ana,http://www.wikidata.org/entity/Q30,United States,310227
http://www.wikidata.org/entity/Q49244,Santa Ana,http://www.wikidata.org/entity/Q30,United States,310227
http://www.wikidata.org/entity/Q49244,Santa Ana,http://www.wikidata.org/entity/Q30,United States,310227
http://www.wikidata.org/entity/Q49244,  Santa Ana ,http://www.wikidata.org/entity/Q30,United States,310227
http://www.wikidata.org/entity/Q22062839,Vitória da Conquista,http://www.wikidata.org/entity/Q155,Brazil,310129
http://www.wikidata.org/entity/Q1040,Karlsruhe,http://www.wikidata.org/entity/Q183,Germany,309964
http://www.wikidata.org/entity/Q1040,Karlsruhe,http://www.wikidata.org/entity/Q183,Germany,309964
http://www.wikidata.org/entity/Q1040,Karlsruhe.,http://www.wikidata.org/entity/Q183,Germany,309964
http://www.wikidata.org/entity/Q168843,Sari,http://www.wikidata.org/entity/Q794,Iran,309820
http://www.wikidata.org/entity/Q1508,  Makati ,http://www.wikidata.org/entity/Q928,Philippines,309770
http://www.wikidata.org/entity/Q17151,THESSALONIKI,http://www.wikidata.org/entity/Q41,Greece,309617
http://www.wikidata.org/entity/Q17151,thessaloniki,http://www.wikidata.org/entity/Q41,Greece,309617
http://www.wikidata.org/entity/Q43196,Cincinnati,http://www.wikidata.org/entity/Q30,United States,309317
http://www.wikidata.org/entity/Q43196,Cincinnati,http://www.wikidata.org/entity/Q30,United States,309317 
http://www.wikidata.org/entity/Q43196,Cincinnati,http://www.wikidata.org/entity/Q30,United States,309317
http://www.wikidata.org/entity/Q1136204,  Camaçari ,http://www.wikidata.org/entity/Q155,Brazil,309208
http://www.wikidata.org/entity/Q39297398,Utrecht,http://www.wikidata.org/entity/Q55, Netherlands ,308990
http://www.wikidata.org/entity/Q39297398,Utrecht,http://www.wikidata.org/entity/Q55,Netherlands,308990
http://www.wikidata.org/entity/Q841241,Limeira,http://www.wikidata.org/entity/Q155,Brazil,308482
http://www.wikidata.org/entity/Q659450,Santarém.,http://www.wikidata.org/entity/Q155,Brazil,308339
http://www.wikidata.org/entity/Q22062839,Vitória da Conquista,http://www.wikidata.org/entity/Q155,Brazil,308204
http://www.wikidata.org/entity/Q239421,  Nakuru ,http://www.wikidata.org/entity/Q114,Kenya,307990
http://www.wikidata.org/entity/Q239421,NAKURU,http://www.wikidata.org/entity/Q114,Kenya,307990
http://www.wikidata.org/entity/Q505807,sariwon,http://www.wikidata.org/entity/Q423,North Korea,307764
http://www.wikidata.org/entity/Q505807,Sariwon,http://www.wikidata.org/entity/Q423,North Korea,307764
http://www.wikidata.org/entity/Q49219,Irvine,http://www.wikidata.org/entity/Q30,United States,307670
http://www.wikidata.org/entity/Q49219,Irvine,http://www.wikidata.org/entity/Q30,United States,
http://www.wikidata.org/entity/Q49219,  Irvine ,http://www.wikidata.org/entity/Q30,United States,307670
http://www.wikidata.org/entity/Q478818,São José dos Pinhais,http://www.wikidata.org/entity/Q155,Brazil,307530
http://www.wikidata.org/entity/Q737670,Suzano,http://www.wikidata.org/entity/Q155,Brazil,307429
http://www.wikidata.org/entity/Q10395,Cirebon,http://www.wikidata.org/entity/Q252,Indonesia,307319
http://www.wikidata.org/entity/Q1772825,Hisar.,http://www.wikidata.org/entity/Q668,India,307024
http://www.wikidata.org/entity/Q1772825,Hisar,http://www.wikidata.org/entity/Q668,India,307024
http://www.wikidata.org/entity/Q651906,  Montes Claros ,http://www.wikidata.org/entity/Q155,Brazil,306947
http://www.wikidata.org/entity/Q22062839,VITÓRIA DA CONQUISTA,http://www.wikidata.org/entity/Q155,Brazil,306866
http://www.wikidata.org/entity/Q486545,taraz,http://www.wikidata.org/entity/Q232,Kazakhstan,306715
http://www.wikidata.org/entity/Q486545,Taraz,http://www.wikidata.org/entity/Q232,Kazakhstan,306715
http://www.wikidata.org/entity/Q737644,Betim,http://www.wikidata.org/entity/Q155,Brazil,306675
http://www.wikidata.org/entity/Q55737,Mabalacat,http://www.wikidata.org/entity/Q928,Philippines,306594
http://www.wikidata.org/entity/Q659450,  Santarém ,http://www.wikidata.org/entity/Q155,Brazil,306480
http://www.wikidata.org/entity/Q26101,Kasugai,http://www.wikidata.org/entity/Q17,Japan,306449
http://www.wikidata.org/entity/Q26101,Kasugai,http://www.wikidata.org/entity/Q17,Japan,306449
http://www.wikidata.org/entity/Q379509,Puerto  La  Cruz,http://www.wikidata.org/entity/Q717,Venezuela,306261
http://www.wikidata.org/entity/Q379509,Puerto La Cruz.,http://www.wikidata.org/entity/Q717,Venezuela,306261
http://www.wikidata.org/entity/Q841241,Limeira,http://www.wikidata.org/entity/Q155,Brazil,306114
http://www.wikidata.org/entity/Q211073,  Matadi ,http://www.wikidata.org/entity/Q974,Democratic Republic of the Congo,306053
http://www.wikidata.org/entity/Q1806100,PARAUAPEBAS,http://www.wikidata.org/entity/Q155,Brazil,305771
http://www.wikidata.org/entity/Q4115712,kaunas,http://www.wikidata.org/entity/Q37,Lithuania,305120
http://www.wikidata.org/entity/Q4115712,Kaunas,http://www.wikidata.org/entity/Q37,Lithuania,305120
http://www.wikidata.org/entity/Q4115712,Kaunas,http://www.wikidata.org/entity/Q37,Lithuania,305120
http://www.wikidata.org/entity/Q659450,Santarém,http://www.wikidata.org/entity/Q155,Brazil,304589
http://www.wikidata.org/entity/Q240475,  Kashan ,http://www.wikidata.org/entity/Q794,Iran,304487
http://www.wikidata.org/entity/Q1136204,Camaçari,http://www.wikidata.org/entity/Q155,Brazil,304302
http://www.wikidata.org/entity/Q841241,Limeira,http://www.wikidata.org/entity/Q155,Brazil,303682
http://www.wikidata.org/entity/Q737670,Suzano,http://www.wikidata.org/entity/Q155,Brazil,303397
http://www.wikidata.org/entity/Q2749,Augsburg.,http://www.wikidata.org/entity/Q183,Germany,303150
http://www.wikidata.org/entity/Q2749,Augsburg,http://www.wikidata.org/entity/Q183, Germany ,303150
http://www.wikidata.org/entity/Q2749,  Augsburg ,http://www.wikidata.org/entity/Q183,Germany,303150
http://www.wikidata.org/entity/Q2749,AUGSBURG,http://www.wikidata.org/entity/Q183,Germany,303150
http://www.wikidata.org/entity/Q2749,augsburg,http://www.wikidata.org/entity/Q183,Germany,
http://www.wikidata.org/entity/Q17139,Akita,http://www.wikidata.org/entity/Q17,Japan,302984 
http://www.wikidata.org/entity/Q17139,Akita,http://www.wikidata.org/entity/Q17,Japan,302984
http://www.wikidata.org/entity/Q17139,Akita,http://www.wikidata.org/entity/Q17,Japan,302984
http://www.wikidata.org/entity/Q17139,  Akita ,http://www.wikidata.org/entity/Q17,Japan,302984
http://www.wikidata.org/entity/Q1342,Pittsburgh,http://www.wikidata.org/entity/Q30,United States,302971
http://www.wikidata.org/entity/Q1342,Pittsburgh,http://www.wikidata.org/entity/Q30,United States,302971
http://www.wikidata.org/entity/Q320934,Kurume,http://www.wikidata.org/entity/Q17,Japan,302858
http://www.wikidata.org/entity/Q320934,Kurume.,http://www.wikidata.org/entity/Q17,Japan,302858
http://www.wikidata.org/entity/Q140304,Zagazig,http://www.wikidata.org/entity/Q79,Egypt,302840
http://www.wikidata.org/entity/Q140304,  Zagazig ,http://www.wikidata.org/entity/Q79,Egypt,302840
http://www.wikidata.org/entity/Q478818,SÃO JOSÉ DOS PINHAIS,http://www.wikidata.org/entity/Q155,Brazil,302759
http://www.wikidata.org/entity/Q178993,palmas,http://www.wikidata.org/entity/Q155,Brazil,302692
http://www.wikidata.org/entity/Q659450,Santarém,http://www.wikidata.org/entity/Q155,Brazil,302667
http://www.wikidata.org/entity/Q381733,Uberaba,http://www.wikidata.org/entity/Q155,Brazil,302623
http://www.wikidata.org/entity/Q192387,Londrina,http://www.wikidata.org/entity/Q155,Brazil,301696
http://www.wikidata.org/entity/Q791766,  Awka ,http://www.wikidata.org/entity/Q1033,Nigeria,301657
http://www.wikidata.org/entity/Q38022,St. Louis,http://www.wikidata.org/entity/Q30,United States,301578
http://www.wikidata.org/entity/Q38022,St. Louis,http://www.wikidata.org/entity/Q30,United States,301578
http://www.wikidata.org/entity/Q38022,St.  Louis,http://www.wikidata.org/entity/Q30,United States,301578
http://www.wikidata.org/entity/Q56136,San Bernardo.,http://www.wikidata.org/entity/Q298,Chile,301313
http://www.wikidata.org/entity/Q841241,Limeira,http://www.wikidata.org/entity/Q155,Brazil,301292
http://www.wikidata.org/entity/Q328518,  Armenia ,http://www.wikidata.org/entity/Q739,Colombia,301226
http://www.wikidata.org/entity/Q328518,ARMENIA,http://www.wikidata.org/entity/Q739,Colombia,301226
http://www.wikidata.org/entity/Q841241,limeira,http://www.wikidata.org/entity/Q155,Brazil,300911
http://www.wikidata.org/entity/Q335135,Popayán,http://www.wikidata.org/entity/Q739,Colombia,300837
http://www.wikidata.org/entity/Q335135,Popayán,http://www.wikidata.org/entity/Q739,Colombia,300837
http://www.wikidata.org/entity/Q13379,Kurgan,http://www.wikidata.org/entity/Q159,Russia,300763
http://www.wikidata.org/entity/Q841241,  Limeira ,http://www.wikidata.org/entity/Q155,Brazil,300728
http://www.wikidata.org/entity/Q44206,Resistencia,http://www.wikidata.org/entity/Q414,Argentina,300640
http://www.wikidata.org/entity/Q44206,Resistencia,http://www.wikidata.org/entity/Q414,Argentina,300640
http://www.wikidata.org/entity/Q737670,Suzano,http://www.wikidata.org/entity/Q155,Brazil,300559
http://www.wikidata.org/entity/Q1136204,Camaçari.,http://www.wikidata.org/entity/Q155,Brazil,300372
http://www.wikidata.org/entity/Q1425428,Newcastle upon Tyne,http://www.wikidata.org/entity/Q145,United Kingdom,
http://www.wikidata.org/entity/Q1425428,  Newcastle upon Tyne ,http://www.wikidata.org/entity/Q145,United Kingdom,300196
http://www.wikidata.org/entity/Q76001,SAN PABLO,http://www.wikidata.org/entity/Q928,Philippines,300166
http://www.wikidata.org/entity/Q755765,hawaasa,http://www.wikidata.org/entity/Q115,Ethiopia,300100
http://www.wikidata.org/entity/Q755765,Hawaasa,http://www.wikidata.org/entity/Q115, Ethiopia ,300100
http://www.wikidata.org/entity/Q983884,Várzea Grande,http://www.wikidata.org/entity/Q155,Brazil,300078
http://www.wikidata.org/entity/Q725168,Tagum,http://www.wikidata.org/entity/Q928,Philippines,300042
http://www.wikidata.org/entity/Q466216,  Ta'izz ,http://www.wikidata.org/entity/Q805,Yemen,300000
http://www.wikidata.org/entity/Q283368,Raqqa,http://www.wikidata.org/entity/Q858,Syria,299824
http://www.wikidata.org/entity/Q283368,Raqqa,http://www.wikidata.org/entity/Q858,Syria,299824
http://www.wikidata.org/entity/Q1251473,Chakwal,http://www.wikidata.org/entity/Q843,Pakistan,299751
http://www.wikidata.org/entity/Q26406,Akashi.,http://www.wikidata.org/entity/Q17,Japan,299699
http://www.wikidata.org/entity/Q26406,Akashi,http://www.wikidata.org/entity/Q17,Japan,"299,699"
http://www.wikidata.org/entity/Q26406,  Akashi ,http://www.wikidata.org/entity/Q17,Japan,299699
http://www.wikidata.org/entity/Q26406,AKASHI,http://www.wikidata.org/entity/Q17,Japan,299699
http://www.wikidata.org/entity/Q166824,afyonkarahisar,http://www.wikidata.org/entity/Q43,Turkey,299673 
http://www.wikidata.org/entity/Q166824,Afyonkarahisar,http://www.wikidata.org/entity/Q43,Turkey,299673
http://www.wikidata.org/entity/Q659450,Santarém,http://www.wikidata.org/entity/Q155,Brazil,299419
http://www.wikidata.org/entity/Q381733,Uberaba,http://www.wikidata.org/entity/Q155,Brazil,299360
http://www.wikidata.org/entity/Q216902,  Kabwe ,http://www.wikidata.org/entity/Q953,Zambia,299206
http://www.wikidata.org/entity/Q216902,Kabwe,http://www.wikidata.org/entity/Q953,Zambia,299206
http://www.wikidata.org/entity/Q1136204,Camaçari,http://www.wikidata.org/entity/Q155,Brazil,299132
http://www.wikidata.org/entity/Q54108,Bahía  Blanca,http://www.wikidata.org/entity/Q414,Argentina,299101
http://www.wikidata.org/entity/Q54108,Bahía Blanca.,http://www.wikidata.org/entity/Q414,Argentina,299101
http://www.wikidata.org/entity/Q49238,Greensboro,http://www.wikidata.org/entity/Q30,United States,299035
http://www.wikidata.org/entity/Q49238,  Greensboro ,http://www.wikidata.org/entity/Q30,United States,299035
http://www.wikidata.org/entity/Q49238,GREENSBORO,http://www.wikidata.org/entity/Q30,United States,299035
http://www.wikidata.org/entity/Q54108,bahía blanca,http://www.wikidata.org/entity/Q414,Argentina,299000
http://www.wikidata.org/entity/Q54108,Bahía Blanca,http://www.wikidata.org/entity/Q414,Argentina,299000
http://www.wikidata.org/entity/Q1806100,Parauapebas,http://www.wikidata.org/entity/Q155,Brazil,298854
http://www.wikidata.org/entity/Q841241,Limeira,http://www.wikidata.org/entity/Q155,Brazil,298701
http://www.wikidata.org/entity/Q466027,  Yanbu ,http://www.wikidata.org/entity/Q851,Saudi Arabia,298675
http://www.wikidata.org/entity/Q44206,Resistencia,http://www.wikidata.org/entity/Q414,Argentina,298611
http://www.wikidata.org/entity/Q44206,Resistencia,http://www.wikidata.org/entity/Q414,Argentina,
http://www.wikidata.org/entity/Q622830,Caruaru,http://www.wikidata.org/entity/Q155,Brazil,298501
http://www.wikidata.org/entity/Q11026,Pekalongan.,http://www.wikidata.org/entity/Q252,Indonesia,298386
http://www.wikidata.org/entity/Q27174,Najran,http://www.wikidata.org/entity/Q851,Saudi Arabia,298288
http://www.wikidata.org/entity/Q27174,  Najran ,http://www.wikidata.org/entity/Q851,Saudi Arabia,298288
http://www.wikidata.org/entity/Q141844,GATINEAU,http://www.wikidata.org/entity/Q16,Canada,298126
http://www.wikidata.org/entity/Q54108,bahía blanca,http://www.wikidata.org/entity/Q414,Argentina,297900
http://www.wikidata.org/entity/Q54108,Bahía Blanca,http://www.wikidata.org/entity/Q414,Argentina,297900
http://www.wikidata.org/entity/Q478818,São José dos Pinhais,http://www.wikidata.org/entity/Q155,Brazil,297895
http://www.wikidata.org/entity/Q23984578,Las Palmas de Gran Canaria,http://www.wikidata.org/entity/Q29,Spain,297682
http://www.wikidata.org/entity/Q737670,  Suzano ,http://www.wikidata.org/entity/Q155,Brazil,297637
http://www.wikidata.org/entity/Q42123,Yangsan,http://www.wikidata.org/entity/Q884, South Korea ,297532
http://www.wikidata.org/entity/Q42123,Yangsan,http://www.wikidata.org/entity/Q884,South Korea,297532
http://www.wikidata.org/entity/Q3882,Manama,http://www.wikidata.org/entity/Q398,Bahrain,297502
http://www.wikidata.org/entity/Q3882,Manama.,http://www.wikidata.org/entity/Q398,Bahrain,297502
http://www.wikidata.org/entity/Q47034,Espoo,http://www.wikidata.org/entity/Q33,Finland,297132
http://www.wikidata.org/entity/Q1635606,  Temara ,http://www.wikidata.org/entity/Q1028,Morocco,297098
http://www.wikidata.org/entity/Q1635606,TEMARA,http://www.wikidata.org/entity/Q1028,Morocco,297098
http://www.wikidata.org/entity/Q659450,santarém,http://www.wikidata.org/entity/Q155,Brazil,297039
http://www.wikidata.org/entity/Q3818,Malabo,http://www.wikidata.org/entity/Q983,Equatorial Guinea,297000
http://www.wikidata.org/entity/Q3818,Malabo,http://www.wikidata.org/entity/Q983,Equatorial Guinea,297000
http://www.wikidata.org/entity/Q3818,Malabo,http://www.wikidata.org/entity/Q983,Equatorial Guinea,297000
http://www.wikidata.org/entity/Q3818,  Malabo ,http://www.wikidata.org/entity/Q983,Equatorial Guinea,297000
http://www.wikidata.org/entity/Q1136204,Camaçari,http://www.wikidata.org/entity/Q155,Brazil,296893
http://www.wikidata.org/entity/Q33986,Valparaíso,http://www.wikidata.org/entity/Q298,Chile,296655
http://www.wikidata.org/entity/Q33986,Valparaíso,http://www.wikidata.org/entity/Q298,Chile,296655
http://www.wikidata.org/entity/Q33986,Valparaíso.,http://www.wikidata.org/entity/Q298,Chile,296655
http://www.wikidata.org/entity/Q841241,Limeira,http://www.wikidata.org/entity/Q155,Brazil,296440
http://www.wikidata.org/entity/Q10395,  Cirebon ,http://www.wikidata.org/entity/Q252,Indonesia,296389
http://www.wikidata.org/entity/Q659450,SANTARÉM,http://www.wikidata.org/entity/Q155,Brazil,296302 
http://www.wikidata.org/entity/Q381733,uberaba,http://www.wikidata.org/entity/Q155,Brazil,296261
http://www.wikidata.org/entity/Q1006296,Cumilla,http://www.wikidata.org/entity/Q902,Bangladesh,296010
http://www.wikidata.org/entity/Q381733,Uberaba,http://www.wikidata.org/entity/Q155,Brazil,295988
http://www.wikidata.org/entity/Q26837,Sorong,http://www.wikidata.org/entity/Q252,Indonesia,
http://www.wikidata.org/entity/Q173849,  São José ,http://www.wikidata.org/entity/Q155,Brazil,295658
http://www.wikidata.org/entity/Q486913,Atyrau,http://www.wikidata.org/entity/Q232,Kazakhstan,295496
http://www.wikidata.org/entity/Q486913,Atyrau,http://www.wikidata.org/entity/Q232,Kazakhstan,295496
http://www.wikidata.org/entity/Q16123684,Al-Kharj,http://www.wikidata.org/entity/Q851,Saudi Arabia,295462
http://www.wikidata.org/entity/Q1019424,Rufisque.,http://www.wikidata.org/entity/Q1041,Senegal,295459
http://www.wikidata.org/entity/Q1019424,Rufisque,http://www.wikidata.org/entity/Q1041,Senegal,295459
http://www.wikidata.org/entity/Q1120810,  Durán ,http://www.wikidata.org/entity/Q736,Ecuador,295211
http://www.wikidata.org/entity/Q737670,SUZANO,http://www.wikidata.org/entity/Q155,Brazil,294638
http://www.wikidata.org/entity/Q659450,santarém,http://www.wikidata.org/entity/Q155,Brazil,294580
http://www.wikidata.org/entity/Q1530295,Divo,http://www.wikidata.org/entity/Q1008,Ivory Coast,294559
http://www.wikidata.org/entity/Q622830,Caruaru,http://www.wikidata.org/entity/Q155,Brazil,294558
http://www.wikidata.org/entity/Q5087,Siliguri,http://www.wikidata.org/entity/Q668,India,294546
http://www.wikidata.org/entity/Q1619845,  Bailundo ,http://www.wikidata.org/entity/Q916,Angola,294494
http://www.wikidata.org/entity/Q659450,Santarém,http://www.wikidata.org/entity/Q155,Brazil,294447
http://www.wikidata.org/entity/Q994514,Rangpur,http://www.wikidata.org/entity/Q902,Bangladesh,294265
http://www.wikidata.org/entity/Q994514,Rangpur,http://www.wikidata.org/entity/Q902,Bangladesh,294265
http://www.wikidata.org/entity/Q956659,Masaka.,http://www.wikidata.org/entity/Q1036,Uganda,294166
http://www.wikidata.org/entity/Q841241,Limeira,http://www.wikidata.org/entity/Q155, Brazil ,294128
http://www.wikidata.org/entity/Q394080,  Beni Suef ,http://www.wikidata.org/entity/Q79,Egypt,294125
http://www.wikidata.org/entity/Q394080,BENI SUEF,http://www.wikidata.org/entity/Q79,Egypt,294125
http://www.wikidata.org/entity/Q6602,strasbourg,http://www.wikidata.org/entity/Q142,France,293771
http://www.wikidata.org/entity/Q6602,Strasbourg,http://www.wikidata.org/entity/Q142,France,293771
http://www.wikidata.org/entity/Q1136204,Camaçari,http://www.wikidata.org/entity/Q155,Brazil,293723
http://www.wikidata.org/entity/Q192379,Aizawl,http://www.wikidata.org/entity/Q668,India,293416
http://www.wikidata.org/entity/Q601897,  Bally ,http://www.wikidata.org/entity/Q668,India,293373
http://www.wikidata.org/entity/Q22905,Bradford,http://www.wikidata.org/entity/Q145,United Kingdom,293277
http://www.wikidata.org/entity/Q478818,São José dos Pinhais,http://www.wikidata.org/entity/Q155,Brazil,292934
http://www.wikidata.org/entity/Q13298,Graz,http://www.wikidata.org/entity/Q40,Austria,292630
http://www.wikidata.org/entity/Q13298,Graz.,http://www.wikidata.org/entity/Q40,Austria,292630
http://www.wikidata.org/entity/Q659450,Santarém,http://www.wikidata.org/entity/Q155,Brazil,292520
http://www.wikidata.org/entity/Q26339,  Jersey City ,http://www.wikidata.org/entity/Q30,United States,292449
http://www.wikidata.org/entity/Q31925679,VALLADOLID CITY,http://www.wikidata.org/entity/Q29,Spain,292426
http://www.wikidata.org/entity/Q31925679,valladolid city,http://www.wikidata.org/entity/Q29,Spain,
http://www.wikidata.org/entity/Q31925679,Valladolid City,http://www.wikidata.org/entity/Q29,Spain,292417
http://www.wikidata.org/entity/Q31925679,Valladolid city,http://www.wikidata.org/entity/Q29,Spain,292417
http://www.wikidata.org/entity/Q381733,Uberaba,http://www.wikidata.org/entity/Q155,Brazil,292377
http://www.wikidata.org/entity/Q1136204,  Camaçari ,http://www.wikidata.org/entity/Q155,Brazil,"292,074"
http://www.wikidata.org/entity/Q841241,Limeira,http://www.wikidata.org/entity/Q155,Brazil,291869
http://www.wikidata.org/entity/Q841241,Limeira,http://www.wikidata.org/entity/Q155,Brazil,291748
http://www.wikidata.org/entity/Q5196,Grozny,http://www.wikidata.org/entity/Q159,Russia,291687
http://www.wikidata.org/entity/Q194343,Feira de Santana.,http://www.wikidata.org/entity/Q155,Brazil,291506
http://www.wikidata.org/entity/Q39450,Anchorage,http://www.wikidata.org/entity/Q30,United States,291247
http://www.wikidata.org/entity/Q39450,  Anchorage ,http://www.wikidata.org/entity/Q30,United States,291247 
http://www.wikidata.org/entity/Q39450,ANCHORAGE,http://www.wikidata.org/entity/Q30,United States,291247
http://www.wikidata.org/entity/Q26793,bergen,http://www.wikidata.org/entity/Q20,Norway,291189
http://www.wikidata.org/entity/Q26793,Bergen,http://www.wikidata.org/entity/Q20,Norway,291189
http://www.wikidata.org/entity/Q109188,Pelotas,http://www.wikidata.org/entity/Q155,Brazil,291100
http://www.wikidata.org/entity/Q28260,Lincoln,http://www.wikidata.org/entity/Q30,United States,291082
http://www.wikidata.org/entity/Q28260,  Lincoln ,http://www.wikidata.org/entity/Q30,United States,291082
http://www.wikidata.org/entity/Q28260,Lincoln,http://www.wikidata.org/entity/Q30,United States,291082
http://www.wikidata.org/entity/Q141844,Gatineau,http://www.wikidata.org/entity/Q16,Canada,291041
http://www.wikidata.org/entity/Q509818,Marabá,http://www.wikidata.org/entity/Q155,Brazil,290975
http://www.wikidata.org/entity/Q110017,Caxias do Sul.,http://www.wikidata.org/entity/Q155,Brazil,290925
http://www.wikidata.org/entity/Q737670,Suzano,http://www.wikidata.org/entity/Q155,Brazil,290769
http://www.wikidata.org/entity/Q486913,  Atyrau ,http://www.wikidata.org/entity/Q232,Kazakhstan,290700
http://www.wikidata.org/entity/Q486913,ATYRAU,http://www.wikidata.org/entity/Q232,Kazakhstan,290700
http://www.wikidata.org/entity/Q338844,batna,http://www.wikidata.org/entity/Q262,Algeria,290645
http://www.wikidata.org/entity/Q25319,Aarhus,http://www.wikidata.org/entity/Q35, Denmark ,290598
http://www.wikidata.org/entity/Q200077,Morioka,http://www.wikidata.org/entity/Q17,Japan,290553
http://www.wikidata.org/entity/Q200077,Morioka,http://www.wikidata.org/entity/Q17,Japan,290553
http://www.wikidata.org/entity/Q200077,  Morioka ,http://www.wikidata.org/entity/Q17,Japan,290553
http://www.wikidata.org/entity/Q659450,Santarém,http://www.wikidata.org/entity/Q155,Brazil,290521
http://www.wikidata.org/entity/Q1015727,Mbale City,http://www.wikidata.org/entity/Q1036,Uganda,290414
http://www.wikidata.org/entity/Q761,Białystok,http://www.wikidata.org/entity/Q36,Poland,290386
http://www.wikidata.org/entity/Q761,Białystok.,http://www.wikidata.org/entity/Q36,Poland,290386
http://www.wikidata.org/entity/Q761,Białystok,http://www.wikidata.org/entity/Q36,Poland,
http://www.wikidata.org/entity/Q761,  Białystok ,http://www.wikidata.org/entity/Q36,Poland,290386
http://www.wikidata.org/entity/Q983884,VÁRZEA GRANDE,http://www.wikidata.org/entity/Q155,Brazil,290383
http://www.wikidata.org/entity/Q214655,çorlu,http://www.wikidata.org/entity/Q43,Turkey,290155
http://www.wikidata.org/entity/Q214655,Çorlu,http://www.wikidata.org/entity/Q43,Turkey,290155
http://www.wikidata.org/entity/Q101948176,Córdoba,http://www.wikidata.org/entity/Q29,Spain,290022
http://www.wikidata.org/entity/Q320792,Bata,http://www.wikidata.org/entity/Q983,Equatorial Guinea,290000
http://www.wikidata.org/entity/Q320792,  Bata ,http://www.wikidata.org/entity/Q983,Equatorial Guinea,290000
http://www.wikidata.org/entity/Q173849,São José,http://www.wikidata.org/entity/Q155,Brazil,289949
http://www.wikidata.org/entity/Q16039783,Karimnagar,http://www.wikidata.org/entity/Q668,India,289821
http://www.wikidata.org/entity/Q15470,L'Hospitalet  de  Llobregat,http://www.wikidata.org/entity/Q29,Spain,289510
http://www.wikidata.org/entity/Q669305,Cotia.,http://www.wikidata.org/entity/Q155,Brazil,289493
http://www.wikidata.org/entity/Q685941,Mawlamyine,http://www.wikidata.org/entity/Q836,Myanmar,289388
http://www.wikidata.org/entity/Q685941,  Mawlamyine ,http://www.wikidata.org/entity/Q836,Myanmar,289388
http://www.wikidata.org/entity/Q322149,ELDORET,http://www.wikidata.org/entity/Q114,Kenya,289380
http://www.wikidata.org/entity/Q322149,eldoret,http://www.wikidata.org/entity/Q114,Kenya,289380
http://www.wikidata.org/entity/Q41262,Nottingham,http://www.wikidata.org/entity/Q145,United Kingdom,289301
http://www.wikidata.org/entity/Q41262,Nottingham,http://www.wikidata.org/entity/Q145,United Kingdom,289301
http://www.wikidata.org/entity/Q44239,Neuquén,http://www.wikidata.org/entity/Q414,Argentina,288896
http://www.wikidata.org/entity/Q44239,  Neuquén ,http://www.wikidata.org/entity/Q414,Argentina,288896
http://www.wikidata.org/entity/Q6784538,Massarah,http://www.wikidata.org/entity/Q79,Egypt,288880
http://www.wikidata.org/entity/Q486329,Fergana,http://www.wikidata.org/entity/Q265,Uzbekistan,288850
http://www.wikidata.org/entity/Q486329,Fergana,http://www.wikidata.org/entity/Q265,Uzbekistan,288850
http://www.wikidata.org/entity/Q509818,Marabá.,http://www.wikidata.org/entity/Q155,Brazil,288513
http://www.wikidata.org/entity/Q659450,Santarém,http://www.wikidata.org/entity/Q155,Brazil,288462 
http://www.wikidata.org/entity/Q244004,  Sétif ,http://www.wikidata.org/entity/Q262,Algeria,288461
http://www.wikidata.org/entity/Q244004,SÉTIF,http://www.wikidata.org/entity/Q262,Algeria,288461
http://www.wikidata.org/entity/Q215080,machala,http://www.wikidata.org/entity/Q736,Ecuador,288072
http://www.wikidata.org/entity/Q737670,Suzano,http://www.wikidata.org/entity/Q155,Brazil,288056
http://www.wikidata.org/entity/Q478818,São José dos Pinhais,http://www.wikidata.org/entity/Q155,Brazil,287792
http://www.wikidata.org/entity/Q504587,Franca,http://www.wikidata.org/entity/Q155,Brazil,287737
http://www.wikidata.org/entity/Q509818,  Marabá ,http://www.wikidata.org/entity/Q155,Brazil,287664
http://www.wikidata.org/entity/Q583818,Ichalkaranji,http://www.wikidata.org/entity/Q668, India ,287570
http://www.wikidata.org/entity/Q583818,Ichalkaranji,http://www.wikidata.org/entity/Q668,India,
http://www.wikidata.org/entity/Q1020279,Punto  Fijo,http://www.wikidata.org/entity/Q717,Venezuela,287558
http://www.wikidata.org/entity/Q1020279,Punto Fijo.,http://www.wikidata.org/entity/Q717,Venezuela,287558
http://www.wikidata.org/entity/Q983884,Várzea Grande,http://www.wikidata.org/entity/Q155,Brazil,287526
http://www.wikidata.org/entity/Q191642,  São José dos Campos ,http://www.wikidata.org/entity/Q155,Brazil,287513
http://www.wikidata.org/entity/Q870103,PATHEIN,http://www.wikidata.org/entity/Q836,Myanmar,287071
http://www.wikidata.org/entity/Q669305,cotia,http://www.wikidata.org/entity/Q155,Brazil,287004
http://www.wikidata.org/entity/Q1136204,Camaçari,http://www.wikidata.org/entity/Q155,Brazil,286919
http://www.wikidata.org/entity/Q157053,Chernihiv,http://www.wikidata.org/entity/Q212,Ukraine,286899
http://www.wikidata.org/entity/Q1043513,Sincelejo,http://www.wikidata.org/entity/Q739,Colombia,286716
http://www.wikidata.org/entity/Q100188,  Cluj-Napoca ,http://www.wikidata.org/entity/Q218,Romania,286598
http://www.wikidata.org/entity/Q100188,Cluj-Napoca,http://www.wikidata.org/entity/Q218,Romania,286598
http://www.wikidata.org/entity/Q100188,Cluj-Napoca,http://www.wikidata.org/entity/Q218,Romania,286598
http://www.wikidata.org/entity/Q100188,Cluj-Napoca,http://www.wikidata.org/entity/Q218,Romania,286598
http://www.wikidata.org/entity/Q311204,Al-Fashir.,http://www.wikidata.org/entity/Q1049,Sudan,286277
http://www.wikidata.org/entity/Q272795,Tacna,http://www.wikidata.org/entity/Q419,Peru,286240
http://www.wikidata.org/entity/Q272795,  Tacna ,http://www.wikidata.org/entity/Q419,Peru,286240
http://www.wikidata.org/entity/Q272795,TACNA,http://www.wikidata.org/entity/Q419,Peru,286240
http://www.wikidata.org/entity/Q817227,juazeiro do norte,http://www.wikidata.org/entity/Q155,Brazil,286120
http://www.wikidata.org/entity/Q42124,Yangju,http://www.wikidata.org/entity/Q884,South Korea,285930
http://www.wikidata.org/entity/Q42124,Yangju,http://www.wikidata.org/entity/Q884,South Korea,285930
http://www.wikidata.org/entity/Q820235,San Cristóbal,http://www.wikidata.org/entity/Q717,Venezuela,285872
http://www.wikidata.org/entity/Q820235,  San Cristóbal ,http://www.wikidata.org/entity/Q717,Venezuela,285872
http://www.wikidata.org/entity/Q709319,Bathinda,http://www.wikidata.org/entity/Q668,India,285813
http://www.wikidata.org/entity/Q42075,Gunpo,http://www.wikidata.org/entity/Q884,South Korea,285721
http://www.wikidata.org/entity/Q42075,Gunpo,http://www.wikidata.org/entity/Q884,South Korea,285721
http://www.wikidata.org/entity/Q694822,Gravataí.,http://www.wikidata.org/entity/Q155,Brazil,285564
http://www.wikidata.org/entity/Q1721,Wiesbaden,http://www.wikidata.org/entity/Q183,Germany,285522
http://www.wikidata.org/entity/Q1721,  Wiesbaden ,http://www.wikidata.org/entity/Q183,Germany,285522
http://www.wikidata.org/entity/Q1721,WIESBADEN,http://www.wikidata.org/entity/Q183,Germany,"285,522"
http://www.wikidata.org/entity/Q51689,plano,http://www.wikidata.org/entity/Q30,United States,285494
http://www.wikidata.org/entity/Q51689,Plano,http://www.wikidata.org/entity/Q30,United States,285494
http://www.wikidata.org/entity/Q202316,Foz do Iguaçu,http://www.wikidata.org/entity/Q155,Brazil,285415
http://www.wikidata.org/entity/Q202316,Foz do Iguaçu,http://www.wikidata.org/entity/Q155,Brazil,
http://www.wikidata.org/entity/Q184579,  Bolton ,http://www.wikidata.org/entity/Q145,United Kingdom,285372
http://www.wikidata.org/entity/Q737670,Suzano,http://www.wikidata.org/entity/Q155,Brazil,285280
http://www.wikidata.org/entity/Q5449,Yoshkar-Ola,http://www.wikidata.org/entity/Q159,Russia,285218
http://www.wikidata.org/entity/Q740833,Santa  Maria,http://www.wikidata.org/entity/Q155,Brazil,285159
http://www.wikidata.org/entity/Q983884,Várzea Grande.,http://www.wikidata.org/entity/Q155,Brazil,284971 
http://www.wikidata.org/entity/Q514136,Pyongsong,http://www.wikidata.org/entity/Q423, North Korea ,284386
http://www.wikidata.org/entity/Q514136,  Pyongsong ,http://www.wikidata.org/entity/Q423,North Korea,284386
http://www.wikidata.org/entity/Q737670,SUZANO,http://www.wikidata.org/entity/Q155,Brazil,284356
http://www.wikidata.org/entity/Q437,ljubljana,http://www.wikidata.org/entity/Q215,Slovenia,284293
http://www.wikidata.org/entity/Q437,Ljubljana,http://www.wikidata.org/entity/Q215,Slovenia,284293
http://www.wikidata.org/entity/Q437,Ljubljana,http://www.wikidata.org/entity/Q215,Slovenia,284293
http://www.wikidata.org/entity/Q437,Ljubljana,http://www.wikidata.org/entity/Q215,Slovenia,284293
http://www.wikidata.org/entity/Q161176,  Fukushima ,http://www.wikidata.org/entity/Q17,Japan,284282
http://www.wikidata.org/entity/Q161176,Fukushima,http://www.wikidata.org/entity/Q17,Japan,284282
http://www.wikidata.org/entity/Q161176,Fukushima,http://www.wikidata.org/entity/Q17,Japan,284282
http://www.wikidata.org/entity/Q1019431,M'Bour,http://www.wikidata.org/entity/Q1041,Senegal,284189
http://www.wikidata.org/entity/Q800122,Bago.,http://www.wikidata.org/entity/Q836,Myanmar,284179
http://www.wikidata.org/entity/Q800122,Bago,http://www.wikidata.org/entity/Q836,Myanmar,284179
http://www.wikidata.org/entity/Q997821,  Delmas ,http://www.wikidata.org/entity/Q790,Haiti,284079
http://www.wikidata.org/entity/Q997821,DELMAS,http://www.wikidata.org/entity/Q790,Haiti,284079
http://www.wikidata.org/entity/Q502403,ibaraki,http://www.wikidata.org/entity/Q17,Japan,283835
http://www.wikidata.org/entity/Q192181,São José Do Rio Preto,http://www.wikidata.org/entity/Q155,Brazil,283761
http://www.wikidata.org/entity/Q740833,Santa Maria,http://www.wikidata.org/entity/Q155,Brazil,283677
http://www.wikidata.org/entity/Q176891,Carapicuíba,http://www.wikidata.org/entity/Q155,Brazil,283661
http://www.wikidata.org/entity/Q694822,  Gravataí ,http://www.wikidata.org/entity/Q155,Brazil,283620
http://www.wikidata.org/entity/Q509818,Marabá,http://www.wikidata.org/entity/Q155,Brazil,283542
http://www.wikidata.org/entity/Q49229,Durham,http://www.wikidata.org/entity/Q30,United States,283506
http://www.wikidata.org/entity/Q49229,Durham,http://www.wikidata.org/entity/Q30,United States,283506
http://www.wikidata.org/entity/Q49229,Durham.,http://www.wikidata.org/entity/Q30,United States,283506
http://www.wikidata.org/entity/Q156747,Poltava,http://www.wikidata.org/entity/Q212,Ukraine,283402
http://www.wikidata.org/entity/Q172637,  Nizhnevartovsk ,http://www.wikidata.org/entity/Q159,Russia,283256
http://www.wikidata.org/entity/Q8385,OSTRAVA,http://www.wikidata.org/entity/Q213,Czech Republic,283187
http://www.wikidata.org/entity/Q8385,ostrava,http://www.wikidata.org/entity/Q213,Czech Republic,
http://www.wikidata.org/entity/Q8385,Ostrava,http://www.wikidata.org/entity/Q213,Czech Republic,283187
http://www.wikidata.org/entity/Q8385,Ostrava,http://www.wikidata.org/entity/Q213,Czech Republic,283187
http://www.wikidata.org/entity/Q8385,Ostrava,http://www.wikidata.org/entity/Q213,Czech Republic,283187
http://www.wikidata.org/entity/Q58794,  Satna ,http://www.wikidata.org/entity/Q668,India,283004
http://www.wikidata.org/entity/Q58794,Satna,http://www.wikidata.org/entity/Q668,India,283004
http://www.wikidata.org/entity/Q41621,Haifa,http://www.wikidata.org/entity/Q801,Israel,282831
http://www.wikidata.org/entity/Q41621,Haifa,http://www.wikidata.org/entity/Q801,Israel,282831
http://www.wikidata.org/entity/Q737670,Suzano.,http://www.wikidata.org/entity/Q155,Brazil,282441
http://www.wikidata.org/entity/Q82128,Temuco,http://www.wikidata.org/entity/Q298,Chile,282415
http://www.wikidata.org/entity/Q82128,  Temuco ,http://www.wikidata.org/entity/Q298,Chile,282415
http://www.wikidata.org/entity/Q840712,ICA,http://www.wikidata.org/entity/Q419,Peru,282407
http://www.wikidata.org/entity/Q840712,ica,http://www.wikidata.org/entity/Q419,Peru,282407
http://www.wikidata.org/entity/Q740833,Santa Maria,http://www.wikidata.org/entity/Q155, Brazil ,282395
http://www.wikidata.org/entity/Q740833,Santa Maria,http://www.wikidata.org/entity/Q155,Brazil,282244
http://www.wikidata.org/entity/Q740833,Santa Maria,http://www.wikidata.org/entity/Q155,Brazil,282123
http://www.wikidata.org/entity/Q538953,  La Vega ,http://www.wikidata.org/entity/Q786,Dominican Republic,282055
http://www.wikidata.org/entity/Q538953,La Vega,http://www.wikidata.org/entity/Q786,Dominican Republic,282055
http://www.wikidata.org/entity/Q983884,Várzea Grande,http://www.wikidata.org/entity/Q155,Brazil,282009
http://www.wikidata.org/entity/Q49219,Irvine,http://www.wikidata.org/entity/Q30,United States,281707 
http://www.wikidata.org/entity/Q49219,Irvine.,http://www.wikidata.org/entity/Q30,United States,281707
http://www.wikidata.org/entity/Q49219,Irvine,http://www.wikidata.org/entity/Q30,United States,281707
http://www.wikidata.org/entity/Q42148,  Chuncheon ,http://www.wikidata.org/entity/Q884,South Korea,281596
http://www.wikidata.org/entity/Q42148,CHUNCHEON,http://www.wikidata.org/entity/Q884,South Korea,281596
http://www.wikidata.org/entity/Q841241,limeira,http://www.wikidata.org/entity/Q155,Brazil,281583
http://www.wikidata.org/entity/Q694822,Gravataí,http://www.wikidata.org/entity/Q155,Brazil,281519
http://www.wikidata.org/entity/Q175323,Adapazarı,http://www.wikidata.org/entity/Q43,Turkey,281489
http://www.wikidata.org/entity/Q1136204,Camaçari,http://www.wikidata.org/entity/Q155,Brazil,281413
http://www.wikidata.org/entity/Q343973,  İnegöl ,http://www.wikidata.org/entity/Q43,Turkey,281384
http://www.wikidata.org/entity/Q343973,İnegöl,http://www.wikidata.org/entity/Q43,Turkey,281384
http://www.wikidata.org/entity/Q740833,Santa Maria,http://www.wikidata.org/entity/Q155,Brazil,280505
http://www.wikidata.org/entity/Q271333,Contagem,http://www.wikidata.org/entity/Q155,Brazil,280470
http://www.wikidata.org/entity/Q104125,Q104125.,http://www.wikidata.org/entity/Q928,Philippines,280331
http://www.wikidata.org/entity/Q5764,Bukhara,http://www.wikidata.org/entity/Q265,Uzbekistan,
http://www.wikidata.org/entity/Q5764,  Bukhara ,http://www.wikidata.org/entity/Q265,Uzbekistan,280187
http://www.wikidata.org/entity/Q841241,LIMEIRA,http://www.wikidata.org/entity/Q155,Brazil,280096
http://www.wikidata.org/entity/Q160450,samsun,http://www.wikidata.org/entity/Q43,Turkey,280000
http://www.wikidata.org/entity/Q160450,Samsun,http://www.wikidata.org/entity/Q43,Turkey,280000
http://www.wikidata.org/entity/Q160450,Samsun,http://www.wikidata.org/entity/Q43,Turkey,280000
http://www.wikidata.org/entity/Q276176,Volta Redonda,http://www.wikidata.org/entity/Q155,Brazil,279971
http://www.wikidata.org/entity/Q780534,  Sumbe ,http://www.wikidata.org/entity/Q916,Angola,279968
http://www.wikidata.org/entity/Q31356,Mingora,http://www.wikidata.org/entity/Q843,Pakistan,279914
http://www.wikidata.org/entity/Q276176,Volta Redonda,http://www.wikidata.org/entity/Q155,Brazil,279898
http://www.wikidata.org/entity/Q737670,Suzano,http://www.wikidata.org/entity/Q155,Brazil,279520
http://www.wikidata.org/entity/Q694822,Gravataí.,http://www.wikidata.org/entity/Q155,Brazil,279398
http://www.wikidata.org/entity/Q737670,Suzano,http://www.wikidata.org/entity/Q155,Brazil,279394
http://www.wikidata.org/entity/Q509818,  Marabá ,http://www.wikidata.org/entity/Q155,Brazil,279349
http://www.wikidata.org/entity/Q478818,SÃO JOSÉ DOS PINHAIS,http://www.wikidata.org/entity/Q155,Brazil,279297
http://www.wikidata.org/entity/Q1895,petrozavodsk,http://www.wikidata.org/entity/Q159,Russia,279190
http://www.wikidata.org/entity/Q501709,Jinja,http://www.wikidata.org/entity/Q1036,Uganda,279184
http://www.wikidata.org/entity/Q156732,Kherson,http://www.wikidata.org/entity/Q212,Ukraine,279131
http://www.wikidata.org/entity/Q47034,Espoo,http://www.wikidata.org/entity/Q33,Finland,279044
http://www.wikidata.org/entity/Q189043,  Petrópolis ,http://www.wikidata.org/entity/Q155,Brazil,278881
http://www.wikidata.org/entity/Q841241,Limeira,http://www.wikidata.org/entity/Q155, Brazil ,278776
http://www.wikidata.org/entity/Q1070920,Mamuju,http://www.wikidata.org/entity/Q252,Indonesia,"278,764"
http://www.wikidata.org/entity/Q740833,Santa  Maria,http://www.wikidata.org/entity/Q155,Brazil,278445
http://www.wikidata.org/entity/Q685315,Barasat.,http://www.wikidata.org/entity/Q668,India,278435
http://www.wikidata.org/entity/Q40435,Buffalo,http://www.wikidata.org/entity/Q30,United States,278349
http://www.wikidata.org/entity/Q40435,  Buffalo ,http://www.wikidata.org/entity/Q30,United States,278349
http://www.wikidata.org/entity/Q40435,BUFFALO,http://www.wikidata.org/entity/Q30,United States,278349
http://www.wikidata.org/entity/Q841241,limeira,http://www.wikidata.org/entity/Q155,Brazil,278093
http://www.wikidata.org/entity/Q588,Katowice,http://www.wikidata.org/entity/Q36,Poland,278090
http://www.wikidata.org/entity/Q588,Katowice,http://www.wikidata.org/entity/Q36,Poland,278090
http://www.wikidata.org/entity/Q588,Katowice,http://www.wikidata.org/entity/Q36,Poland,278090
http://www.wikidata.org/entity/Q5979,  Pematangsiantar ,http://www.wikidata.org/entity/Q252,Indonesia,278055
http://www.wikidata.org/entity/Q188304,Sunderland,http://www.wikidata.org/entity/Q145,United Kingdom,277417
http://www.wikidata.org/entity/Q188304,Sunderland,http://www.wikidata.org/entity/Q145,United Kingdom,
http://www.wikidata.org/entity/Q196489,Sterlitamak,http://www.wikidata.org/entity/Q159,Russia,277410
http://www.wikidata.org/entity/Q740833,Santa Maria.,http://www.wikidata.org/entity/Q155,Brazil,277309
http://www.wikidata.org/entity/Q1022488,Brighton and Hove,http://www.wikidata.org/entity/Q145,United Kingdom,277103
http://www.wikidata.org/entity/Q1022488,  Brighton and Hove ,http://www.wikidata.org/entity/Q145,United Kingdom,277103
http://www.wikidata.org/entity/Q18592055,GAGNOA,http://www.wikidata.org/entity/Q1008,Ivory Coast,277044
http://www.wikidata.org/entity/Q193486,dire dawa,http://www.wikidata.org/entity/Q115,Ethiopia,277000
http://www.wikidata.org/entity/Q193486,Dire Dawa,http://www.wikidata.org/entity/Q115,Ethiopia,277000
http://www.wikidata.org/entity/Q659450,Santarém,http://www.wikidata.org/entity/Q155,Brazil,276665
http://www.wikidata.org/entity/Q651860,Embu das Artes,http://www.wikidata.org/entity/Q155,Brazil,276535
http://www.wikidata.org/entity/Q696074,  Juliaca ,http://www.wikidata.org/entity/Q419,Peru,276110
http://www.wikidata.org/entity/Q740833,Santa Maria,http://www.wikidata.org/entity/Q155,Brazil,276108
http://www.wikidata.org/entity/Q841241,Limeira,http://www.wikidata.org/entity/Q155,Brazil,276022
http://www.wikidata.org/entity/Q44238,Posadas,http://www.wikidata.org/entity/Q414,Argentina,275988
http://www.wikidata.org/entity/Q44238,Posadas.,http://www.wikidata.org/entity/Q414,Argentina,275988
http://www.wikidata.org/entity/Q44238,Posadas,http://www.wikidata.org/entity/Q414,Argentina,275988
http://www.wikidata.org/entity/Q49272,  Chandler ,http://www.wikidata.org/entity/Q30,United States,275987
http://www.wikidata.org/entity/Q49272,CHANDLER,http://www.wikidata.org/entity/Q30,United States,275987
http://www.wikidata.org/entity/Q11027,tegal,http://www.wikidata.org/entity/Q252,Indonesia,275789
http://www.wikidata.org/entity/Q1136204,Camaçari,http://www.wikidata.org/entity/Q155,Brazil,275575
http://www.wikidata.org/entity/Q42075,Gunpo,http://www.wikidata.org/entity/Q884,South Korea,275571
http://www.wikidata.org/entity/Q659450,Santarém,http://www.wikidata.org/entity/Q155,Brazil,275571
http://www.wikidata.org/entity/Q42075,  Gunpo ,http://www.wikidata.org/entity/Q884,South Korea,275571
http://www.wikidata.org/entity/Q11194,Sarajevo,http://www.wikidata.org/entity/Q225,Bosnia and Herzegovina,275524
http://www.wikidata.org/entity/Q11194,Sarajevo,http://www.wikidata.org/entity/Q225,Bosnia and Herzegovina,275524
http://www.wikidata.org/entity/Q11194,Sarajevo,http://www.wikidata.org/entity/Q225,Bosnia and Herzegovina,275524
http://www.wikidata.org/entity/Q49270,Chula Vista.,http://www.wikidata.org/entity/Q30,United States,275487
http://www.wikidata.org/entity/Q49270,Chula Vista,http://www.wikidata.org/entity/Q30, United States ,275487
http://www.wikidata.org/entity/Q49270,  Chula Vista ,http://www.wikidata.org/entity/Q30,United States,275487
http://www.wikidata.org/entity/Q693929,KIZILTEPE,http://www.wikidata.org/entity/Q43,Turkey,275460
http://www.wikidata.org/entity/Q694822,gravataí,http://www.wikidata.org/entity/Q155,Brazil,275430
http://www.wikidata.org/entity/Q23185,Mytishchi,http://www.wikidata.org/entity/Q159,Russia,275313
http://www.wikidata.org/entity/Q694822,Gravataí,http://www.wikidata.org/entity/Q155,Brazil,275294
http://www.wikidata.org/entity/Q42074,Gunsan,http://www.wikidata.org/entity/Q884,South Korea,
http://www.wikidata.org/entity/Q42074,  Gunsan ,http://www.wikidata.org/entity/Q884,South Korea,275155
http://www.wikidata.org/entity/Q694822,Gravataí,http://www.wikidata.org/entity/Q155,Brazil,275146
http://www.wikidata.org/entity/Q509818,Marabá,http://www.wikidata.org/entity/Q155,Brazil,275086
http://www.wikidata.org/entity/Q276176,Volta  Redonda,http://www.wikidata.org/entity/Q155,Brazil,274925
http://www.wikidata.org/entity/Q644008,Qarshi.,http://www.wikidata.org/entity/Q265,Uzbekistan,274891
http://www.wikidata.org/entity/Q740833,Santa Maria,http://www.wikidata.org/entity/Q155,Brazil,274838
http://www.wikidata.org/entity/Q47034,  Espoo ,http://www.wikidata.org/entity/Q33,Finland,274583
http://www.wikidata.org/entity/Q841222,CARIACICA,http://www.wikidata.org/entity/Q155,Brazil,274532
http://www.wikidata.org/entity/Q156717,khmelnytskyi,http://www.wikidata.org/entity/Q212,Ukraine,274452
http://www.wikidata.org/entity/Q669305,Cotia,http://www.wikidata.org/entity/Q155,Brazil,274413
http://www.wikidata.org/entity/Q983884,Várzea Grande,http://www.wikidata.org/entity/Q155,Brazil,274013
http://www.wikidata.org/entity/Q276176,Volta Redonda,http://www.wikidata.org/entity/Q155,Brazil,273988
http://www.wikidata.org/entity/Q652376,  Ratlam ,http://www.wikidata.org/entity/Q668,India,273892
http://www.wikidata.org/entity/Q652376,Ratlam,http://www.wikidata.org/entity/Q668,India,273892 
http://www.wikidata.org/entity/Q42125,Yeosu,http://www.wikidata.org/entity/Q884,South Korea,273761
http://www.wikidata.org/entity/Q42125,Yeosu,http://www.wikidata.org/entity/Q884,South Korea,273761
http://www.wikidata.org/entity/Q694822,Gravataí.,http://www.wikidata.org/entity/Q155,Brazil,273742
http://www.wikidata.org/entity/Q242906,Ponta Grossa,http://www.wikidata.org/entity/Q155,Brazil,273616
http://www.wikidata.org/entity/Q841231,  Taboão da Serra ,http://www.wikidata.org/entity/Q155,Brazil,273542
http://www.wikidata.org/entity/Q740833,SANTA MARIA,http://www.wikidata.org/entity/Q155,Brazil,273489
http://www.wikidata.org/entity/Q714865,haeju,http://www.wikidata.org/entity/Q423,North Korea,273300
http://www.wikidata.org/entity/Q714865,Haeju,http://www.wikidata.org/entity/Q423,North Korea,273300
http://www.wikidata.org/entity/Q203027,Tsu,http://www.wikidata.org/entity/Q17,Japan,273267
http://www.wikidata.org/entity/Q203027,Tsu,http://www.wikidata.org/entity/Q17,Japan,273267
http://www.wikidata.org/entity/Q478818,  São José dos Pinhais ,http://www.wikidata.org/entity/Q155,Brazil,273255
http://www.wikidata.org/entity/Q504755,Imperatriz,http://www.wikidata.org/entity/Q155,Brazil,273110
http://www.wikidata.org/entity/Q276176,Volta Redonda,http://www.wikidata.org/entity/Q155,Brazil,273012
http://www.wikidata.org/entity/Q1587131,Soubré,http://www.wikidata.org/entity/Q1008,Ivory Coast,272773
http://www.wikidata.org/entity/Q1296,Ghent.,http://www.wikidata.org/entity/Q31,Belgium,272657
http://www.wikidata.org/entity/Q1296,Ghent,http://www.wikidata.org/entity/Q31,Belgium,272657
http://www.wikidata.org/entity/Q478818,  São José dos Pinhais ,http://www.wikidata.org/entity/Q155,Brazil,272530
http://www.wikidata.org/entity/Q629006,BANDEL,http://www.wikidata.org/entity/Q668,India,272302
http://www.wikidata.org/entity/Q694822,gravataí,http://www.wikidata.org/entity/Q155,Brazil,
http://www.wikidata.org/entity/Q276176,Volta Redonda,http://www.wikidata.org/entity/Q155, Brazil ,271998
http://www.wikidata.org/entity/Q239097,Deir ez-Zor,http://www.wikidata.org/entity/Q858,Syria,271800
http://www.wikidata.org/entity/Q239097,Deir ez Zor,http://www.wikidata.org/entity/Q858,Syria,271800
http://www.wikidata.org/entity/Q740833,  Santa Maria ,http://www.wikidata.org/entity/Q155,Brazil,271735
http://www.wikidata.org/entity/Q46852,Iași,http://www.wikidata.org/entity/Q218,Romania,271692
http://www.wikidata.org/entity/Q46852,Iași,http://www.wikidata.org/entity/Q218,Romania,271692
http://www.wikidata.org/entity/Q46852,Iași,http://www.wikidata.org/entity/Q218,Romania,271692
http://www.wikidata.org/entity/Q509818,Marabá.,http://www.wikidata.org/entity/Q155,Brazil,271594
http://www.wikidata.org/entity/Q983884,Várzea Grande,http://www.wikidata.org/entity/Q155,Brazil,271339
http://www.wikidata.org/entity/Q491123,  Kyzylorda ,http://www.wikidata.org/entity/Q232,Kazakhstan,271309
http://www.wikidata.org/entity/Q44213,PARANÁ,http://www.wikidata.org/entity/Q414,Argentina,271304
http://www.wikidata.org/entity/Q44213,paraná,http://www.wikidata.org/entity/Q414,Argentina,271304
http://www.wikidata.org/entity/Q44213,Paraná,http://www.wikidata.org/entity/Q414,Argentina,"271,304"
http://www.wikidata.org/entity/Q79848,Southampton,http://www.wikidata.org/entity/Q145,United Kingdom,271173
http://www.wikidata.org/entity/Q79848,Southampton,http://www.wikidata.org/entity/Q145,United Kingdom,271173
http://www.wikidata.org/entity/Q49239,  Toledo ,http://www.wikidata.org/entity/Q30,United States,270871
http://www.wikidata.org/entity/Q49239,Toledo,http://www.wikidata.org/entity/Q30,United States,270871
http://www.wikidata.org/entity/Q49239,Toledo,http://www.wikidata.org/entity/Q30,United States,270871
http://www.wikidata.org/entity/Q204249,Mito,http://www.wikidata.org/entity/Q17,Japan,270823
http://www.wikidata.org/entity/Q204249,Mito.,http://www.wikidata.org/entity/Q17,Japan,270823
http://www.wikidata.org/entity/Q204249,Mito,http://www.wikidata.org/entity/Q17,Japan,270823
http://www.wikidata.org/entity/Q204249,  Mito ,http://www.wikidata.org/entity/Q17,Japan,270823
http://www.wikidata.org/entity/Q42137,IKSAN,http://www.wikidata.org/entity/Q884,South Korea,270758
http://www.wikidata.org/entity/Q42137,iksan,http://www.wikidata.org/entity/Q884,South Korea,270758
http://www.wikidata.org/entity/Q694822,Gravataí,http://www.wikidata.org/entity/Q155,Brazil,270689
http://www.wikidata.org/entity/Q24910870,Tabou,http://www.wikidata.org/entity/Q1008,Ivory Coast,270482
http://www.wikidata.org/entity/Q204249,Mito,http://www.wikidata.org/entity/Q17,Japan,270445
http://www.wikidata.org/entity/Q204249,  Mito ,http://www.wikidata.org/entity/Q17,Japan,270445 
http://www.wikidata.org/entity/Q204249,Mito,http://www.wikidata.org/entity/Q17,Japan,270445
http://www.wikidata.org/entity/Q204249,Mito,http://www.wikidata.org/entity/Q17,Japan,270445
http://www.wikidata.org/entity/Q42075,Gunpo,http://www.wikidata.org/entity/Q884,South Korea,270443
http://www.wikidata.org/entity/Q42075,Gunpo.,http://www.wikidata.org/entity/Q884,South Korea,270443
http://www.wikidata.org/entity/Q173849,São José,http://www.wikidata.org/entity/Q155,Brazil,
http://www.wikidata.org/entity/Q41997,  Talcahuano ,http://www.wikidata.org/entity/Q298,Chile,270000
http://www.wikidata.org/entity/Q43788,MADISON,http://www.wikidata.org/entity/Q30,United States,269840
http://www.wikidata.org/entity/Q43788,madison,http://www.wikidata.org/entity/Q30,United States,269840
http://www.wikidata.org/entity/Q43788,Madison,http://www.wikidata.org/entity/Q30,United States,269840
http://www.wikidata.org/entity/Q43788,Madison,http://www.wikidata.org/entity/Q30,United States,269840
http://www.wikidata.org/entity/Q157055,Cherkasy,http://www.wikidata.org/entity/Q212,Ukraine,269836
http://www.wikidata.org/entity/Q2180,  Malolos ,http://www.wikidata.org/entity/Q928,Philippines,269809
http://www.wikidata.org/entity/Q47034,Espoo,http://www.wikidata.org/entity/Q33, Finland ,269802
http://www.wikidata.org/entity/Q206900,Çorum,http://www.wikidata.org/entity/Q43,Turkey,269595
http://www.wikidata.org/entity/Q206900,Çorum,http://www.wikidata.org/entity/Q43,Turkey,269595
http://www.wikidata.org/entity/Q694822,Gravataí.,http://www.wikidata.org/entity/Q155,Brazil,269446
http://www.wikidata.org/entity/Q720828,Handwara,http://www.wikidata.org/entity/Q668,India,269311
http://www.wikidata.org/entity/Q5954,  Binjai ,http://www.wikidata.org/entity/Q252,Indonesia,269053
http://www.wikidata.org/entity/Q694822,GRAVATAÍ,http://www.wikidata.org/entity/Q155,Brazil,269022
http://www.wikidata.org/entity/Q740833,santa maria,http://www.wikidata.org/entity/Q155,Brazil,268969
http://www.wikidata.org/entity/Q2758,Mönchengladbach,http://www.wikidata.org/entity/Q183,Germany,268943
http://www.wikidata.org/entity/Q2758,Mönchengladbach,http://www.wikidata.org/entity/Q183,Germany,268943
http://www.wikidata.org/entity/Q2758,Mönchengladbach,http://www.wikidata.org/entity/Q183,Germany,268943
http://www.wikidata.org/entity/Q478818,  São José dos Pinhais ,http://www.wikidata.org/entity/Q155,Brazil,268807
http://www.wikidata.org/entity/Q956602,Durg,http://www.wikidata.org/entity/Q668,India,268806
http://www.wikidata.org/entity/Q956602,Durg,http://www.wikidata.org/entity/Q668,India,268806
http://www.wikidata.org/entity/Q983884,Várzea  Grande,http://www.wikidata.org/entity/Q155,Brazil,268594
http://www.wikidata.org/entity/Q897320,Brahmanbaria.,http://www.wikidata.org/entity/Q902,Bangladesh,268279
http://www.wikidata.org/entity/Q897320,Brahmanbaria,http://www.wikidata.org/entity/Q902,Bangladesh,268279
http://www.wikidata.org/entity/Q208097,  Imphal ,http://www.wikidata.org/entity/Q668,India,268243
http://www.wikidata.org/entity/Q208097,IMPHAL,http://www.wikidata.org/entity/Q668,India,268243
http://www.wikidata.org/entity/Q207881,ichihara,http://www.wikidata.org/entity/Q17,Japan,268038
http://www.wikidata.org/entity/Q1479,Bordeaux,http://www.wikidata.org/entity/Q142,France,267991
http://www.wikidata.org/entity/Q31350,Shibin Al Kawm,http://www.wikidata.org/entity/Q79,Egypt,267945
http://www.wikidata.org/entity/Q31350,Shibin Al Kawm,http://www.wikidata.org/entity/Q79,Egypt,267945
http://www.wikidata.org/entity/Q43382,  Plymouth ,http://www.wikidata.org/entity/Q145,United Kingdom,267918
http://www.wikidata.org/entity/Q43382,Plymouth,http://www.wikidata.org/entity/Q145,United Kingdom,267918
http://www.wikidata.org/entity/Q1806100,Parauapebas,http://www.wikidata.org/entity/Q155,Brazil,
http://www.wikidata.org/entity/Q1355911,Ruili,http://www.wikidata.org/entity/Q148,People's Republic of China,267638
http://www.wikidata.org/entity/Q1355911,Ruili.,http://www.wikidata.org/entity/Q148,People's Republic of China,267638
http://www.wikidata.org/entity/Q737670,Suzano,http://www.wikidata.org/entity/Q155,Brazil,267583
http://www.wikidata.org/entity/Q664550,  Maradi ,http://www.wikidata.org/entity/Q1032,Niger,267249
http://www.wikidata.org/entity/Q664550,MARADI,http://www.wikidata.org/entity/Q1032,Niger,267249
http://www.wikidata.org/entity/Q168197,adıyaman,http://www.wikidata.org/entity/Q43,Turkey,267131
http://www.wikidata.org/entity/Q168197,Adıyaman,http://www.wikidata.org/entity/Q43,Turkey,267131
http://www.wikidata.org/entity/Q509818,Marabá,http://www.wikidata.org/entity/Q155,Brazil,266932
http://www.wikidata.org/entity/Q740833,Santa Maria,http://www.wikidata.org/entity/Q155,Brazil,266822 
http://www.wikidata.org/entity/Q188894,  Kütahya ,http://www.wikidata.org/entity/Q43,Turkey,266784
http://www.wikidata.org/entity/Q188894,Kütahya,http://www.wikidata.org/entity/Q43,Turkey,266784
http://www.wikidata.org/entity/Q132189,St.-Marc,http://www.wikidata.org/entity/Q790,Haiti,266642
http://www.wikidata.org/entity/Q132189,Saint-Marc,http://www.wikidata.org/entity/Q790,Haiti,266642
http://www.wikidata.org/entity/Q462218,Governador Valadares.,http://www.wikidata.org/entity/Q155,Brazil,266561
http://www.wikidata.org/entity/Q509818,Marabá,http://www.wikidata.org/entity/Q155, Brazil ,266533
http://www.wikidata.org/entity/Q694822,  Gravataí ,http://www.wikidata.org/entity/Q155,Brazil,266230
http://www.wikidata.org/entity/Q10566,SASKATOON,http://www.wikidata.org/entity/Q16,Canada,266141
http://www.wikidata.org/entity/Q942135,sumaré,http://www.wikidata.org/entity/Q155,Brazil,265955
http://www.wikidata.org/entity/Q2765,Gelsenkirchen,http://www.wikidata.org/entity/Q183,Germany,265885
http://www.wikidata.org/entity/Q2765,Gelsenkirchen,http://www.wikidata.org/entity/Q183,Germany,265885
http://www.wikidata.org/entity/Q2765,Gelsenkirchen,http://www.wikidata.org/entity/Q183,Germany,265885
http://www.wikidata.org/entity/Q540312,  Nagaoka ,http://www.wikidata.org/entity/Q17,Japan,265868
http://www.wikidata.org/entity/Q540312,Nagaoka,http://www.wikidata.org/entity/Q17,Japan,265868
http://www.wikidata.org/entity/Q2794758,Djelfa,http://www.wikidata.org/entity/Q262,Algeria,265833
http://www.wikidata.org/entity/Q2794758,Djelfa,http://www.wikidata.org/entity/Q262,Algeria,265833
http://www.wikidata.org/entity/Q983884,Várzea Grande.,http://www.wikidata.org/entity/Q155,Brazil,265775
http://www.wikidata.org/entity/Q156752,Sumy,http://www.wikidata.org/entity/Q212,Ukraine,265758
http://www.wikidata.org/entity/Q1134454,  Coro ,http://www.wikidata.org/entity/Q717,Venezuela,265569
http://www.wikidata.org/entity/Q1134454,CORO,http://www.wikidata.org/entity/Q717,Venezuela,265569
http://www.wikidata.org/entity/Q47034,espoo,http://www.wikidata.org/entity/Q33,Finland,265543
http://www.wikidata.org/entity/Q157725,Chernivtsi,http://www.wikidata.org/entity/Q212,Ukraine,265471
http://www.wikidata.org/entity/Q157725,Chernivtsi,http://www.wikidata.org/entity/Q212,Ukraine,265471
http://www.wikidata.org/entity/Q42112,Suncheon,http://www.wikidata.org/entity/Q884,South Korea,
http://www.wikidata.org/entity/Q42112,  Suncheon ,http://www.wikidata.org/entity/Q884,South Korea,265390
http://www.wikidata.org/entity/Q276176,Volta Redonda,http://www.wikidata.org/entity/Q155,Brazil,265201
http://www.wikidata.org/entity/Q694822,Gravataí,http://www.wikidata.org/entity/Q155,Brazil,265074
http://www.wikidata.org/entity/Q737670,Suzano,http://www.wikidata.org/entity/Q155,Brazil,265074
http://www.wikidata.org/entity/Q659450,Santarém.,http://www.wikidata.org/entity/Q155,Brazil,"265,062"
http://www.wikidata.org/entity/Q583184,Antsirabe,http://www.wikidata.org/entity/Q1019,Madagascar,265018
http://www.wikidata.org/entity/Q583184,  Antsirabe ,http://www.wikidata.org/entity/Q1019,Madagascar,265018
http://www.wikidata.org/entity/Q208097,IMPHAL,http://www.wikidata.org/entity/Q668,India,264986
http://www.wikidata.org/entity/Q208097,imphal,http://www.wikidata.org/entity/Q668,India,264986
http://www.wikidata.org/entity/Q490872,Yao,http://www.wikidata.org/entity/Q17,Japan,264913
http://www.wikidata.org/entity/Q490872,Yao,http://www.wikidata.org/entity/Q17,Japan,264913
http://www.wikidata.org/entity/Q56759,Olongapo,http://www.wikidata.org/entity/Q928,Philippines,264903
http://www.wikidata.org/entity/Q1075566,  Taunggyi ,http://www.wikidata.org/entity/Q836,Myanmar,264804
http://www.wikidata.org/entity/Q42059,Gyeongsan,http://www.wikidata.org/entity/Q884,South Korea,264754
http://www.wikidata.org/entity/Q42059,Gyeongsan,http://www.wikidata.org/entity/Q884,South Korea,264754
http://www.wikidata.org/entity/Q605142,Dezful,http://www.wikidata.org/entity/Q794,Iran,264709
http://www.wikidata.org/entity/Q35246,Oruro.,http://www.wikidata.org/entity/Q750,Bolivia,264683
http://www.wikidata.org/entity/Q35246,Oruro,http://www.wikidata.org/entity/Q750,Bolivia,264683
http://www.wikidata.org/entity/Q694845,  Mossoró ,http://www.wikidata.org/entity/Q155,Brazil,264577
http://www.wikidata.org/entity/Q44214,FORMOSA,http://www.wikidata.org/entity/Q414,Argentina,264452
http://www.wikidata.org/entity/Q44214,formosa,http://www.wikidata.org/entity/Q414,Argentina,264452
http://www.wikidata.org/entity/Q44214,Formosa,http://www.wikidata.org/entity/Q414, Argentina ,264452
http://www.wikidata.org/entity/Q731039,Mbarara City,http://www.wikidata.org/entity/Q1036,Uganda,264425 
http://www.wikidata.org/entity/Q131350,Nishapur,http://www.wikidata.org/entity/Q794,Iran,264375
http://www.wikidata.org/entity/Q204234,  Milton Keynes ,http://www.wikidata.org/entity/Q145,United Kingdom,264349
http://www.wikidata.org/entity/Q204234,Milton Keynes,http://www.wikidata.org/entity/Q145,United Kingdom,264349
http://www.wikidata.org/entity/Q478818,São José dos Pinhais,http://www.wikidata.org/entity/Q155,Brazil,264210
http://www.wikidata.org/entity/Q49225,Reno,http://www.wikidata.org/entity/Q30,United States,264165
http://www.wikidata.org/entity/Q49225,Reno.,http://www.wikidata.org/entity/Q30,United States,264165
http://www.wikidata.org/entity/Q7782,Dumai,http://www.wikidata.org/entity/Q252,Indonesia,264084
http://www.wikidata.org/entity/Q842713,  Itajaí ,http://www.wikidata.org/entity/Q155,Brazil,264054
http://www.wikidata.org/entity/Q651874,DOURADOS,http://www.wikidata.org/entity/Q155,Brazil,264017
http://www.wikidata.org/entity/Q49268,fort wayne,http://www.wikidata.org/entity/Q30,United States,
http://www.wikidata.org/entity/Q49268,Fort Wayne,http://www.wikidata.org/entity/Q30,United States,263886
http://www.wikidata.org/entity/Q316500,Talisay,http://www.wikidata.org/entity/Q928,Philippines,263832
http://www.wikidata.org/entity/Q486545,Taraz,http://www.wikidata.org/entity/Q232,Kazakhstan,263793
http://www.wikidata.org/entity/Q486545,  Taraz ,http://www.wikidata.org/entity/Q232,Kazakhstan,263793
http://www.wikidata.org/entity/Q983714,Rondonópolis,http://www.wikidata.org/entity/Q155,Brazil,263708
http://www.wikidata.org/entity/Q79808,Constanța,http://www.wikidata.org/entity/Q218,Romania,263707
http://www.wikidata.org/entity/Q79808,Constanța,http://www.wikidata.org/entity/Q218,Romania,263707
http://www.wikidata.org/entity/Q79808,Constanța.,http://www.wikidata.org/entity/Q218,Romania,263707
http://www.wikidata.org/entity/Q79808,Constanța,http://www.wikidata.org/entity/Q218,Romania,263707
http://www.wikidata.org/entity/Q740833,  Santa Maria ,http://www.wikidata.org/entity/Q155,Brazil,263662
http://www.wikidata.org/entity/Q276176,VOLTA REDONDA,http://www.wikidata.org/entity/Q155,Brazil,263659
http://www.wikidata.org/entity/Q183303,jalalabad,http://www.wikidata.org/entity/Q889,Afghanistan,263312
http://www.wikidata.org/entity/Q183303,Jalalabad,http://www.wikidata.org/entity/Q889,Afghanistan,263312
http://www.wikidata.org/entity/Q1017637,Nawabshah,http://www.wikidata.org/entity/Q843,Pakistan,263102
http://www.wikidata.org/entity/Q1017637,Nawabshah,http://www.wikidata.org/entity/Q843,Pakistan,263102
http://www.wikidata.org/entity/Q208818,  Fuchū ,http://www.wikidata.org/entity/Q17,Japan,263093
http://www.wikidata.org/entity/Q191718,Berbera,http://www.wikidata.org/entity/Q1045,Somalia,263000
http://www.wikidata.org/entity/Q191718,Berbera,http://www.wikidata.org/entity/Q34754,Somaliland,263000
http://www.wikidata.org/entity/Q191718,Berbera,http://www.wikidata.org/entity/Q1045,Somalia,263000
http://www.wikidata.org/entity/Q191718,Berbera.,http://www.wikidata.org/entity/Q34754,Somaliland,263000
http://www.wikidata.org/entity/Q276176,Volta Redonda,http://www.wikidata.org/entity/Q155,Brazil,262970
http://www.wikidata.org/entity/Q983884,  Várzea Grande ,http://www.wikidata.org/entity/Q155,Brazil,262880
http://www.wikidata.org/entity/Q47837,LAAYOUNE,http://www.wikidata.org/entity/Q1028,Morocco,262791
http://www.wikidata.org/entity/Q47837,laayoune,http://www.wikidata.org/entity/Q40362,Sahrawi Arab Democratic Republic,262791
http://www.wikidata.org/entity/Q659450,Santarém,http://www.wikidata.org/entity/Q155,Brazil,262538
http://www.wikidata.org/entity/Q143782,North Las Vegas,http://www.wikidata.org/entity/Q30,United States,262527
http://www.wikidata.org/entity/Q143782,North Las Vegas,http://www.wikidata.org/entity/Q30,United States,262527
http://www.wikidata.org/entity/Q22062839,  Vitória da Conquista ,http://www.wikidata.org/entity/Q155,Brazil,262494
http://www.wikidata.org/entity/Q737670,Suzano,http://www.wikidata.org/entity/Q155, Brazil ,262480
http://www.wikidata.org/entity/Q828782,Quilmes,http://www.wikidata.org/entity/Q414,Argentina,262379
http://www.wikidata.org/entity/Q828782,Quilmes,http://www.wikidata.org/entity/Q414,Argentina,262379
http://www.wikidata.org/entity/Q740833,Santa Maria.,http://www.wikidata.org/entity/Q155,Brazil,262368
http://www.wikidata.org/entity/Q276176,Volta Redonda,http://www.wikidata.org/entity/Q155,Brazil,
http://www.wikidata.org/entity/Q47034,  Espoo ,http://www.wikidata.org/entity/Q33,Finland,262140
http://www.wikidata.org/entity/Q509818,MARABÁ,http://www.wikidata.org/entity/Q155,Brazil,262085
http://www.wikidata.org/entity/Q15760,novorossiysk,http://www.wikidata.org/entity/Q159,Russia,261973
http://www.wikidata.org/entity/Q15760,Novorossiysk,http://www.wikidata.org/entity/Q159,Russia,261973 
http://www.wikidata.org/entity/Q187861,Wollongong,http://www.wikidata.org/entity/Q408,Australia,261896
http://www.wikidata.org/entity/Q156713,Zhytomyr,http://www.wikidata.org/entity/Q212,Ukraine,261624
http://www.wikidata.org/entity/Q276176,  Volta Redonda ,http://www.wikidata.org/entity/Q155,Brazil,261563
http://www.wikidata.org/entity/Q276176,Volta Redonda,http://www.wikidata.org/entity/Q155,Brazil,261522
http://www.wikidata.org/entity/Q201618,Fukui,http://www.wikidata.org/entity/Q17,Japan,261474
http://www.wikidata.org/entity/Q201618,Fukui,http://www.wikidata.org/entity/Q17,Japan,261474
http://www.wikidata.org/entity/Q201618,Fukui.,http://www.wikidata.org/entity/Q17,Japan,261474
http://www.wikidata.org/entity/Q201618,Fukui,http://www.wikidata.org/entity/Q17,Japan,261474
http://www.wikidata.org/entity/Q276176,  Volta Redonda ,http://www.wikidata.org/entity/Q155,Brazil,261403
http://www.wikidata.org/entity/Q694822,GRAVATAÍ,http://www.wikidata.org/entity/Q155,Brazil,261150
http://www.wikidata.org/entity/Q990001,heroica nogales,http://www.wikidata.org/entity/Q96,Mexico,261137
http://www.wikidata.org/entity/Q990001,Heroica Nogales,http://www.wikidata.org/entity/Q96,Mexico,261137
http://www.wikidata.org/entity/Q740833,Santa Maria,http://www.wikidata.org/entity/Q155,Brazil,261031
http://www.wikidata.org/entity/Q47034,Espoo,http://www.wikidata.org/entity/Q33,Finland,260753
http://www.wikidata.org/entity/Q249995,  Chiayi City ,http://www.wikidata.org/entity/Q865,Taiwan,260749
http://www.wikidata.org/entity/Q732905,Viamão,http://www.wikidata.org/entity/Q155,Brazil,260740
http://www.wikidata.org/entity/Q651874,Dourados,http://www.wikidata.org/entity/Q155,Brazil,260640
http://www.wikidata.org/entity/Q750569,Kakogawa,http://www.wikidata.org/entity/Q17,Japan,260595
http://www.wikidata.org/entity/Q750569,Kakogawa.,http://www.wikidata.org/entity/Q17,Japan,260595
http://www.wikidata.org/entity/Q55630,Novi Sad,http://www.wikidata.org/entity/Q403,Serbia,260438
http://www.wikidata.org/entity/Q55630,  Novi Sad ,http://www.wikidata.org/entity/Q403,Serbia,260438
http://www.wikidata.org/entity/Q128147,KINGSTON UPON HULL,http://www.wikidata.org/entity/Q145,United Kingdom,260200
http://www.wikidata.org/entity/Q128147,kingston upon hull,http://www.wikidata.org/entity/Q179876,Kingdom of England,260200
http://www.wikidata.org/entity/Q276176,Volta Redonda,http://www.wikidata.org/entity/Q155,Brazil,260180
http://www.wikidata.org/entity/Q109188,Pelotas,http://www.wikidata.org/entity/Q155,Brazil,259994
http://www.wikidata.org/entity/Q592338,Marawi,http://www.wikidata.org/entity/Q928,Philippines,"259,993"
http://www.wikidata.org/entity/Q276176,  Volta Redonda ,http://www.wikidata.org/entity/Q155,Brazil,259811
http://www.wikidata.org/entity/Q2657702,Kotri,http://www.wikidata.org/entity/Q843,Pakistan,259358
http://www.wikidata.org/entity/Q40626,Tacloban,http://www.wikidata.org/entity/Q928,Philippines,
http://www.wikidata.org/entity/Q983714,Rondonópolis,http://www.wikidata.org/entity/Q155,Brazil,259167
http://www.wikidata.org/entity/Q694822,Gravataí.,http://www.wikidata.org/entity/Q155,Brazil,259138
http://www.wikidata.org/entity/Q131323,Misrata,http://www.wikidata.org/entity/Q1016, Libya ,259056
http://www.wikidata.org/entity/Q131323,  Misrata ,http://www.wikidata.org/entity/Q1016,Libya,259056
http://www.wikidata.org/entity/Q131323,MISRATA,http://www.wikidata.org/entity/Q1016,Libya,259056
http://www.wikidata.org/entity/Q170457,aydın,http://www.wikidata.org/entity/Q43,Turkey,259027
http://www.wikidata.org/entity/Q170457,Aydın,http://www.wikidata.org/entity/Q43,Turkey,259027
http://www.wikidata.org/entity/Q170457,Aydın,http://www.wikidata.org/entity/Q43,Turkey,259027
http://www.wikidata.org/entity/Q276176,Volta Redonda,http://www.wikidata.org/entity/Q155,Brazil,259011
http://www.wikidata.org/entity/Q488990,  Kostanay ,http://www.wikidata.org/entity/Q232,Kazakhstan,258990
http://www.wikidata.org/entity/Q477238,Taloqan,http://www.wikidata.org/entity/Q889,Afghanistan,258758
http://www.wikidata.org/entity/Q990738,Manta,http://www.wikidata.org/entity/Q736,Ecuador,258697
http://www.wikidata.org/entity/Q273779,Saint-Louis,http://www.wikidata.org/entity/Q1041,Senegal,258592
http://www.wikidata.org/entity/Q273779,Saint-Louis.,http://www.wikidata.org/entity/Q1041,Senegal,258592
http://www.wikidata.org/entity/Q28260,Lincoln,http://www.wikidata.org/entity/Q30,United States,258379
http://www.wikidata.org/entity/Q28260,  Lincoln ,http://www.wikidata.org/entity/Q30,United States,258379
http://www.wikidata.org/entity/Q28260,LINCOLN,http://www.wikidata.org/entity/Q30,United States,258379
http://www.wikidata.org/entity/Q49236,st. petersburg,http://www.wikidata.org/entity/Q30,United States,258308 
http://www.wikidata.org/entity/Q49236,St. Petersburg,http://www.wikidata.org/entity/Q30,United States,258308
http://www.wikidata.org/entity/Q134902,Stoke-on-Trent,http://www.wikidata.org/entity/Q145,United Kingdom,258300
http://www.wikidata.org/entity/Q134902,Stoke on Trent,http://www.wikidata.org/entity/Q145,United Kingdom,258300
http://www.wikidata.org/entity/Q216897,  Siverek ,http://www.wikidata.org/entity/Q43,Turkey,258265
http://www.wikidata.org/entity/Q983884,Várzea Grande,http://www.wikidata.org/entity/Q155,Brazil,258208
http://www.wikidata.org/entity/Q1006303,Mymensingh,http://www.wikidata.org/entity/Q902,Bangladesh,258040
http://www.wikidata.org/entity/Q669305,Cotia,http://www.wikidata.org/entity/Q155,Brazil,257882
http://www.wikidata.org/entity/Q732905,Viamão.,http://www.wikidata.org/entity/Q155,Brazil,257844
http://www.wikidata.org/entity/Q276176,Volta Redonda,http://www.wikidata.org/entity/Q155,Brazil,257803
http://www.wikidata.org/entity/Q502199,  Hiratsuka ,http://www.wikidata.org/entity/Q17,Japan,257662
http://www.wikidata.org/entity/Q502199,HIRATSUKA,http://www.wikidata.org/entity/Q17,Japan,257662
http://www.wikidata.org/entity/Q694822,gravataí,http://www.wikidata.org/entity/Q155,Brazil,257428
http://www.wikidata.org/entity/Q45942,Annaba,http://www.wikidata.org/entity/Q262,Algeria,257359
http://www.wikidata.org/entity/Q45942,Annaba,http://www.wikidata.org/entity/Q262,Algeria,257359
http://www.wikidata.org/entity/Q732905,Viamão,http://www.wikidata.org/entity/Q155,Brazil,
http://www.wikidata.org/entity/Q49273,  Lubbock ,http://www.wikidata.org/entity/Q30,United States,257141
http://www.wikidata.org/entity/Q49273,Lubbock,http://www.wikidata.org/entity/Q30,United States,257141
http://www.wikidata.org/entity/Q509818,Marabá,http://www.wikidata.org/entity/Q155,Brazil,257062
http://www.wikidata.org/entity/Q200166,Kitchener,http://www.wikidata.org/entity/Q16,Canada,256885
http://www.wikidata.org/entity/Q200166,Kitchener.,http://www.wikidata.org/entity/Q16,Canada,256885
http://www.wikidata.org/entity/Q47034,Espoo,http://www.wikidata.org/entity/Q33,Finland,256824
http://www.wikidata.org/entity/Q157260,  Horlivka ,http://www.wikidata.org/entity/Q212,Ukraine,256714
http://www.wikidata.org/entity/Q51690,IRVING,http://www.wikidata.org/entity/Q30,United States,256684
http://www.wikidata.org/entity/Q51690,irving,http://www.wikidata.org/entity/Q30,United States,256684
http://www.wikidata.org/entity/Q732905,Viamão,http://www.wikidata.org/entity/Q155, Brazil ,256302
http://www.wikidata.org/entity/Q616650,Indaiatuba,http://www.wikidata.org/entity/Q155,Brazil,256223
http://www.wikidata.org/entity/Q37701,Bloemfontein,http://www.wikidata.org/entity/Q258,South Africa,256185
http://www.wikidata.org/entity/Q37701,  Bloemfontein ,http://www.wikidata.org/entity/Q258,South Africa,256185
http://www.wikidata.org/entity/Q37701,Bloemfontein,http://www.wikidata.org/entity/Q258,South Africa,256185
http://www.wikidata.org/entity/Q753044,Juazeiro,http://www.wikidata.org/entity/Q155,Brazil,256122
http://www.wikidata.org/entity/Q768864,Nonthaburi,http://www.wikidata.org/entity/Q869,Thailand,255671
http://www.wikidata.org/entity/Q768864,Nonthaburi.,http://www.wikidata.org/entity/Q869,Thailand,255671
http://www.wikidata.org/entity/Q694822,Gravataí,http://www.wikidata.org/entity/Q155,Brazil,255660
http://www.wikidata.org/entity/Q2028,  Verona ,http://www.wikidata.org/entity/Q38,Italy,255588
http://www.wikidata.org/entity/Q2028,VERONA,http://www.wikidata.org/entity/Q38,Italy,255588
http://www.wikidata.org/entity/Q2028,verona,http://www.wikidata.org/entity/Q38,Italy,255588
http://www.wikidata.org/entity/Q983884,Várzea Grande,http://www.wikidata.org/entity/Q155,Brazil,255448
http://www.wikidata.org/entity/Q43475,Derby,http://www.wikidata.org/entity/Q145,United Kingdom,255394
http://www.wikidata.org/entity/Q43475,Derby,http://www.wikidata.org/entity/Q145,United Kingdom,255394
http://www.wikidata.org/entity/Q40840,  Tampere ,http://www.wikidata.org/entity/Q33,Finland,255333
http://www.wikidata.org/entity/Q1136204,Camaçari,http://www.wikidata.org/entity/Q155,Brazil,255238
http://www.wikidata.org/entity/Q732905,Viamão,http://www.wikidata.org/entity/Q155,Brazil,255224
http://www.wikidata.org/entity/Q16868,Laredo,http://www.wikidata.org/entity/Q30,United States,255205
http://www.wikidata.org/entity/Q16868,Laredo.,http://www.wikidata.org/entity/Q30,United States,255205
http://www.wikidata.org/entity/Q16868,Laredo,http://www.wikidata.org/entity/Q30,United States,255205
http://www.wikidata.org/entity/Q846502,  Kuala Terengganu ,http://www.wikidata.org/entity/Q833,Malaysia,255109
http://www.wikidata.org/entity/Q846502,KUALA TERENGGANU,http://www.wikidata.org/entity/Q833,Malaysia,255109 
http://www.wikidata.org/entity/Q846502,kuala terengganu,http://www.wikidata.org/entity/Q833,Malaysia,
http://www.wikidata.org/entity/Q80349557,Xixón City,http://www.wikidata.org/entity/Q29,Spain,255070
http://www.wikidata.org/entity/Q80349557,Xixón City,http://www.wikidata.org/entity/Q29,Spain,255070
http://www.wikidata.org/entity/Q221914,Moçâmedes,http://www.wikidata.org/entity/Q916,Angola,255000
http://www.wikidata.org/entity/Q431533,  Chingola ,http://www.wikidata.org/entity/Q953,Zambia,255000
http://www.wikidata.org/entity/Q221914,Moçâmedes,http://www.wikidata.org/entity/Q916,Angola,255000
http://www.wikidata.org/entity/Q431533,Chingola,http://www.wikidata.org/entity/Q953,Zambia,255000
http://www.wikidata.org/entity/Q3544,Tambov,http://www.wikidata.org/entity/Q159,Russia,254940
http://www.wikidata.org/entity/Q997084,Turmero.,http://www.wikidata.org/entity/Q717,Venezuela,254880
http://www.wikidata.org/entity/Q997084,Turmero,http://www.wikidata.org/entity/Q717,Venezuela,254880
http://www.wikidata.org/entity/Q207309,  Tokushima ,http://www.wikidata.org/entity/Q17,Japan,254510
http://www.wikidata.org/entity/Q207309,TOKUSHIMA,http://www.wikidata.org/entity/Q17,Japan,254510
http://www.wikidata.org/entity/Q194338,são carlos,http://www.wikidata.org/entity/Q155,Brazil,254484
http://www.wikidata.org/entity/Q753044,Juazeiro,http://www.wikidata.org/entity/Q155,Brazil,254481
http://www.wikidata.org/entity/Q2576041,Tuni,http://www.wikidata.org/entity/Q668,India,254425
http://www.wikidata.org/entity/Q732905,Viamão,http://www.wikidata.org/entity/Q155,Brazil,254101
http://www.wikidata.org/entity/Q732905,  Viamão ,http://www.wikidata.org/entity/Q155,Brazil,253717
http://www.wikidata.org/entity/Q173849,São José,http://www.wikidata.org/entity/Q155, Brazil ,253705
